TimeQuest Timing Analyzer report for 3DES
Sun Apr 12 14:00:19 2026
Quartus II 64-Bit Version 13.0.1 Build 232 06/12/2013 Service Pack 1 SJ Web Edition


---------------------
; Table of Contents ;
---------------------
  1. Legal Notice
  2. TimeQuest Timing Analyzer Summary
  3. Parallel Compilation
  4. Clocks
  5. Slow Model Fmax Summary
  6. Slow Model Setup Summary
  7. Slow Model Hold Summary
  8. Slow Model Recovery Summary
  9. Slow Model Removal Summary
 10. Slow Model Minimum Pulse Width Summary
 11. Slow Model Setup: 'clk'
 12. Slow Model Hold: 'clk'
 13. Slow Model Recovery: 'clk'
 14. Slow Model Removal: 'clk'
 15. Slow Model Minimum Pulse Width: 'clk'
 16. Setup Times
 17. Hold Times
 18. Clock to Output Times
 19. Minimum Clock to Output Times
 20. Fast Model Setup Summary
 21. Fast Model Hold Summary
 22. Fast Model Recovery Summary
 23. Fast Model Removal Summary
 24. Fast Model Minimum Pulse Width Summary
 25. Fast Model Setup: 'clk'
 26. Fast Model Hold: 'clk'
 27. Fast Model Recovery: 'clk'
 28. Fast Model Removal: 'clk'
 29. Fast Model Minimum Pulse Width: 'clk'
 30. Setup Times
 31. Hold Times
 32. Clock to Output Times
 33. Minimum Clock to Output Times
 34. Multicorner Timing Analysis Summary
 35. Setup Times
 36. Hold Times
 37. Clock to Output Times
 38. Minimum Clock to Output Times
 39. Setup Transfers
 40. Hold Transfers
 41. Recovery Transfers
 42. Removal Transfers
 43. Report TCCS
 44. Report RSKM
 45. Unconstrained Paths
 46. TimeQuest Timing Analyzer Messages



----------------
; Legal Notice ;
----------------
Copyright (C) 1991-2013 Altera Corporation
Your use of Altera Corporation's design tools, logic functions 
and other software and tools, and its AMPP partner logic 
functions, and any output files from any of the foregoing 
(including device programming or simulation files), and any 
associated documentation or information are expressly subject 
to the terms and conditions of the Altera Program License 
Subscription Agreement, Altera MegaCore Function License 
Agreement, or other applicable license agreement, including, 
without limitation, that your use is for the sole purpose of 
programming logic devices manufactured by Altera and sold by 
Altera or its authorized distributors.  Please refer to the 
applicable agreement for further details.



+----------------------------------------------------------------------------------------+
; TimeQuest Timing Analyzer Summary                                                      ;
+--------------------+-------------------------------------------------------------------+
; Quartus II Version ; Version 13.0.1 Build 232 06/12/2013 Service Pack 1 SJ Web Edition ;
; Revision Name      ; 3DES                                                              ;
; Device Family      ; Cyclone II                                                        ;
; Device Name        ; EP2C35F672C6                                                      ;
; Timing Models      ; Final                                                             ;
; Delay Model        ; Combined                                                          ;
; Rise/Fall Delays   ; Unavailable                                                       ;
+--------------------+-------------------------------------------------------------------+


+------------------------------------------+
; Parallel Compilation                     ;
+----------------------------+-------------+
; Processors                 ; Number      ;
+----------------------------+-------------+
; Number detected on machine ; 8           ;
; Maximum allowed            ; 4           ;
;                            ;             ;
; Average used               ; 1.00        ;
; Maximum used               ; 2           ;
;                            ;             ;
; Usage by Processor         ; % Time Used ;
;     Processor 1            ; 100.0%      ;
;     Processor 2            ; < 0.1%      ;
;     Processors 3-8         ;   0.0%      ;
+----------------------------+-------------+


+---------------------------------------------------------------------------------------------------------------------------------------------------------------------------------+
; Clocks                                                                                                                                                                          ;
+------------+------+--------+------------+-------+-------+------------+-----------+-------------+-------+--------+-----------+------------+----------+--------+--------+---------+
; Clock Name ; Type ; Period ; Frequency  ; Rise  ; Fall  ; Duty Cycle ; Divide by ; Multiply by ; Phase ; Offset ; Edge List ; Edge Shift ; Inverted ; Master ; Source ; Targets ;
+------------+------+--------+------------+-------+-------+------------+-----------+-------------+-------+--------+-----------+------------+----------+--------+--------+---------+
; clk        ; Base ; 1.000  ; 1000.0 MHz ; 0.000 ; 0.500 ;            ;           ;             ;       ;        ;           ;            ;          ;        ;        ; { clk } ;
+------------+------+--------+------------+-------+-------+------------+-----------+-------------+-------+--------+-----------+------------+----------+--------+--------+---------+


+--------------------------------------------------+
; Slow Model Fmax Summary                          ;
+------------+-----------------+------------+------+
; Fmax       ; Restricted Fmax ; Clock Name ; Note ;
+------------+-----------------+------------+------+
; 202.68 MHz ; 202.68 MHz      ; clk        ;      ;
+------------+-----------------+------------+------+
This panel reports FMAX for every clock in the design, regardless of the user-specified clock periods.  FMAX is only computed for paths where the source and destination registers or ports are driven by the same clock.  Paths of different clocks, including generated clocks, are ignored.  For paths between a clock and its inversion, FMAX is computed as if the rising and falling edges are scaled along with FMAX, such that the duty cycle (in terms of a percentage) is maintained. Altera recommends that you always use clock constraints and other slack reports for sign-off analysis.


+--------------------------------+
; Slow Model Setup Summary       ;
+-------+--------+---------------+
; Clock ; Slack  ; End Point TNS ;
+-------+--------+---------------+
; clk   ; -3.934 ; -5811.788     ;
+-------+--------+---------------+


+-------------------------------+
; Slow Model Hold Summary       ;
+-------+-------+---------------+
; Clock ; Slack ; End Point TNS ;
+-------+-------+---------------+
; clk   ; 0.391 ; 0.000         ;
+-------+-------+---------------+


+--------------------------------+
; Slow Model Recovery Summary    ;
+-------+--------+---------------+
; Clock ; Slack  ; End Point TNS ;
+-------+--------+---------------+
; clk   ; -2.135 ; -273.280      ;
+-------+--------+---------------+


+-------------------------------+
; Slow Model Removal Summary    ;
+-------+-------+---------------+
; Clock ; Slack ; End Point TNS ;
+-------+-------+---------------+
; clk   ; 2.866 ; 0.000         ;
+-------+-------+---------------+


+----------------------------------------+
; Slow Model Minimum Pulse Width Summary ;
+-------+--------+-----------------------+
; Clock ; Slack  ; End Point TNS         ;
+-------+--------+-----------------------+
; clk   ; -1.627 ; -4434.980             ;
+-------+--------+-----------------------+


+--------------------------------------------------------------------------------------------------------------------------------------------------------------------------------------------------------------------------------------------------------------------------------------------------------------------------------------------------+
; Slow Model Setup: 'clk'                                                                                                                                                                                                                                                                                                                          ;
+--------+------------------------------------------------------------------------------------------------------------------------+------------------------------------------------------------------------------------------------------------------------------------------+--------------+-------------+--------------+------------+------------+
; Slack  ; From Node                                                                                                              ; To Node                                                                                                                                  ; Launch Clock ; Latch Clock ; Relationship ; Clock Skew ; Data Delay ;
+--------+------------------------------------------------------------------------------------------------------------------------+------------------------------------------------------------------------------------------------------------------------------------------+--------------+-------------+--------------+------------+------------+
; -3.934 ; feistel_algo:encrypt1|R[15][15]                                                                                        ; feistel_algo:decrypt2|altshift_taps:L16_rtl_0|shift_taps_ghm:auto_generated|altsyncram_n761:altsyncram4|ram_block7a1~porta_datain_reg35  ; clk          ; clk         ; 1.000        ; 0.038      ; 4.937      ;
; -3.871 ; feistel_algo:encrypt1|R[15][13]                                                                                        ; feistel_algo:decrypt2|altshift_taps:L16_rtl_0|shift_taps_ghm:auto_generated|altsyncram_n761:altsyncram4|ram_block7a1~porta_datain_reg35  ; clk          ; clk         ; 1.000        ; 0.036      ; 4.872      ;
; -3.813 ; feistel_algo:encrypt1|R[15][16]                                                                                        ; feistel_algo:decrypt2|altshift_taps:L16_rtl_0|shift_taps_ghm:auto_generated|altsyncram_n761:altsyncram4|ram_block7a1~porta_datain_reg35  ; clk          ; clk         ; 1.000        ; 0.039      ; 4.817      ;
; -3.803 ; feistel_algo:decrypt2|R[15][15]                                                                                        ; feistel_algo:decrypt2|altshift_taps:L16_rtl_0|shift_taps_ghm:auto_generated|altsyncram_n761:altsyncram4|ram_block7a1~porta_datain_reg13  ; clk          ; clk         ; 1.000        ; 0.061      ; 4.829      ;
; -3.788 ; feistel_algo:decrypt2|R[15][4]                                                                                         ; feistel_algo:decrypt2|altshift_taps:L16_rtl_0|shift_taps_ghm:auto_generated|altsyncram_n761:altsyncram4|ram_block7a0~porta_datain_reg22  ; clk          ; clk         ; 1.000        ; 0.066      ; 4.819      ;
; -3.739 ; feistel_algo:encrypt1|R[15][23]                                                                                        ; feistel_algo:decrypt2|altshift_taps:L16_rtl_0|shift_taps_ghm:auto_generated|altsyncram_n761:altsyncram4|ram_block7a64~porta_datain_reg33 ; clk          ; clk         ; 1.000        ; 0.046      ; 4.750      ;
; -3.711 ; feistel_algo:encrypt1|R[15][23]                                                                                        ; feistel_algo:decrypt2|altshift_taps:L16_rtl_0|shift_taps_ghm:auto_generated|altsyncram_n761:altsyncram4|ram_block7a66~porta_datain_reg19 ; clk          ; clk         ; 1.000        ; 0.049      ; 4.725      ;
; -3.693 ; feistel_algo:encrypt1|R[15][11]                                                                                        ; feistel_algo:decrypt2|altshift_taps:L16_rtl_0|shift_taps_ghm:auto_generated|altsyncram_n761:altsyncram4|ram_block7a1~porta_datain_reg35  ; clk          ; clk         ; 1.000        ; 0.041      ; 4.699      ;
; -3.685 ; feistel_algo:encrypt1|R[15][21]                                                                                        ; feistel_algo:decrypt2|altshift_taps:L16_rtl_0|shift_taps_ghm:auto_generated|altsyncram_n761:altsyncram4|ram_block7a64~porta_datain_reg33 ; clk          ; clk         ; 1.000        ; 0.052      ; 4.702      ;
; -3.680 ; feistel_algo:decrypt2|R[15][3]                                                                                         ; feistel_algo:decrypt2|altshift_taps:L16_rtl_0|shift_taps_ghm:auto_generated|altsyncram_n761:altsyncram4|ram_block7a0~porta_datain_reg22  ; clk          ; clk         ; 1.000        ; 0.078      ; 4.723      ;
; -3.674 ; feistel_algo:encrypt1|R[15][0]                                                                                         ; feistel_algo:decrypt2|altshift_taps:L16_rtl_0|shift_taps_ghm:auto_generated|altsyncram_n761:altsyncram4|ram_block7a66~porta_datain_reg10 ; clk          ; clk         ; 1.000        ; 0.055      ; 4.694      ;
; -3.667 ; feistel_algo:encrypt1|R[15][21]                                                                                        ; feistel_algo:decrypt2|altshift_taps:L16_rtl_0|shift_taps_ghm:auto_generated|altsyncram_n761:altsyncram4|ram_block7a66~porta_datain_reg19 ; clk          ; clk         ; 1.000        ; 0.055      ; 4.687      ;
; -3.664 ; feistel_algo:decrypt2|R[15][19]                                                                                        ; feistel_algo:decrypt2|altshift_taps:L16_rtl_0|shift_taps_ghm:auto_generated|altsyncram_n761:altsyncram4|ram_block7a1~porta_datain_reg13  ; clk          ; clk         ; 1.000        ; 0.071      ; 4.700      ;
; -3.661 ; feistel_algo:encrypt1|R[15][20]                                                                                        ; feistel_algo:decrypt2|altshift_taps:L16_rtl_0|shift_taps_ghm:auto_generated|altsyncram_n761:altsyncram4|ram_block7a64~porta_datain_reg33 ; clk          ; clk         ; 1.000        ; 0.053      ; 4.679      ;
; -3.647 ; feistel_algo:encrypt1|R[15][25]                                                                                        ; feistel_algo:decrypt2|altshift_taps:L16_rtl_0|shift_taps_ghm:auto_generated|altsyncram_n761:altsyncram4|ram_block7a66~porta_datain_reg3  ; clk          ; clk         ; 1.000        ; 0.061      ; 4.673      ;
; -3.643 ; feistel_algo:encrypt1|R[14][5]                                                                                         ; feistel_algo:encrypt1|R[15][10]                                                                                                          ; clk          ; clk         ; 1.000        ; -0.010     ; 4.669      ;
; -3.633 ; feistel_algo:encrypt1|R[15][20]                                                                                        ; feistel_algo:decrypt2|altshift_taps:L16_rtl_0|shift_taps_ghm:auto_generated|altsyncram_n761:altsyncram4|ram_block7a66~porta_datain_reg19 ; clk          ; clk         ; 1.000        ; 0.056      ; 4.654      ;
; -3.625 ; feistel_algo:decrypt2|R[15][31]                                                                                        ; feistel_algo:decrypt2|altshift_taps:L16_rtl_0|shift_taps_ghm:auto_generated|altsyncram_n761:altsyncram4|ram_block7a0~porta_datain_reg22  ; clk          ; clk         ; 1.000        ; 0.062      ; 4.652      ;
; -3.623 ; feistel_algo:decrypt2|R[15][4]                                                                                         ; feistel_algo:decrypt2|altshift_taps:L16_rtl_0|shift_taps_ghm:auto_generated|altsyncram_n761:altsyncram4|ram_block7a1~porta_datain_reg7   ; clk          ; clk         ; 1.000        ; 0.072      ; 4.660      ;
; -3.620 ; feistel_algo:decrypt2|R[15][15]                                                                                        ; feistel_algo:decrypt2|altshift_taps:L16_rtl_0|shift_taps_ghm:auto_generated|altsyncram_n761:altsyncram4|ram_block7a1~porta_datain_reg5   ; clk          ; clk         ; 1.000        ; 0.061      ; 4.646      ;
; -3.612 ; feistel_algo:encrypt1|R[15][0]                                                                                         ; feistel_algo:decrypt2|altshift_taps:L16_rtl_0|shift_taps_ghm:auto_generated|altsyncram_n761:altsyncram4|ram_block7a64~porta_datain_reg27 ; clk          ; clk         ; 1.000        ; 0.052      ; 4.629      ;
; -3.609 ; feistel_algo:decrypt2|R[15][3]                                                                                         ; feistel_algo:decrypt2|altshift_taps:L16_rtl_0|shift_taps_ghm:auto_generated|altsyncram_n761:altsyncram4|ram_block7a0~porta_datain_reg19  ; clk          ; clk         ; 1.000        ; 0.078      ; 4.652      ;
; -3.609 ; feistel_algo:decrypt2|R[15][0]                                                                                         ; feistel_algo:decrypt2|altshift_taps:L16_rtl_0|shift_taps_ghm:auto_generated|altsyncram_n761:altsyncram4|ram_block7a1~porta_datain_reg23  ; clk          ; clk         ; 1.000        ; 0.067      ; 4.641      ;
; -3.603 ; feistel_algo:decrypt2|R[15][8]                                                                                         ; feistel_algo:decrypt2|altshift_taps:L16_rtl_0|shift_taps_ghm:auto_generated|altsyncram_n761:altsyncram4|ram_block7a1~porta_datain_reg15  ; clk          ; clk         ; 1.000        ; 0.075      ; 4.643      ;
; -3.595 ; feistel_algo:decrypt2|R[15][3]                                                                                         ; feistel_algo:decrypt2|altshift_taps:L16_rtl_0|shift_taps_ghm:auto_generated|altsyncram_n761:altsyncram4|ram_block7a1~porta_datain_reg23  ; clk          ; clk         ; 1.000        ; 0.084      ; 4.644      ;
; -3.587 ; feistel_algo:encrypt1|R[15][28]                                                                                        ; feistel_algo:decrypt2|altshift_taps:L16_rtl_0|shift_taps_ghm:auto_generated|altsyncram_n761:altsyncram4|ram_block7a66~porta_datain_reg0  ; clk          ; clk         ; 1.000        ; 0.058      ; 4.610      ;
; -3.566 ; feistel_algo:decrypt2|R[15][30]                                                                                        ; feistel_algo:decrypt2|altshift_taps:L16_rtl_0|shift_taps_ghm:auto_generated|altsyncram_n761:altsyncram4|ram_block7a1~porta_datain_reg21  ; clk          ; clk         ; 1.000        ; 0.072      ; 4.603      ;
; -3.564 ; feistel_algo:encrypt1|R[15][19]                                                                                        ; feistel_algo:decrypt2|altshift_taps:L16_rtl_0|shift_taps_ghm:auto_generated|altsyncram_n761:altsyncram4|ram_block7a64~porta_datain_reg6  ; clk          ; clk         ; 1.000        ; 0.046      ; 4.575      ;
; -3.552 ; feistel_algo:encrypt1|R[15][23]                                                                                        ; feistel_algo:decrypt2|altshift_taps:L16_rtl_0|shift_taps_ghm:auto_generated|altsyncram_n761:altsyncram4|ram_block7a64~porta_datain_reg23 ; clk          ; clk         ; 1.000        ; 0.046      ; 4.563      ;
; -3.551 ; feistel_algo:encrypt1|R[15][23]                                                                                        ; feistel_algo:decrypt2|altshift_taps:L16_rtl_0|shift_taps_ghm:auto_generated|altsyncram_n761:altsyncram4|ram_block7a66~porta_datain_reg14 ; clk          ; clk         ; 1.000        ; 0.049      ; 4.565      ;
; -3.548 ; feistel_algo:encrypt1|R[15][30]                                                                                        ; feistel_algo:decrypt2|altshift_taps:L16_rtl_0|shift_taps_ghm:auto_generated|altsyncram_n761:altsyncram4|ram_block7a64~porta_datain_reg27 ; clk          ; clk         ; 1.000        ; 0.046      ; 4.559      ;
; -3.545 ; feistel_algo:encrypt1|R[15][25]                                                                                        ; feistel_algo:decrypt2|altshift_taps:L16_rtl_0|shift_taps_ghm:auto_generated|altsyncram_n761:altsyncram4|ram_block7a64~porta_datain_reg20 ; clk          ; clk         ; 1.000        ; 0.058      ; 4.568      ;
; -3.537 ; feistel_algo:decrypt2|R[15][4]                                                                                         ; feistel_algo:decrypt2|altshift_taps:L16_rtl_0|shift_taps_ghm:auto_generated|altsyncram_n761:altsyncram4|ram_block7a0~porta_datain_reg32  ; clk          ; clk         ; 1.000        ; 0.066      ; 4.568      ;
; -3.535 ; feistel_algo:decrypt2|R[15][17]                                                                                        ; feistel_algo:decrypt2|altshift_taps:L16_rtl_0|shift_taps_ghm:auto_generated|altsyncram_n761:altsyncram4|ram_block7a1~porta_datain_reg13  ; clk          ; clk         ; 1.000        ; 0.062      ; 4.562      ;
; -3.532 ; feistel_algo:encrypt1|R[15][31]                                                                                        ; feistel_algo:decrypt2|altshift_taps:L16_rtl_0|shift_taps_ghm:auto_generated|altsyncram_n761:altsyncram4|ram_block7a66~porta_datain_reg10 ; clk          ; clk         ; 1.000        ; 0.059      ; 4.556      ;
; -3.526 ; feistel_algo:decrypt2|R[15][15]                                                                                        ; feistel_algo:decrypt2|altshift_taps:L16_rtl_0|shift_taps_ghm:auto_generated|altsyncram_n761:altsyncram4|ram_block7a1~porta_datain_reg3   ; clk          ; clk         ; 1.000        ; 0.061      ; 4.552      ;
; -3.523 ; feistel_algo:encrypt1|R[15][28]                                                                                        ; feistel_algo:decrypt2|altshift_taps:L16_rtl_0|shift_taps_ghm:auto_generated|altsyncram_n761:altsyncram4|ram_block7a64~porta_datain_reg20 ; clk          ; clk         ; 1.000        ; 0.055      ; 4.543      ;
; -3.520 ; feistel_algo:encrypt1|R[15][24]                                                                                        ; feistel_algo:decrypt2|altshift_taps:L16_rtl_0|shift_taps_ghm:auto_generated|altsyncram_n761:altsyncram4|ram_block7a64~porta_datain_reg23 ; clk          ; clk         ; 1.000        ; 0.052      ; 4.537      ;
; -3.518 ; feistel_algo:encrypt1|R[15][24]                                                                                        ; feistel_algo:decrypt2|altshift_taps:L16_rtl_0|shift_taps_ghm:auto_generated|altsyncram_n761:altsyncram4|ram_block7a66~porta_datain_reg14 ; clk          ; clk         ; 1.000        ; 0.055      ; 4.538      ;
; -3.516 ; feistel_algo:encrypt1|R[14][9]                                                                                         ; feistel_algo:encrypt1|R[15][13]                                                                                                          ; clk          ; clk         ; 1.000        ; 0.010      ; 4.562      ;
; -3.515 ; feistel_algo:encrypt1|R[15][12]                                                                                        ; feistel_algo:decrypt2|altshift_taps:L16_rtl_0|shift_taps_ghm:auto_generated|altsyncram_n761:altsyncram4|ram_block7a1~porta_datain_reg35  ; clk          ; clk         ; 1.000        ; 0.044      ; 4.524      ;
; -3.513 ; feistel_algo:encrypt1|R[15][20]                                                                                        ; feistel_algo:decrypt2|altshift_taps:L16_rtl_0|shift_taps_ghm:auto_generated|altsyncram_n761:altsyncram4|ram_block7a66~porta_datain_reg1  ; clk          ; clk         ; 1.000        ; 0.056      ; 4.534      ;
; -3.512 ; feistel_algo:encrypt1|R[15][6]                                                                                         ; feistel_algo:decrypt2|altshift_taps:L16_rtl_0|shift_taps_ghm:auto_generated|altsyncram_n761:altsyncram4|ram_block7a64~porta_datain_reg15 ; clk          ; clk         ; 1.000        ; 0.056      ; 4.533      ;
; -3.500 ; feistel_algo:encrypt1|R[15][28]                                                                                        ; feistel_algo:decrypt2|altshift_taps:L16_rtl_0|shift_taps_ghm:auto_generated|altsyncram_n761:altsyncram4|ram_block7a64~porta_datain_reg27 ; clk          ; clk         ; 1.000        ; 0.055      ; 4.520      ;
; -3.496 ; feistel_algo:decrypt2|R[15][0]                                                                                         ; feistel_algo:decrypt2|altshift_taps:L16_rtl_0|shift_taps_ghm:auto_generated|altsyncram_n761:altsyncram4|ram_block7a0~porta_datain_reg22  ; clk          ; clk         ; 1.000        ; 0.061      ; 4.522      ;
; -3.493 ; feistel_algo:encrypt1|R[15][15]                                                                                        ; feistel_algo:decrypt2|altshift_taps:L16_rtl_0|shift_taps_ghm:auto_generated|altsyncram_n761:altsyncram4|ram_block7a64~porta_datain_reg4  ; clk          ; clk         ; 1.000        ; 0.052      ; 4.510      ;
; -3.492 ; feistel_algo:encrypt1|R[15][29]                                                                                        ; feistel_algo:decrypt2|altshift_taps:L16_rtl_0|shift_taps_ghm:auto_generated|altsyncram_n761:altsyncram4|ram_block7a64~porta_datain_reg2  ; clk          ; clk         ; 1.000        ; 0.057      ; 4.514      ;
; -3.491 ; feistel_algo:encrypt1|R[15][24]                                                                                        ; feistel_algo:decrypt2|altshift_taps:L16_rtl_0|shift_taps_ghm:auto_generated|altsyncram_n761:altsyncram4|ram_block7a64~porta_datain_reg20 ; clk          ; clk         ; 1.000        ; 0.052      ; 4.508      ;
; -3.489 ; feistel_algo:encrypt1|R[15][19]                                                                                        ; feistel_algo:decrypt2|altshift_taps:L16_rtl_0|shift_taps_ghm:auto_generated|altsyncram_n761:altsyncram4|ram_block7a64~porta_datain_reg4  ; clk          ; clk         ; 1.000        ; 0.046      ; 4.500      ;
; -3.484 ; feistel_algo:encrypt1|R[15][28]                                                                                        ; feistel_algo:decrypt2|altshift_taps:L16_rtl_0|shift_taps_ghm:auto_generated|altsyncram_n761:altsyncram4|ram_block7a66~porta_datain_reg16 ; clk          ; clk         ; 1.000        ; 0.058      ; 4.507      ;
; -3.481 ; feistel_algo:encrypt1|R[15][9]                                                                                         ; feistel_algo:decrypt2|altshift_taps:L16_rtl_0|shift_taps_ghm:auto_generated|altsyncram_n761:altsyncram4|ram_block7a66~porta_datain_reg8  ; clk          ; clk         ; 1.000        ; 0.057      ; 4.503      ;
; -3.475 ; feistel_algo:decrypt2|R[15][24]                                                                                        ; feistel_algo:decrypt2|altshift_taps:L16_rtl_0|shift_taps_ghm:auto_generated|altsyncram_n761:altsyncram4|ram_block7a1~porta_datain_reg17  ; clk          ; clk         ; 1.000        ; 0.077      ; 4.517      ;
; -3.475 ; feistel_algo:encrypt1|R[15][24]                                                                                        ; feistel_algo:decrypt2|altshift_taps:L16_rtl_0|shift_taps_ghm:auto_generated|altsyncram_n761:altsyncram4|ram_block7a66~porta_datain_reg3  ; clk          ; clk         ; 1.000        ; 0.055      ; 4.495      ;
; -3.473 ; feistel_algo:encrypt1|R[15][28]                                                                                        ; feistel_algo:decrypt2|altshift_taps:L16_rtl_0|shift_taps_ghm:auto_generated|altsyncram_n761:altsyncram4|ram_block7a64~porta_datain_reg2  ; clk          ; clk         ; 1.000        ; 0.055      ; 4.493      ;
; -3.464 ; feistel_algo:encrypt1|R[15][28]                                                                                        ; feistel_algo:decrypt2|altshift_taps:L16_rtl_0|shift_taps_ghm:auto_generated|altsyncram_n761:altsyncram4|ram_block7a66~porta_datain_reg3  ; clk          ; clk         ; 1.000        ; 0.058      ; 4.487      ;
; -3.461 ; feistel_algo:encrypt1|R[15][19]                                                                                        ; feistel_algo:decrypt2|altshift_taps:L16_rtl_0|shift_taps_ghm:auto_generated|altsyncram_n761:altsyncram4|ram_block7a66~porta_datain_reg7  ; clk          ; clk         ; 1.000        ; 0.049      ; 4.475      ;
; -3.458 ; feistel_algo:decrypt2|R[15][19]                                                                                        ; feistel_algo:decrypt2|altshift_taps:L16_rtl_0|shift_taps_ghm:auto_generated|altsyncram_n761:altsyncram4|ram_block7a1~porta_datain_reg5   ; clk          ; clk         ; 1.000        ; 0.071      ; 4.494      ;
; -3.456 ; feistel_algo:decrypt2|altshift_taps:L16_rtl_0|shift_taps_ghm:auto_generated|altsyncram_n761:altsyncram4|ram_block7a125 ; feistel_algo:decrypt2|R[1][29]                                                                                                           ; clk          ; clk         ; 1.000        ; -0.019     ; 4.473      ;
; -3.454 ; feistel_algo:decrypt2|altshift_taps:L16_rtl_0|shift_taps_ghm:auto_generated|altsyncram_n761:altsyncram4|ram_block7a67  ; feistel_algo:decrypt2|R[1][22]                                                                                                           ; clk          ; clk         ; 1.000        ; -0.037     ; 4.453      ;
; -3.450 ; feistel_algo:decrypt2|R[15][8]                                                                                         ; feistel_algo:decrypt2|altshift_taps:L16_rtl_0|shift_taps_ghm:auto_generated|altsyncram_n761:altsyncram4|ram_block7a0~porta_datain_reg32  ; clk          ; clk         ; 1.000        ; 0.069      ; 4.484      ;
; -3.449 ; feistel_algo:encrypt1|R[9][24]                                                                                         ; feistel_algo:encrypt1|R[10][14]                                                                                                          ; clk          ; clk         ; 1.000        ; -0.016     ; 4.469      ;
; -3.448 ; feistel_algo:decrypt2|R[15][27]                                                                                        ; feistel_algo:decrypt2|altshift_taps:L16_rtl_0|shift_taps_ghm:auto_generated|altsyncram_n761:altsyncram4|ram_block7a1~porta_datain_reg1   ; clk          ; clk         ; 1.000        ; 0.067      ; 4.480      ;
; -3.447 ; feistel_algo:encrypt1|R[15][17]                                                                                        ; feistel_algo:decrypt2|altshift_taps:L16_rtl_0|shift_taps_ghm:auto_generated|altsyncram_n761:altsyncram4|ram_block7a64~porta_datain_reg4  ; clk          ; clk         ; 1.000        ; 0.056      ; 4.468      ;
; -3.445 ; feistel_algo:encrypt1|R[15][15]                                                                                        ; feistel_algo:decrypt2|altshift_taps:L16_rtl_0|shift_taps_ghm:auto_generated|altsyncram_n761:altsyncram4|ram_block7a66~porta_datain_reg1  ; clk          ; clk         ; 1.000        ; 0.055      ; 4.465      ;
; -3.445 ; feistel_algo:encrypt1|R[15][19]                                                                                        ; feistel_algo:decrypt2|altshift_taps:L16_rtl_0|shift_taps_ghm:auto_generated|altsyncram_n761:altsyncram4|ram_block7a66~porta_datain_reg1  ; clk          ; clk         ; 1.000        ; 0.049      ; 4.459      ;
; -3.444 ; feistel_algo:decrypt2|R[15][15]                                                                                        ; feistel_algo:decrypt2|altshift_taps:L16_rtl_0|shift_taps_ghm:auto_generated|altsyncram_n761:altsyncram4|ram_block7a0~porta_datain_reg4   ; clk          ; clk         ; 1.000        ; 0.055      ; 4.464      ;
; -3.444 ; feistel_algo:encrypt1|R[8][17]                                                                                         ; feistel_algo:encrypt1|R[9][12]                                                                                                           ; clk          ; clk         ; 1.000        ; -0.004     ; 4.476      ;
; -3.443 ; feistel_algo:decrypt2|R[15][24]                                                                                        ; feistel_algo:decrypt2|altshift_taps:L16_rtl_0|shift_taps_ghm:auto_generated|altsyncram_n761:altsyncram4|ram_block7a1~porta_datain_reg20  ; clk          ; clk         ; 1.000        ; 0.077      ; 4.485      ;
; -3.443 ; feistel_algo:encrypt1|R[15][3]                                                                                         ; feistel_algo:decrypt2|altshift_taps:L16_rtl_0|shift_taps_ghm:auto_generated|altsyncram_n761:altsyncram4|ram_block7a66~porta_datain_reg10 ; clk          ; clk         ; 1.000        ; 0.056      ; 4.464      ;
; -3.441 ; feistel_algo:encrypt1|R[15][16]                                                                                        ; feistel_algo:decrypt2|altshift_taps:L16_rtl_0|shift_taps_ghm:auto_generated|altsyncram_n761:altsyncram4|ram_block7a64~porta_datain_reg4  ; clk          ; clk         ; 1.000        ; 0.053      ; 4.459      ;
; -3.439 ; feistel_algo:encrypt1|R[15][23]                                                                                        ; feistel_algo:decrypt2|altshift_taps:L16_rtl_0|shift_taps_ghm:auto_generated|altsyncram_n761:altsyncram4|ram_block7a64~porta_datain_reg13 ; clk          ; clk         ; 1.000        ; 0.046      ; 4.450      ;
; -3.437 ; feistel_algo:encrypt1|R[15][5]                                                                                         ; feistel_algo:decrypt2|altshift_taps:L16_rtl_0|shift_taps_ghm:auto_generated|altsyncram_n761:altsyncram4|ram_block7a64~porta_datain_reg15 ; clk          ; clk         ; 1.000        ; 0.057      ; 4.459      ;
; -3.435 ; feistel_algo:decrypt2|altshift_taps:L16_rtl_0|shift_taps_ghm:auto_generated|altsyncram_n761:altsyncram4|ram_block7a67  ; feistel_algo:decrypt2|R[1][12]                                                                                                           ; clk          ; clk         ; 1.000        ; -0.037     ; 4.434      ;
; -3.434 ; feistel_algo:decrypt2|R[15][10]                                                                                        ; feistel_algo:decrypt2|altshift_taps:L16_rtl_0|shift_taps_ghm:auto_generated|altsyncram_n761:altsyncram4|ram_block7a1~porta_datain_reg15  ; clk          ; clk         ; 1.000        ; 0.083      ; 4.482      ;
; -3.432 ; feistel_algo:decrypt2|R[15][28]                                                                                        ; feistel_algo:decrypt2|altshift_taps:L16_rtl_0|shift_taps_ghm:auto_generated|altsyncram_n761:altsyncram4|ram_block7a1~porta_datain_reg22  ; clk          ; clk         ; 1.000        ; 0.066      ; 4.463      ;
; -3.429 ; feistel_algo:encrypt1|R[15][29]                                                                                        ; feistel_algo:decrypt2|altshift_taps:L16_rtl_0|shift_taps_ghm:auto_generated|altsyncram_n761:altsyncram4|ram_block7a66~porta_datain_reg0  ; clk          ; clk         ; 1.000        ; 0.060      ; 4.454      ;
; -3.428 ; feistel_algo:decrypt2|R[15][19]                                                                                        ; feistel_algo:decrypt2|altshift_taps:L16_rtl_0|shift_taps_ghm:auto_generated|altsyncram_n761:altsyncram4|ram_block7a1~porta_datain_reg17  ; clk          ; clk         ; 1.000        ; 0.071      ; 4.464      ;
; -3.427 ; feistel_algo:decrypt2|R[15][29]                                                                                        ; feistel_algo:decrypt2|altshift_taps:L16_rtl_0|shift_taps_ghm:auto_generated|altsyncram_n761:altsyncram4|ram_block7a1~porta_datain_reg2   ; clk          ; clk         ; 1.000        ; 0.068      ; 4.460      ;
; -3.426 ; feistel_algo:decrypt2|R[15][0]                                                                                         ; feistel_algo:decrypt2|altshift_taps:L16_rtl_0|shift_taps_ghm:auto_generated|altsyncram_n761:altsyncram4|ram_block7a0~porta_datain_reg19  ; clk          ; clk         ; 1.000        ; 0.061      ; 4.452      ;
; -3.425 ; feistel_algo:decrypt2|R[15][28]                                                                                        ; feistel_algo:decrypt2|altshift_taps:L16_rtl_0|shift_taps_ghm:auto_generated|altsyncram_n761:altsyncram4|ram_block7a1~porta_datain_reg21  ; clk          ; clk         ; 1.000        ; 0.066      ; 4.456      ;
; -3.424 ; feistel_algo:decrypt2|R[15][27]                                                                                        ; feistel_algo:decrypt2|altshift_taps:L16_rtl_0|shift_taps_ghm:auto_generated|altsyncram_n761:altsyncram4|ram_block7a1~porta_datain_reg22  ; clk          ; clk         ; 1.000        ; 0.067      ; 4.456      ;
; -3.422 ; feistel_algo:decrypt2|altshift_taps:L16_rtl_0|shift_taps_ghm:auto_generated|altsyncram_n761:altsyncram4|ram_block7a67  ; feistel_algo:decrypt2|R[1][31]                                                                                                           ; clk          ; clk         ; 1.000        ; -0.031     ; 4.427      ;
; -3.418 ; feistel_algo:decrypt2|R[15][8]                                                                                         ; feistel_algo:decrypt2|altshift_taps:L16_rtl_0|shift_taps_ghm:auto_generated|altsyncram_n761:altsyncram4|ram_block7a1~porta_datain_reg14  ; clk          ; clk         ; 1.000        ; 0.075      ; 4.458      ;
; -3.418 ; feistel_algo:encrypt1|R[14][10]                                                                                        ; feistel_algo:encrypt1|R[15][13]                                                                                                          ; clk          ; clk         ; 1.000        ; 0.010      ; 4.464      ;
; -3.416 ; feistel_algo:encrypt1|R[15][27]                                                                                        ; feistel_algo:decrypt2|altshift_taps:L16_rtl_0|shift_taps_ghm:auto_generated|altsyncram_n761:altsyncram4|ram_block7a64~porta_datain_reg20 ; clk          ; clk         ; 1.000        ; 0.051      ; 4.432      ;
; -3.416 ; feistel_algo:encrypt1|R[15][25]                                                                                        ; feistel_algo:decrypt2|altshift_taps:L16_rtl_0|shift_taps_ghm:auto_generated|altsyncram_n761:altsyncram4|ram_block7a64~porta_datain_reg13 ; clk          ; clk         ; 1.000        ; 0.058      ; 4.439      ;
; -3.415 ; feistel_algo:encrypt1|R[15][22]                                                                                        ; feistel_algo:decrypt2|altshift_taps:L16_rtl_0|shift_taps_ghm:auto_generated|altsyncram_n761:altsyncram4|ram_block7a64~porta_datain_reg33 ; clk          ; clk         ; 1.000        ; 0.056      ; 4.436      ;
; -3.415 ; feistel_algo:decrypt2|R[15][5]                                                                                         ; feistel_algo:decrypt2|altshift_taps:L16_rtl_0|shift_taps_ghm:auto_generated|altsyncram_n761:altsyncram4|ram_block7a1~porta_datain_reg14  ; clk          ; clk         ; 1.000        ; 0.075      ; 4.455      ;
; -3.414 ; feistel_algo:decrypt2|R[15][18]                                                                                        ; feistel_algo:decrypt2|altshift_taps:L16_rtl_0|shift_taps_ghm:auto_generated|altsyncram_n761:altsyncram4|ram_block7a1~porta_datain_reg13  ; clk          ; clk         ; 1.000        ; 0.061      ; 4.440      ;
; -3.414 ; feistel_algo:decrypt2|altshift_taps:L16_rtl_0|shift_taps_ghm:auto_generated|altsyncram_n761:altsyncram4|ram_block7a99  ; feistel_algo:decrypt2|R[1][29]                                                                                                           ; clk          ; clk         ; 1.000        ; -0.019     ; 4.431      ;
; -3.412 ; feistel_algo:encrypt1|R[15][14]                                                                                        ; feistel_algo:decrypt2|altshift_taps:L16_rtl_0|shift_taps_ghm:auto_generated|altsyncram_n761:altsyncram4|ram_block7a66~porta_datain_reg13 ; clk          ; clk         ; 1.000        ; 0.048      ; 4.425      ;
; -3.412 ; feistel_algo:decrypt2|R[15][4]                                                                                         ; feistel_algo:decrypt2|altshift_taps:L16_rtl_0|shift_taps_ghm:auto_generated|altsyncram_n761:altsyncram4|ram_block7a0~porta_datain_reg19  ; clk          ; clk         ; 1.000        ; 0.066      ; 4.443      ;
; -3.412 ; feistel_algo:decrypt2|R[15][0]                                                                                         ; feistel_algo:decrypt2|altshift_taps:L16_rtl_0|shift_taps_ghm:auto_generated|altsyncram_n761:altsyncram4|ram_block7a1~porta_datain_reg22  ; clk          ; clk         ; 1.000        ; 0.067      ; 4.444      ;
; -3.407 ; feistel_algo:encrypt1|R[15][6]                                                                                         ; feistel_algo:decrypt2|altshift_taps:L16_rtl_0|shift_taps_ghm:auto_generated|altsyncram_n761:altsyncram4|ram_block7a66~porta_datain_reg12 ; clk          ; clk         ; 1.000        ; 0.059      ; 4.431      ;
; -3.405 ; feistel_algo:encrypt1|R[8][17]                                                                                         ; feistel_algo:encrypt1|R[9][22]                                                                                                           ; clk          ; clk         ; 1.000        ; -0.004     ; 4.437      ;
; -3.404 ; feistel_algo:encrypt1|R[15][17]                                                                                        ; feistel_algo:decrypt2|altshift_taps:L16_rtl_0|shift_taps_ghm:auto_generated|altsyncram_n761:altsyncram4|ram_block7a66~porta_datain_reg1  ; clk          ; clk         ; 1.000        ; 0.059      ; 4.428      ;
; -3.403 ; feistel_algo:decrypt2|R[15][0]                                                                                         ; feistel_algo:decrypt2|altshift_taps:L16_rtl_0|shift_taps_ghm:auto_generated|altsyncram_n761:altsyncram4|ram_block7a1~porta_datain_reg21  ; clk          ; clk         ; 1.000        ; 0.067      ; 4.435      ;
; -3.401 ; feistel_algo:decrypt2|R[15][2]                                                                                         ; feistel_algo:decrypt2|altshift_taps:L16_rtl_0|shift_taps_ghm:auto_generated|altsyncram_n761:altsyncram4|ram_block7a1~porta_datain_reg7   ; clk          ; clk         ; 1.000        ; 0.067      ; 4.433      ;
; -3.400 ; feistel_algo:decrypt2|R[15][9]                                                                                         ; feistel_algo:decrypt2|altshift_taps:L16_rtl_0|shift_taps_ghm:auto_generated|altsyncram_n761:altsyncram4|ram_block7a1~porta_datain_reg8   ; clk          ; clk         ; 1.000        ; 0.062      ; 4.427      ;
; -3.400 ; feistel_algo:encrypt1|R[15][12]                                                                                        ; feistel_algo:decrypt2|altshift_taps:L16_rtl_0|shift_taps_ghm:auto_generated|altsyncram_n761:altsyncram4|ram_block7a64~porta_datain_reg18 ; clk          ; clk         ; 1.000        ; 0.058      ; 4.423      ;
+--------+------------------------------------------------------------------------------------------------------------------------+------------------------------------------------------------------------------------------------------------------------------------------+--------------+-------------+--------------+------------+------------+


+-------------------------------------------------------------------------------------------------------------------------------------------------------------------------------------------------------------------------------------------------------------------------------------------------------------+
; Slow Model Hold: 'clk'                                                                                                                                                                                                                                                                                      ;
+-------+---------------------------------------------------------------------------------------------------------------+---------------------------------------------------------------------------------------------------------------+--------------+-------------+--------------+------------+------------+
; Slack ; From Node                                                                                                     ; To Node                                                                                                       ; Launch Clock ; Latch Clock ; Relationship ; Clock Skew ; Data Delay ;
+-------+---------------------------------------------------------------------------------------------------------------+---------------------------------------------------------------------------------------------------------------+--------------+-------------+--------------+------------+------------+
; 0.391 ; feistel_algo:decrypt2|altshift_taps:L16_rtl_0|shift_taps_ghm:auto_generated|cntr_kkf:cntr1|current_reg_q_w[0] ; feistel_algo:decrypt2|altshift_taps:L16_rtl_0|shift_taps_ghm:auto_generated|cntr_kkf:cntr1|current_reg_q_w[0] ; clk          ; clk         ; 0.000        ; 0.000      ; 0.657      ;
; 0.391 ; feistel_algo:decrypt2|altshift_taps:L16_rtl_0|shift_taps_ghm:auto_generated|cntr_kkf:cntr1|current_reg_q_w[1] ; feistel_algo:decrypt2|altshift_taps:L16_rtl_0|shift_taps_ghm:auto_generated|cntr_kkf:cntr1|current_reg_q_w[1] ; clk          ; clk         ; 0.000        ; 0.000      ; 0.657      ;
; 0.512 ; feistel_algo:encrypt3|L16[10]                                                                                 ; feistel_algo:encrypt3|odata[43]                                                                               ; clk          ; clk         ; 0.000        ; 0.000      ; 0.778      ;
; 0.513 ; feistel_algo:encrypt3|V[16]                                                                                   ; feistel_algo:encrypt3|valid_out                                                                               ; clk          ; clk         ; 0.000        ; 0.000      ; 0.779      ;
; 0.515 ; feistel_algo:encrypt3|R16[27]                                                                                 ; feistel_algo:encrypt3|odata[38]                                                                               ; clk          ; clk         ; 0.000        ; 0.000      ; 0.781      ;
; 0.516 ; feistel_algo:encrypt3|L16[15]                                                                                 ; feistel_algo:encrypt3|odata[3]                                                                                ; clk          ; clk         ; 0.000        ; 0.000      ; 0.782      ;
; 0.516 ; feistel_algo:encrypt3|L16[18]                                                                                 ; feistel_algo:encrypt3|odata[45]                                                                               ; clk          ; clk         ; 0.000        ; 0.000      ; 0.782      ;
; 0.516 ; feistel_algo:decrypt2|V[12]                                                                                   ; feistel_algo:decrypt2|V[13]                                                                                   ; clk          ; clk         ; 0.000        ; 0.000      ; 0.782      ;
; 0.516 ; feistel_algo:encrypt3|V[10]                                                                                   ; feistel_algo:encrypt3|V[11]                                                                                   ; clk          ; clk         ; 0.000        ; 0.000      ; 0.782      ;
; 0.516 ; feistel_algo:encrypt3|V[13]                                                                                   ; feistel_algo:encrypt3|V[14]                                                                                   ; clk          ; clk         ; 0.000        ; 0.000      ; 0.782      ;
; 0.517 ; feistel_algo:encrypt3|L16[13]                                                                                 ; feistel_algo:encrypt3|odata[19]                                                                               ; clk          ; clk         ; 0.000        ; 0.000      ; 0.783      ;
; 0.517 ; feistel_algo:encrypt3|L16[28]                                                                                 ; feistel_algo:encrypt3|odata[31]                                                                               ; clk          ; clk         ; 0.000        ; 0.000      ; 0.783      ;
; 0.517 ; feistel_algo:encrypt3|L16[3]                                                                                  ; feistel_algo:encrypt3|odata[33]                                                                               ; clk          ; clk         ; 0.000        ; 0.000      ; 0.783      ;
; 0.517 ; feistel_algo:encrypt1|V[1]                                                                                    ; feistel_algo:encrypt1|V[2]                                                                                    ; clk          ; clk         ; 0.000        ; 0.000      ; 0.783      ;
; 0.517 ; feistel_algo:encrypt3|V[14]                                                                                   ; feistel_algo:encrypt3|V[15]                                                                                   ; clk          ; clk         ; 0.000        ; 0.000      ; 0.783      ;
; 0.518 ; feistel_algo:encrypt1|V[8]                                                                                    ; feistel_algo:encrypt1|V[9]                                                                                    ; clk          ; clk         ; 0.000        ; 0.000      ; 0.784      ;
; 0.518 ; feistel_algo:encrypt1|V[9]                                                                                    ; feistel_algo:encrypt1|V[10]                                                                                   ; clk          ; clk         ; 0.000        ; 0.000      ; 0.784      ;
; 0.519 ; feistel_algo:encrypt1|L[0][8]                                                                                 ; feistel_algo:encrypt1|R[1][8]                                                                                 ; clk          ; clk         ; 0.000        ; 0.000      ; 0.785      ;
; 0.519 ; feistel_algo:encrypt1|L[11][23]                                                                               ; feistel_algo:encrypt1|R[12][23]                                                                               ; clk          ; clk         ; 0.000        ; 0.000      ; 0.785      ;
; 0.519 ; feistel_algo:decrypt2|L[4][24]                                                                                ; feistel_algo:decrypt2|R[5][24]                                                                                ; clk          ; clk         ; 0.000        ; 0.000      ; 0.785      ;
; 0.519 ; feistel_algo:encrypt3|R[15][23]                                                                               ; feistel_algo:encrypt3|L16[23]                                                                                 ; clk          ; clk         ; 0.000        ; 0.000      ; 0.785      ;
; 0.519 ; feistel_algo:encrypt1|V[0]                                                                                    ; feistel_algo:encrypt1|V[1]                                                                                    ; clk          ; clk         ; 0.000        ; 0.000      ; 0.785      ;
; 0.519 ; feistel_algo:decrypt2|V[2]                                                                                    ; feistel_algo:decrypt2|V[3]                                                                                    ; clk          ; clk         ; 0.000        ; 0.000      ; 0.785      ;
; 0.519 ; feistel_algo:decrypt2|V[3]                                                                                    ; feistel_algo:decrypt2|V[4]                                                                                    ; clk          ; clk         ; 0.000        ; 0.000      ; 0.785      ;
; 0.520 ; feistel_algo:encrypt3|L16[23]                                                                                 ; feistel_algo:encrypt3|odata[5]                                                                                ; clk          ; clk         ; 0.000        ; 0.000      ; 0.786      ;
; 0.520 ; feistel_algo:encrypt3|L16[22]                                                                                 ; feistel_algo:encrypt3|odata[13]                                                                               ; clk          ; clk         ; 0.000        ; 0.000      ; 0.786      ;
; 0.520 ; feistel_algo:encrypt3|R16[12]                                                                                 ; feistel_algo:encrypt3|odata[26]                                                                               ; clk          ; clk         ; 0.000        ; 0.000      ; 0.786      ;
; 0.520 ; feistel_algo:encrypt3|L16[2]                                                                                  ; feistel_algo:encrypt3|odata[41]                                                                               ; clk          ; clk         ; 0.000        ; 0.000      ; 0.786      ;
; 0.520 ; feistel_algo:encrypt3|V[15]                                                                                   ; feistel_algo:encrypt3|V[16]                                                                                   ; clk          ; clk         ; 0.000        ; 0.000      ; 0.786      ;
; 0.521 ; feistel_algo:encrypt1|V[2]                                                                                    ; feistel_algo:encrypt1|V[3]                                                                                    ; clk          ; clk         ; 0.000        ; 0.000      ; 0.787      ;
; 0.521 ; feistel_algo:encrypt1|V[15]                                                                                   ; feistel_algo:encrypt1|V[16]                                                                                   ; clk          ; clk         ; 0.000        ; 0.000      ; 0.787      ;
; 0.521 ; feistel_algo:encrypt1|valid_out                                                                               ; feistel_algo:decrypt2|V[0]                                                                                    ; clk          ; clk         ; 0.000        ; 0.000      ; 0.787      ;
; 0.521 ; feistel_algo:encrypt3|V[1]                                                                                    ; feistel_algo:encrypt3|V[2]                                                                                    ; clk          ; clk         ; 0.000        ; 0.000      ; 0.787      ;
; 0.521 ; feistel_algo:encrypt3|V[3]                                                                                    ; feistel_algo:encrypt3|V[4]                                                                                    ; clk          ; clk         ; 0.000        ; 0.000      ; 0.787      ;
; 0.522 ; feistel_algo:encrypt1|L[7][17]                                                                                ; feistel_algo:encrypt1|R[8][17]                                                                                ; clk          ; clk         ; 0.000        ; 0.000      ; 0.788      ;
; 0.522 ; feistel_algo:decrypt2|R[1][14]                                                                                ; feistel_algo:decrypt2|L[2][14]                                                                                ; clk          ; clk         ; 0.000        ; 0.000      ; 0.788      ;
; 0.522 ; feistel_algo:decrypt2|R[10][1]                                                                                ; feistel_algo:decrypt2|L[11][1]                                                                                ; clk          ; clk         ; 0.000        ; 0.000      ; 0.788      ;
; 0.522 ; feistel_algo:encrypt1|V[6]                                                                                    ; feistel_algo:encrypt1|V[7]                                                                                    ; clk          ; clk         ; 0.000        ; 0.000      ; 0.788      ;
; 0.522 ; feistel_algo:encrypt1|V[10]                                                                                   ; feistel_algo:encrypt1|V[11]                                                                                   ; clk          ; clk         ; 0.000        ; 0.000      ; 0.788      ;
; 0.522 ; feistel_algo:decrypt2|V[9]                                                                                    ; feistel_algo:decrypt2|V[10]                                                                                   ; clk          ; clk         ; 0.000        ; 0.000      ; 0.788      ;
; 0.522 ; feistel_algo:encrypt3|V[5]                                                                                    ; feistel_algo:encrypt3|V[6]                                                                                    ; clk          ; clk         ; 0.000        ; 0.000      ; 0.788      ;
; 0.522 ; feistel_algo:encrypt3|V[7]                                                                                    ; feistel_algo:encrypt3|V[8]                                                                                    ; clk          ; clk         ; 0.000        ; 0.000      ; 0.788      ;
; 0.522 ; feistel_algo:encrypt3|V[8]                                                                                    ; feistel_algo:encrypt3|V[9]                                                                                    ; clk          ; clk         ; 0.000        ; 0.000      ; 0.788      ;
; 0.523 ; feistel_algo:encrypt3|R[1][1]                                                                                 ; feistel_algo:encrypt3|L[2][1]                                                                                 ; clk          ; clk         ; 0.000        ; 0.000      ; 0.789      ;
; 0.523 ; feistel_algo:encrypt3|R[14][26]                                                                               ; feistel_algo:encrypt3|L[15][26]                                                                               ; clk          ; clk         ; 0.000        ; 0.000      ; 0.789      ;
; 0.523 ; feistel_algo:encrypt1|V[7]                                                                                    ; feistel_algo:encrypt1|V[8]                                                                                    ; clk          ; clk         ; 0.000        ; 0.000      ; 0.789      ;
; 0.523 ; feistel_algo:decrypt2|V[13]                                                                                   ; feistel_algo:decrypt2|V[14]                                                                                   ; clk          ; clk         ; 0.000        ; 0.000      ; 0.789      ;
; 0.523 ; feistel_algo:encrypt3|V[6]                                                                                    ; feistel_algo:encrypt3|V[7]                                                                                    ; clk          ; clk         ; 0.000        ; 0.000      ; 0.789      ;
; 0.524 ; feistel_algo:decrypt2|R[11][9]                                                                                ; feistel_algo:decrypt2|L[12][9]                                                                                ; clk          ; clk         ; 0.000        ; 0.000      ; 0.790      ;
; 0.524 ; feistel_algo:encrypt3|L[1][28]                                                                                ; feistel_algo:encrypt3|R[2][28]                                                                                ; clk          ; clk         ; 0.000        ; 0.000      ; 0.790      ;
; 0.524 ; feistel_algo:encrypt3|L16[30]                                                                                 ; feistel_algo:encrypt3|odata[15]                                                                               ; clk          ; clk         ; 0.000        ; 0.000      ; 0.790      ;
; 0.524 ; feistel_algo:encrypt3|L16[8]                                                                                  ; feistel_algo:encrypt3|odata[59]                                                                               ; clk          ; clk         ; 0.000        ; 0.000      ; 0.790      ;
; 0.524 ; feistel_algo:decrypt2|V[1]                                                                                    ; feistel_algo:decrypt2|V[2]                                                                                    ; clk          ; clk         ; 0.000        ; 0.000      ; 0.790      ;
; 0.524 ; feistel_algo:decrypt2|V[4]                                                                                    ; feistel_algo:decrypt2|V[5]                                                                                    ; clk          ; clk         ; 0.000        ; 0.000      ; 0.790      ;
; 0.524 ; feistel_algo:decrypt2|V[11]                                                                                   ; feistel_algo:decrypt2|V[12]                                                                                   ; clk          ; clk         ; 0.000        ; 0.000      ; 0.790      ;
; 0.524 ; feistel_algo:decrypt2|V[14]                                                                                   ; feistel_algo:decrypt2|V[15]                                                                                   ; clk          ; clk         ; 0.000        ; 0.000      ; 0.790      ;
; 0.524 ; feistel_algo:encrypt3|V[11]                                                                                   ; feistel_algo:encrypt3|V[12]                                                                                   ; clk          ; clk         ; 0.000        ; 0.000      ; 0.790      ;
; 0.525 ; feistel_algo:decrypt2|L[12][14]                                                                               ; feistel_algo:decrypt2|R[13][14]                                                                               ; clk          ; clk         ; 0.000        ; 0.000      ; 0.791      ;
; 0.525 ; feistel_algo:decrypt2|R[12][17]                                                                               ; feistel_algo:decrypt2|L[13][17]                                                                               ; clk          ; clk         ; 0.000        ; 0.000      ; 0.791      ;
; 0.525 ; feistel_algo:decrypt2|R[13][10]                                                                               ; feistel_algo:decrypt2|L[14][10]                                                                               ; clk          ; clk         ; 0.000        ; 0.000      ; 0.791      ;
; 0.525 ; feistel_algo:encrypt3|R[3][30]                                                                                ; feistel_algo:encrypt3|L[4][30]                                                                                ; clk          ; clk         ; 0.000        ; 0.000      ; 0.791      ;
; 0.525 ; feistel_algo:encrypt3|L[11][16]                                                                               ; feistel_algo:encrypt3|R[12][16]                                                                               ; clk          ; clk         ; 0.000        ; 0.000      ; 0.791      ;
; 0.525 ; feistel_algo:encrypt1|V[4]                                                                                    ; feistel_algo:encrypt1|V[5]                                                                                    ; clk          ; clk         ; 0.000        ; 0.000      ; 0.791      ;
; 0.525 ; feistel_algo:decrypt2|V[5]                                                                                    ; feistel_algo:decrypt2|V[6]                                                                                    ; clk          ; clk         ; 0.000        ; 0.000      ; 0.791      ;
; 0.525 ; feistel_algo:decrypt2|V[15]                                                                                   ; feistel_algo:decrypt2|V[16]                                                                                   ; clk          ; clk         ; 0.000        ; 0.000      ; 0.791      ;
; 0.525 ; feistel_algo:encrypt3|V[9]                                                                                    ; feistel_algo:encrypt3|V[10]                                                                                   ; clk          ; clk         ; 0.000        ; 0.000      ; 0.791      ;
; 0.526 ; feistel_algo:encrypt1|R[6][6]                                                                                 ; feistel_algo:encrypt1|L[7][6]                                                                                 ; clk          ; clk         ; 0.000        ; 0.000      ; 0.792      ;
; 0.526 ; feistel_algo:encrypt1|R[14][20]                                                                               ; feistel_algo:encrypt1|L[15][20]                                                                               ; clk          ; clk         ; 0.000        ; 0.000      ; 0.792      ;
; 0.526 ; feistel_algo:decrypt2|R[11][25]                                                                               ; feistel_algo:decrypt2|L[12][25]                                                                               ; clk          ; clk         ; 0.000        ; 0.000      ; 0.792      ;
; 0.526 ; feistel_algo:encrypt3|R[15][14]                                                                               ; feistel_algo:encrypt3|L16[14]                                                                                 ; clk          ; clk         ; 0.000        ; 0.000      ; 0.792      ;
; 0.526 ; feistel_algo:encrypt1|V[13]                                                                                   ; feistel_algo:encrypt1|V[14]                                                                                   ; clk          ; clk         ; 0.000        ; 0.000      ; 0.792      ;
; 0.526 ; feistel_algo:decrypt2|V[7]                                                                                    ; feistel_algo:decrypt2|V[8]                                                                                    ; clk          ; clk         ; 0.000        ; 0.000      ; 0.792      ;
; 0.526 ; feistel_algo:decrypt2|valid_out                                                                               ; feistel_algo:encrypt3|V[0]                                                                                    ; clk          ; clk         ; 0.000        ; 0.000      ; 0.792      ;
; 0.527 ; feistel_algo:decrypt2|R[3][30]                                                                                ; feistel_algo:decrypt2|L[4][30]                                                                                ; clk          ; clk         ; 0.000        ; 0.000      ; 0.793      ;
; 0.527 ; feistel_algo:encrypt3|R16[11]                                                                                 ; feistel_algo:encrypt3|odata[34]                                                                               ; clk          ; clk         ; 0.000        ; 0.000      ; 0.793      ;
; 0.528 ; feistel_algo:encrypt3|R[1][23]                                                                                ; feistel_algo:encrypt3|L[2][23]                                                                                ; clk          ; clk         ; 0.000        ; 0.000      ; 0.794      ;
; 0.529 ; feistel_algo:encrypt3|R[4][13]                                                                                ; feistel_algo:encrypt3|L[5][13]                                                                                ; clk          ; clk         ; 0.000        ; 0.000      ; 0.795      ;
; 0.529 ; feistel_algo:encrypt3|R[5][2]                                                                                 ; feistel_algo:encrypt3|L[6][2]                                                                                 ; clk          ; clk         ; 0.000        ; 0.000      ; 0.795      ;
; 0.529 ; feistel_algo:encrypt3|R[14][12]                                                                               ; feistel_algo:encrypt3|L[15][12]                                                                               ; clk          ; clk         ; 0.000        ; 0.000      ; 0.795      ;
; 0.530 ; feistel_algo:encrypt1|R[2][26]                                                                                ; feistel_algo:encrypt1|L[3][26]                                                                                ; clk          ; clk         ; 0.000        ; 0.000      ; 0.796      ;
; 0.530 ; feistel_algo:encrypt3|R[1][15]                                                                                ; feistel_algo:encrypt3|L[2][15]                                                                                ; clk          ; clk         ; 0.000        ; 0.000      ; 0.796      ;
; 0.531 ; feistel_algo:encrypt1|R[4][13]                                                                                ; feistel_algo:encrypt1|L[5][13]                                                                                ; clk          ; clk         ; 0.000        ; 0.000      ; 0.797      ;
; 0.531 ; feistel_algo:encrypt1|R[4][25]                                                                                ; feistel_algo:encrypt1|L[5][25]                                                                                ; clk          ; clk         ; 0.000        ; 0.000      ; 0.797      ;
; 0.531 ; feistel_algo:encrypt1|R[9][31]                                                                                ; feistel_algo:encrypt1|L[10][31]                                                                               ; clk          ; clk         ; 0.000        ; 0.000      ; 0.797      ;
; 0.531 ; feistel_algo:encrypt3|R[15][28]                                                                               ; feistel_algo:encrypt3|L16[28]                                                                                 ; clk          ; clk         ; 0.000        ; 0.000      ; 0.797      ;
; 0.532 ; feistel_algo:encrypt1|R[2][25]                                                                                ; feistel_algo:encrypt1|L[3][25]                                                                                ; clk          ; clk         ; 0.000        ; 0.000      ; 0.798      ;
; 0.532 ; feistel_algo:decrypt2|R[10][14]                                                                               ; feistel_algo:decrypt2|L[11][14]                                                                               ; clk          ; clk         ; 0.000        ; 0.000      ; 0.798      ;
; 0.532 ; feistel_algo:encrypt3|R[15][15]                                                                               ; feistel_algo:encrypt3|L16[15]                                                                                 ; clk          ; clk         ; 0.000        ; 0.000      ; 0.798      ;
; 0.532 ; feistel_algo:encrypt3|R[13][23]                                                                               ; feistel_algo:encrypt3|L[14][23]                                                                               ; clk          ; clk         ; 0.000        ; 0.000      ; 0.798      ;
; 0.532 ; feistel_algo:encrypt3|R[13][18]                                                                               ; feistel_algo:encrypt3|L[14][18]                                                                               ; clk          ; clk         ; 0.000        ; 0.000      ; 0.798      ;
; 0.533 ; feistel_algo:encrypt3|R[11][16]                                                                               ; feistel_algo:encrypt3|L[12][16]                                                                               ; clk          ; clk         ; 0.000        ; 0.000      ; 0.799      ;
; 0.533 ; feistel_algo:encrypt3|L16[6]                                                                                  ; feistel_algo:encrypt3|odata[9]                                                                                ; clk          ; clk         ; 0.000        ; 0.000      ; 0.799      ;
; 0.534 ; feistel_algo:encrypt1|R[1][19]                                                                                ; feistel_algo:encrypt1|L[2][19]                                                                                ; clk          ; clk         ; 0.000        ; 0.000      ; 0.800      ;
; 0.534 ; feistel_algo:encrypt3|R[8][15]                                                                                ; feistel_algo:encrypt3|L[9][15]                                                                                ; clk          ; clk         ; 0.000        ; 0.000      ; 0.800      ;
; 0.534 ; feistel_algo:encrypt3|R[13][16]                                                                               ; feistel_algo:encrypt3|L[14][16]                                                                               ; clk          ; clk         ; 0.000        ; 0.000      ; 0.800      ;
; 0.534 ; feistel_algo:encrypt3|L16[29]                                                                                 ; feistel_algo:encrypt3|odata[23]                                                                               ; clk          ; clk         ; 0.000        ; 0.000      ; 0.800      ;
; 0.536 ; feistel_algo:decrypt2|R[13][6]                                                                                ; feistel_algo:decrypt2|L[14][6]                                                                                ; clk          ; clk         ; 0.000        ; 0.000      ; 0.802      ;
; 0.536 ; feistel_algo:encrypt3|R[15][5]                                                                                ; feistel_algo:encrypt3|L16[5]                                                                                  ; clk          ; clk         ; 0.000        ; 0.000      ; 0.802      ;
; 0.537 ; feistel_algo:encrypt3|R[3][14]                                                                                ; feistel_algo:encrypt3|L[4][14]                                                                                ; clk          ; clk         ; 0.000        ; 0.000      ; 0.803      ;
; 0.537 ; feistel_algo:encrypt3|R[3][10]                                                                                ; feistel_algo:encrypt3|L[4][10]                                                                                ; clk          ; clk         ; 0.000        ; 0.000      ; 0.803      ;
+-------+---------------------------------------------------------------------------------------------------------------+---------------------------------------------------------------------------------------------------------------+--------------+-------------+--------------+------------+------------+


+-------------------------------------------------------------------------------------------------------------------------------------------------------------------------------------------------------------------------------------------------------------------------------------------+
; Slow Model Recovery: 'clk'                                                                                                                                                                                                                                                                ;
+--------+-----------------------------------------------------------------------------------+------------------------------------------------------------------------------------------------------------------------+--------------+-------------+--------------+------------+------------+
; Slack  ; From Node                                                                         ; To Node                                                                                                                ; Launch Clock ; Latch Clock ; Relationship ; Clock Skew ; Data Delay ;
+--------+-----------------------------------------------------------------------------------+------------------------------------------------------------------------------------------------------------------------+--------------+-------------+--------------+------------+------------+
; -2.135 ; feistel_algo:decrypt2|altshift_taps:L16_rtl_0|shift_taps_ghm:auto_generated|dffe6 ; feistel_algo:decrypt2|altshift_taps:L16_rtl_0|shift_taps_ghm:auto_generated|altsyncram_n761:altsyncram4|ram_block7a127 ; clk          ; clk         ; 1.000        ; 0.020      ; 3.120      ;
; -2.135 ; feistel_algo:decrypt2|altshift_taps:L16_rtl_0|shift_taps_ghm:auto_generated|dffe6 ; feistel_algo:decrypt2|altshift_taps:L16_rtl_0|shift_taps_ghm:auto_generated|altsyncram_n761:altsyncram4|ram_block7a123 ; clk          ; clk         ; 1.000        ; 0.020      ; 3.120      ;
; -2.135 ; feistel_algo:decrypt2|altshift_taps:L16_rtl_0|shift_taps_ghm:auto_generated|dffe6 ; feistel_algo:decrypt2|altshift_taps:L16_rtl_0|shift_taps_ghm:auto_generated|altsyncram_n761:altsyncram4|ram_block7a122 ; clk          ; clk         ; 1.000        ; 0.020      ; 3.120      ;
; -2.135 ; feistel_algo:decrypt2|altshift_taps:L16_rtl_0|shift_taps_ghm:auto_generated|dffe6 ; feistel_algo:decrypt2|altshift_taps:L16_rtl_0|shift_taps_ghm:auto_generated|altsyncram_n761:altsyncram4|ram_block7a121 ; clk          ; clk         ; 1.000        ; 0.020      ; 3.120      ;
; -2.135 ; feistel_algo:decrypt2|altshift_taps:L16_rtl_0|shift_taps_ghm:auto_generated|dffe6 ; feistel_algo:decrypt2|altshift_taps:L16_rtl_0|shift_taps_ghm:auto_generated|altsyncram_n761:altsyncram4|ram_block7a120 ; clk          ; clk         ; 1.000        ; 0.020      ; 3.120      ;
; -2.135 ; feistel_algo:decrypt2|altshift_taps:L16_rtl_0|shift_taps_ghm:auto_generated|dffe6 ; feistel_algo:decrypt2|altshift_taps:L16_rtl_0|shift_taps_ghm:auto_generated|altsyncram_n761:altsyncram4|ram_block7a119 ; clk          ; clk         ; 1.000        ; 0.020      ; 3.120      ;
; -2.135 ; feistel_algo:decrypt2|altshift_taps:L16_rtl_0|shift_taps_ghm:auto_generated|dffe6 ; feistel_algo:decrypt2|altshift_taps:L16_rtl_0|shift_taps_ghm:auto_generated|altsyncram_n761:altsyncram4|ram_block7a117 ; clk          ; clk         ; 1.000        ; 0.020      ; 3.120      ;
; -2.135 ; feistel_algo:decrypt2|altshift_taps:L16_rtl_0|shift_taps_ghm:auto_generated|dffe6 ; feistel_algo:decrypt2|altshift_taps:L16_rtl_0|shift_taps_ghm:auto_generated|altsyncram_n761:altsyncram4|ram_block7a115 ; clk          ; clk         ; 1.000        ; 0.020      ; 3.120      ;
; -2.135 ; feistel_algo:decrypt2|altshift_taps:L16_rtl_0|shift_taps_ghm:auto_generated|dffe6 ; feistel_algo:decrypt2|altshift_taps:L16_rtl_0|shift_taps_ghm:auto_generated|altsyncram_n761:altsyncram4|ram_block7a112 ; clk          ; clk         ; 1.000        ; 0.020      ; 3.120      ;
; -2.135 ; feistel_algo:decrypt2|altshift_taps:L16_rtl_0|shift_taps_ghm:auto_generated|dffe6 ; feistel_algo:decrypt2|altshift_taps:L16_rtl_0|shift_taps_ghm:auto_generated|altsyncram_n761:altsyncram4|ram_block7a111 ; clk          ; clk         ; 1.000        ; 0.020      ; 3.120      ;
; -2.135 ; feistel_algo:decrypt2|altshift_taps:L16_rtl_0|shift_taps_ghm:auto_generated|dffe6 ; feistel_algo:decrypt2|altshift_taps:L16_rtl_0|shift_taps_ghm:auto_generated|altsyncram_n761:altsyncram4|ram_block7a109 ; clk          ; clk         ; 1.000        ; 0.020      ; 3.120      ;
; -2.135 ; feistel_algo:decrypt2|altshift_taps:L16_rtl_0|shift_taps_ghm:auto_generated|dffe6 ; feistel_algo:decrypt2|altshift_taps:L16_rtl_0|shift_taps_ghm:auto_generated|altsyncram_n761:altsyncram4|ram_block7a107 ; clk          ; clk         ; 1.000        ; 0.020      ; 3.120      ;
; -2.135 ; feistel_algo:decrypt2|altshift_taps:L16_rtl_0|shift_taps_ghm:auto_generated|dffe6 ; feistel_algo:decrypt2|altshift_taps:L16_rtl_0|shift_taps_ghm:auto_generated|altsyncram_n761:altsyncram4|ram_block7a104 ; clk          ; clk         ; 1.000        ; 0.020      ; 3.120      ;
; -2.135 ; feistel_algo:decrypt2|altshift_taps:L16_rtl_0|shift_taps_ghm:auto_generated|dffe6 ; feistel_algo:decrypt2|altshift_taps:L16_rtl_0|shift_taps_ghm:auto_generated|altsyncram_n761:altsyncram4|ram_block7a103 ; clk          ; clk         ; 1.000        ; 0.020      ; 3.120      ;
; -2.135 ; feistel_algo:decrypt2|altshift_taps:L16_rtl_0|shift_taps_ghm:auto_generated|dffe6 ; feistel_algo:decrypt2|altshift_taps:L16_rtl_0|shift_taps_ghm:auto_generated|altsyncram_n761:altsyncram4|ram_block7a101 ; clk          ; clk         ; 1.000        ; 0.020      ; 3.120      ;
; -2.135 ; feistel_algo:decrypt2|altshift_taps:L16_rtl_0|shift_taps_ghm:auto_generated|dffe6 ; feistel_algo:decrypt2|altshift_taps:L16_rtl_0|shift_taps_ghm:auto_generated|altsyncram_n761:altsyncram4|ram_block7a100 ; clk          ; clk         ; 1.000        ; 0.020      ; 3.120      ;
; -2.135 ; feistel_algo:decrypt2|altshift_taps:L16_rtl_0|shift_taps_ghm:auto_generated|dffe6 ; feistel_algo:decrypt2|altshift_taps:L16_rtl_0|shift_taps_ghm:auto_generated|altsyncram_n761:altsyncram4|ram_block7a97  ; clk          ; clk         ; 1.000        ; 0.020      ; 3.120      ;
; -2.135 ; feistel_algo:decrypt2|altshift_taps:L16_rtl_0|shift_taps_ghm:auto_generated|dffe6 ; feistel_algo:decrypt2|altshift_taps:L16_rtl_0|shift_taps_ghm:auto_generated|altsyncram_n761:altsyncram4|ram_block7a96  ; clk          ; clk         ; 1.000        ; 0.020      ; 3.120      ;
; -2.135 ; feistel_algo:decrypt2|altshift_taps:L16_rtl_0|shift_taps_ghm:auto_generated|dffe6 ; feistel_algo:decrypt2|altshift_taps:L16_rtl_0|shift_taps_ghm:auto_generated|altsyncram_n761:altsyncram4|ram_block7a95  ; clk          ; clk         ; 1.000        ; 0.020      ; 3.120      ;
; -2.135 ; feistel_algo:decrypt2|altshift_taps:L16_rtl_0|shift_taps_ghm:auto_generated|dffe6 ; feistel_algo:decrypt2|altshift_taps:L16_rtl_0|shift_taps_ghm:auto_generated|altsyncram_n761:altsyncram4|ram_block7a93  ; clk          ; clk         ; 1.000        ; 0.020      ; 3.120      ;
; -2.135 ; feistel_algo:decrypt2|altshift_taps:L16_rtl_0|shift_taps_ghm:auto_generated|dffe6 ; feistel_algo:decrypt2|altshift_taps:L16_rtl_0|shift_taps_ghm:auto_generated|altsyncram_n761:altsyncram4|ram_block7a92  ; clk          ; clk         ; 1.000        ; 0.020      ; 3.120      ;
; -2.135 ; feistel_algo:decrypt2|altshift_taps:L16_rtl_0|shift_taps_ghm:auto_generated|dffe6 ; feistel_algo:decrypt2|altshift_taps:L16_rtl_0|shift_taps_ghm:auto_generated|altsyncram_n761:altsyncram4|ram_block7a89  ; clk          ; clk         ; 1.000        ; 0.020      ; 3.120      ;
; -2.135 ; feistel_algo:decrypt2|altshift_taps:L16_rtl_0|shift_taps_ghm:auto_generated|dffe6 ; feistel_algo:decrypt2|altshift_taps:L16_rtl_0|shift_taps_ghm:auto_generated|altsyncram_n761:altsyncram4|ram_block7a88  ; clk          ; clk         ; 1.000        ; 0.020      ; 3.120      ;
; -2.135 ; feistel_algo:decrypt2|altshift_taps:L16_rtl_0|shift_taps_ghm:auto_generated|dffe6 ; feistel_algo:decrypt2|altshift_taps:L16_rtl_0|shift_taps_ghm:auto_generated|altsyncram_n761:altsyncram4|ram_block7a87  ; clk          ; clk         ; 1.000        ; 0.020      ; 3.120      ;
; -2.135 ; feistel_algo:decrypt2|altshift_taps:L16_rtl_0|shift_taps_ghm:auto_generated|dffe6 ; feistel_algo:decrypt2|altshift_taps:L16_rtl_0|shift_taps_ghm:auto_generated|altsyncram_n761:altsyncram4|ram_block7a85  ; clk          ; clk         ; 1.000        ; 0.020      ; 3.120      ;
; -2.135 ; feistel_algo:decrypt2|altshift_taps:L16_rtl_0|shift_taps_ghm:auto_generated|dffe6 ; feistel_algo:decrypt2|altshift_taps:L16_rtl_0|shift_taps_ghm:auto_generated|altsyncram_n761:altsyncram4|ram_block7a84  ; clk          ; clk         ; 1.000        ; 0.020      ; 3.120      ;
; -2.135 ; feistel_algo:decrypt2|altshift_taps:L16_rtl_0|shift_taps_ghm:auto_generated|dffe6 ; feistel_algo:decrypt2|altshift_taps:L16_rtl_0|shift_taps_ghm:auto_generated|altsyncram_n761:altsyncram4|ram_block7a81  ; clk          ; clk         ; 1.000        ; 0.020      ; 3.120      ;
; -2.135 ; feistel_algo:decrypt2|altshift_taps:L16_rtl_0|shift_taps_ghm:auto_generated|dffe6 ; feistel_algo:decrypt2|altshift_taps:L16_rtl_0|shift_taps_ghm:auto_generated|altsyncram_n761:altsyncram4|ram_block7a79  ; clk          ; clk         ; 1.000        ; 0.020      ; 3.120      ;
; -2.135 ; feistel_algo:decrypt2|altshift_taps:L16_rtl_0|shift_taps_ghm:auto_generated|dffe6 ; feistel_algo:decrypt2|altshift_taps:L16_rtl_0|shift_taps_ghm:auto_generated|altsyncram_n761:altsyncram4|ram_block7a77  ; clk          ; clk         ; 1.000        ; 0.020      ; 3.120      ;
; -2.135 ; feistel_algo:decrypt2|altshift_taps:L16_rtl_0|shift_taps_ghm:auto_generated|dffe6 ; feistel_algo:decrypt2|altshift_taps:L16_rtl_0|shift_taps_ghm:auto_generated|altsyncram_n761:altsyncram4|ram_block7a76  ; clk          ; clk         ; 1.000        ; 0.020      ; 3.120      ;
; -2.135 ; feistel_algo:decrypt2|altshift_taps:L16_rtl_0|shift_taps_ghm:auto_generated|dffe6 ; feistel_algo:decrypt2|altshift_taps:L16_rtl_0|shift_taps_ghm:auto_generated|altsyncram_n761:altsyncram4|ram_block7a73  ; clk          ; clk         ; 1.000        ; 0.020      ; 3.120      ;
; -2.135 ; feistel_algo:decrypt2|altshift_taps:L16_rtl_0|shift_taps_ghm:auto_generated|dffe6 ; feistel_algo:decrypt2|altshift_taps:L16_rtl_0|shift_taps_ghm:auto_generated|altsyncram_n761:altsyncram4|ram_block7a70  ; clk          ; clk         ; 1.000        ; 0.020      ; 3.120      ;
; -2.135 ; feistel_algo:decrypt2|altshift_taps:L16_rtl_0|shift_taps_ghm:auto_generated|dffe6 ; feistel_algo:decrypt2|altshift_taps:L16_rtl_0|shift_taps_ghm:auto_generated|altsyncram_n761:altsyncram4|ram_block7a69  ; clk          ; clk         ; 1.000        ; 0.020      ; 3.120      ;
; -2.135 ; feistel_algo:decrypt2|altshift_taps:L16_rtl_0|shift_taps_ghm:auto_generated|dffe6 ; feistel_algo:decrypt2|altshift_taps:L16_rtl_0|shift_taps_ghm:auto_generated|altsyncram_n761:altsyncram4|ram_block7a68  ; clk          ; clk         ; 1.000        ; 0.020      ; 3.120      ;
; -2.135 ; feistel_algo:decrypt2|altshift_taps:L16_rtl_0|shift_taps_ghm:auto_generated|dffe6 ; feistel_algo:decrypt2|altshift_taps:L16_rtl_0|shift_taps_ghm:auto_generated|altsyncram_n761:altsyncram4|ram_block7a65  ; clk          ; clk         ; 1.000        ; 0.020      ; 3.120      ;
; -2.135 ; feistel_algo:decrypt2|altshift_taps:L16_rtl_0|shift_taps_ghm:auto_generated|dffe6 ; feistel_algo:decrypt2|altshift_taps:L16_rtl_0|shift_taps_ghm:auto_generated|altsyncram_n761:altsyncram4|ram_block7a64  ; clk          ; clk         ; 1.000        ; 0.020      ; 3.120      ;
; -2.135 ; feistel_algo:decrypt2|altshift_taps:L16_rtl_0|shift_taps_ghm:auto_generated|dffe6 ; feistel_algo:decrypt2|altshift_taps:L16_rtl_0|shift_taps_ghm:auto_generated|altsyncram_n761:altsyncram4|ram_block7a124 ; clk          ; clk         ; 1.000        ; 0.023      ; 3.123      ;
; -2.135 ; feistel_algo:decrypt2|altshift_taps:L16_rtl_0|shift_taps_ghm:auto_generated|dffe6 ; feistel_algo:decrypt2|altshift_taps:L16_rtl_0|shift_taps_ghm:auto_generated|altsyncram_n761:altsyncram4|ram_block7a118 ; clk          ; clk         ; 1.000        ; 0.023      ; 3.123      ;
; -2.135 ; feistel_algo:decrypt2|altshift_taps:L16_rtl_0|shift_taps_ghm:auto_generated|dffe6 ; feistel_algo:decrypt2|altshift_taps:L16_rtl_0|shift_taps_ghm:auto_generated|altsyncram_n761:altsyncram4|ram_block7a116 ; clk          ; clk         ; 1.000        ; 0.023      ; 3.123      ;
; -2.135 ; feistel_algo:decrypt2|altshift_taps:L16_rtl_0|shift_taps_ghm:auto_generated|dffe6 ; feistel_algo:decrypt2|altshift_taps:L16_rtl_0|shift_taps_ghm:auto_generated|altsyncram_n761:altsyncram4|ram_block7a114 ; clk          ; clk         ; 1.000        ; 0.023      ; 3.123      ;
; -2.135 ; feistel_algo:decrypt2|altshift_taps:L16_rtl_0|shift_taps_ghm:auto_generated|dffe6 ; feistel_algo:decrypt2|altshift_taps:L16_rtl_0|shift_taps_ghm:auto_generated|altsyncram_n761:altsyncram4|ram_block7a113 ; clk          ; clk         ; 1.000        ; 0.023      ; 3.123      ;
; -2.135 ; feistel_algo:decrypt2|altshift_taps:L16_rtl_0|shift_taps_ghm:auto_generated|dffe6 ; feistel_algo:decrypt2|altshift_taps:L16_rtl_0|shift_taps_ghm:auto_generated|altsyncram_n761:altsyncram4|ram_block7a110 ; clk          ; clk         ; 1.000        ; 0.023      ; 3.123      ;
; -2.135 ; feistel_algo:decrypt2|altshift_taps:L16_rtl_0|shift_taps_ghm:auto_generated|dffe6 ; feistel_algo:decrypt2|altshift_taps:L16_rtl_0|shift_taps_ghm:auto_generated|altsyncram_n761:altsyncram4|ram_block7a108 ; clk          ; clk         ; 1.000        ; 0.023      ; 3.123      ;
; -2.135 ; feistel_algo:decrypt2|altshift_taps:L16_rtl_0|shift_taps_ghm:auto_generated|dffe6 ; feistel_algo:decrypt2|altshift_taps:L16_rtl_0|shift_taps_ghm:auto_generated|altsyncram_n761:altsyncram4|ram_block7a106 ; clk          ; clk         ; 1.000        ; 0.023      ; 3.123      ;
; -2.135 ; feistel_algo:decrypt2|altshift_taps:L16_rtl_0|shift_taps_ghm:auto_generated|dffe6 ; feistel_algo:decrypt2|altshift_taps:L16_rtl_0|shift_taps_ghm:auto_generated|altsyncram_n761:altsyncram4|ram_block7a105 ; clk          ; clk         ; 1.000        ; 0.023      ; 3.123      ;
; -2.135 ; feistel_algo:decrypt2|altshift_taps:L16_rtl_0|shift_taps_ghm:auto_generated|dffe6 ; feistel_algo:decrypt2|altshift_taps:L16_rtl_0|shift_taps_ghm:auto_generated|altsyncram_n761:altsyncram4|ram_block7a102 ; clk          ; clk         ; 1.000        ; 0.023      ; 3.123      ;
; -2.135 ; feistel_algo:decrypt2|altshift_taps:L16_rtl_0|shift_taps_ghm:auto_generated|dffe6 ; feistel_algo:decrypt2|altshift_taps:L16_rtl_0|shift_taps_ghm:auto_generated|altsyncram_n761:altsyncram4|ram_block7a98  ; clk          ; clk         ; 1.000        ; 0.023      ; 3.123      ;
; -2.135 ; feistel_algo:decrypt2|altshift_taps:L16_rtl_0|shift_taps_ghm:auto_generated|dffe6 ; feistel_algo:decrypt2|altshift_taps:L16_rtl_0|shift_taps_ghm:auto_generated|altsyncram_n761:altsyncram4|ram_block7a94  ; clk          ; clk         ; 1.000        ; 0.023      ; 3.123      ;
; -2.135 ; feistel_algo:decrypt2|altshift_taps:L16_rtl_0|shift_taps_ghm:auto_generated|dffe6 ; feistel_algo:decrypt2|altshift_taps:L16_rtl_0|shift_taps_ghm:auto_generated|altsyncram_n761:altsyncram4|ram_block7a90  ; clk          ; clk         ; 1.000        ; 0.023      ; 3.123      ;
; -2.135 ; feistel_algo:decrypt2|altshift_taps:L16_rtl_0|shift_taps_ghm:auto_generated|dffe6 ; feistel_algo:decrypt2|altshift_taps:L16_rtl_0|shift_taps_ghm:auto_generated|altsyncram_n761:altsyncram4|ram_block7a86  ; clk          ; clk         ; 1.000        ; 0.023      ; 3.123      ;
; -2.135 ; feistel_algo:decrypt2|altshift_taps:L16_rtl_0|shift_taps_ghm:auto_generated|dffe6 ; feistel_algo:decrypt2|altshift_taps:L16_rtl_0|shift_taps_ghm:auto_generated|altsyncram_n761:altsyncram4|ram_block7a82  ; clk          ; clk         ; 1.000        ; 0.023      ; 3.123      ;
; -2.135 ; feistel_algo:decrypt2|altshift_taps:L16_rtl_0|shift_taps_ghm:auto_generated|dffe6 ; feistel_algo:decrypt2|altshift_taps:L16_rtl_0|shift_taps_ghm:auto_generated|altsyncram_n761:altsyncram4|ram_block7a80  ; clk          ; clk         ; 1.000        ; 0.023      ; 3.123      ;
; -2.135 ; feistel_algo:decrypt2|altshift_taps:L16_rtl_0|shift_taps_ghm:auto_generated|dffe6 ; feistel_algo:decrypt2|altshift_taps:L16_rtl_0|shift_taps_ghm:auto_generated|altsyncram_n761:altsyncram4|ram_block7a78  ; clk          ; clk         ; 1.000        ; 0.023      ; 3.123      ;
; -2.135 ; feistel_algo:decrypt2|altshift_taps:L16_rtl_0|shift_taps_ghm:auto_generated|dffe6 ; feistel_algo:decrypt2|altshift_taps:L16_rtl_0|shift_taps_ghm:auto_generated|altsyncram_n761:altsyncram4|ram_block7a74  ; clk          ; clk         ; 1.000        ; 0.023      ; 3.123      ;
; -2.135 ; feistel_algo:decrypt2|altshift_taps:L16_rtl_0|shift_taps_ghm:auto_generated|dffe6 ; feistel_algo:decrypt2|altshift_taps:L16_rtl_0|shift_taps_ghm:auto_generated|altsyncram_n761:altsyncram4|ram_block7a72  ; clk          ; clk         ; 1.000        ; 0.023      ; 3.123      ;
; -2.135 ; feistel_algo:decrypt2|altshift_taps:L16_rtl_0|shift_taps_ghm:auto_generated|dffe6 ; feistel_algo:decrypt2|altshift_taps:L16_rtl_0|shift_taps_ghm:auto_generated|altsyncram_n761:altsyncram4|ram_block7a66  ; clk          ; clk         ; 1.000        ; 0.023      ; 3.123      ;
; -2.135 ; feistel_algo:decrypt2|altshift_taps:L16_rtl_0|shift_taps_ghm:auto_generated|dffe6 ; feistel_algo:decrypt2|altshift_taps:L16_rtl_0|shift_taps_ghm:auto_generated|altsyncram_n761:altsyncram4|ram_block7a126 ; clk          ; clk         ; 1.000        ; 0.006      ; 3.106      ;
; -2.135 ; feistel_algo:decrypt2|altshift_taps:L16_rtl_0|shift_taps_ghm:auto_generated|dffe6 ; feistel_algo:decrypt2|altshift_taps:L16_rtl_0|shift_taps_ghm:auto_generated|altsyncram_n761:altsyncram4|ram_block7a125 ; clk          ; clk         ; 1.000        ; 0.006      ; 3.106      ;
; -2.135 ; feistel_algo:decrypt2|altshift_taps:L16_rtl_0|shift_taps_ghm:auto_generated|dffe6 ; feistel_algo:decrypt2|altshift_taps:L16_rtl_0|shift_taps_ghm:auto_generated|altsyncram_n761:altsyncram4|ram_block7a99  ; clk          ; clk         ; 1.000        ; 0.006      ; 3.106      ;
; -2.135 ; feistel_algo:decrypt2|altshift_taps:L16_rtl_0|shift_taps_ghm:auto_generated|dffe6 ; feistel_algo:decrypt2|altshift_taps:L16_rtl_0|shift_taps_ghm:auto_generated|altsyncram_n761:altsyncram4|ram_block7a91  ; clk          ; clk         ; 1.000        ; 0.006      ; 3.106      ;
; -2.135 ; feistel_algo:decrypt2|altshift_taps:L16_rtl_0|shift_taps_ghm:auto_generated|dffe6 ; feistel_algo:decrypt2|altshift_taps:L16_rtl_0|shift_taps_ghm:auto_generated|altsyncram_n761:altsyncram4|ram_block7a83  ; clk          ; clk         ; 1.000        ; 0.006      ; 3.106      ;
; -2.135 ; feistel_algo:decrypt2|altshift_taps:L16_rtl_0|shift_taps_ghm:auto_generated|dffe6 ; feistel_algo:decrypt2|altshift_taps:L16_rtl_0|shift_taps_ghm:auto_generated|altsyncram_n761:altsyncram4|ram_block7a75  ; clk          ; clk         ; 1.000        ; 0.006      ; 3.106      ;
; -2.135 ; feistel_algo:decrypt2|altshift_taps:L16_rtl_0|shift_taps_ghm:auto_generated|dffe6 ; feistel_algo:decrypt2|altshift_taps:L16_rtl_0|shift_taps_ghm:auto_generated|altsyncram_n761:altsyncram4|ram_block7a71  ; clk          ; clk         ; 1.000        ; 0.006      ; 3.106      ;
; -2.135 ; feistel_algo:decrypt2|altshift_taps:L16_rtl_0|shift_taps_ghm:auto_generated|dffe6 ; feistel_algo:decrypt2|altshift_taps:L16_rtl_0|shift_taps_ghm:auto_generated|altsyncram_n761:altsyncram4|ram_block7a67  ; clk          ; clk         ; 1.000        ; 0.006      ; 3.106      ;
; -2.135 ; feistel_algo:decrypt2|altshift_taps:L16_rtl_0|shift_taps_ghm:auto_generated|dffe6 ; feistel_algo:decrypt2|altshift_taps:L16_rtl_0|shift_taps_ghm:auto_generated|altsyncram_n761:altsyncram4|ram_block7a63  ; clk          ; clk         ; 1.000        ; 0.006      ; 3.106      ;
; -2.135 ; feistel_algo:decrypt2|altshift_taps:L16_rtl_0|shift_taps_ghm:auto_generated|dffe6 ; feistel_algo:decrypt2|altshift_taps:L16_rtl_0|shift_taps_ghm:auto_generated|altsyncram_n761:altsyncram4|ram_block7a61  ; clk          ; clk         ; 1.000        ; 0.006      ; 3.106      ;
; -2.135 ; feistel_algo:decrypt2|altshift_taps:L16_rtl_0|shift_taps_ghm:auto_generated|dffe6 ; feistel_algo:decrypt2|altshift_taps:L16_rtl_0|shift_taps_ghm:auto_generated|altsyncram_n761:altsyncram4|ram_block7a59  ; clk          ; clk         ; 1.000        ; 0.006      ; 3.106      ;
; -2.135 ; feistel_algo:decrypt2|altshift_taps:L16_rtl_0|shift_taps_ghm:auto_generated|dffe6 ; feistel_algo:decrypt2|altshift_taps:L16_rtl_0|shift_taps_ghm:auto_generated|altsyncram_n761:altsyncram4|ram_block7a55  ; clk          ; clk         ; 1.000        ; 0.006      ; 3.106      ;
; -2.135 ; feistel_algo:decrypt2|altshift_taps:L16_rtl_0|shift_taps_ghm:auto_generated|dffe6 ; feistel_algo:decrypt2|altshift_taps:L16_rtl_0|shift_taps_ghm:auto_generated|altsyncram_n761:altsyncram4|ram_block7a53  ; clk          ; clk         ; 1.000        ; 0.006      ; 3.106      ;
; -2.135 ; feistel_algo:decrypt2|altshift_taps:L16_rtl_0|shift_taps_ghm:auto_generated|dffe6 ; feistel_algo:decrypt2|altshift_taps:L16_rtl_0|shift_taps_ghm:auto_generated|altsyncram_n761:altsyncram4|ram_block7a51  ; clk          ; clk         ; 1.000        ; 0.006      ; 3.106      ;
; -2.135 ; feistel_algo:decrypt2|altshift_taps:L16_rtl_0|shift_taps_ghm:auto_generated|dffe6 ; feistel_algo:decrypt2|altshift_taps:L16_rtl_0|shift_taps_ghm:auto_generated|altsyncram_n761:altsyncram4|ram_block7a49  ; clk          ; clk         ; 1.000        ; 0.006      ; 3.106      ;
; -2.135 ; feistel_algo:decrypt2|altshift_taps:L16_rtl_0|shift_taps_ghm:auto_generated|dffe6 ; feistel_algo:decrypt2|altshift_taps:L16_rtl_0|shift_taps_ghm:auto_generated|altsyncram_n761:altsyncram4|ram_block7a47  ; clk          ; clk         ; 1.000        ; 0.006      ; 3.106      ;
; -2.135 ; feistel_algo:decrypt2|altshift_taps:L16_rtl_0|shift_taps_ghm:auto_generated|dffe6 ; feistel_algo:decrypt2|altshift_taps:L16_rtl_0|shift_taps_ghm:auto_generated|altsyncram_n761:altsyncram4|ram_block7a45  ; clk          ; clk         ; 1.000        ; 0.006      ; 3.106      ;
; -2.135 ; feistel_algo:decrypt2|altshift_taps:L16_rtl_0|shift_taps_ghm:auto_generated|dffe6 ; feistel_algo:decrypt2|altshift_taps:L16_rtl_0|shift_taps_ghm:auto_generated|altsyncram_n761:altsyncram4|ram_block7a43  ; clk          ; clk         ; 1.000        ; 0.006      ; 3.106      ;
; -2.135 ; feistel_algo:decrypt2|altshift_taps:L16_rtl_0|shift_taps_ghm:auto_generated|dffe6 ; feistel_algo:decrypt2|altshift_taps:L16_rtl_0|shift_taps_ghm:auto_generated|altsyncram_n761:altsyncram4|ram_block7a41  ; clk          ; clk         ; 1.000        ; 0.006      ; 3.106      ;
; -2.135 ; feistel_algo:decrypt2|altshift_taps:L16_rtl_0|shift_taps_ghm:auto_generated|dffe6 ; feistel_algo:decrypt2|altshift_taps:L16_rtl_0|shift_taps_ghm:auto_generated|altsyncram_n761:altsyncram4|ram_block7a37  ; clk          ; clk         ; 1.000        ; 0.006      ; 3.106      ;
; -2.135 ; feistel_algo:decrypt2|altshift_taps:L16_rtl_0|shift_taps_ghm:auto_generated|dffe6 ; feistel_algo:decrypt2|altshift_taps:L16_rtl_0|shift_taps_ghm:auto_generated|altsyncram_n761:altsyncram4|ram_block7a33  ; clk          ; clk         ; 1.000        ; 0.006      ; 3.106      ;
; -2.135 ; feistel_algo:decrypt2|altshift_taps:L16_rtl_0|shift_taps_ghm:auto_generated|dffe6 ; feistel_algo:decrypt2|altshift_taps:L16_rtl_0|shift_taps_ghm:auto_generated|altsyncram_n761:altsyncram4|ram_block7a29  ; clk          ; clk         ; 1.000        ; 0.006      ; 3.106      ;
; -2.135 ; feistel_algo:decrypt2|altshift_taps:L16_rtl_0|shift_taps_ghm:auto_generated|dffe6 ; feistel_algo:decrypt2|altshift_taps:L16_rtl_0|shift_taps_ghm:auto_generated|altsyncram_n761:altsyncram4|ram_block7a27  ; clk          ; clk         ; 1.000        ; 0.006      ; 3.106      ;
; -2.135 ; feistel_algo:decrypt2|altshift_taps:L16_rtl_0|shift_taps_ghm:auto_generated|dffe6 ; feistel_algo:decrypt2|altshift_taps:L16_rtl_0|shift_taps_ghm:auto_generated|altsyncram_n761:altsyncram4|ram_block7a25  ; clk          ; clk         ; 1.000        ; 0.006      ; 3.106      ;
; -2.135 ; feistel_algo:decrypt2|altshift_taps:L16_rtl_0|shift_taps_ghm:auto_generated|dffe6 ; feistel_algo:decrypt2|altshift_taps:L16_rtl_0|shift_taps_ghm:auto_generated|altsyncram_n761:altsyncram4|ram_block7a22  ; clk          ; clk         ; 1.000        ; 0.006      ; 3.106      ;
; -2.135 ; feistel_algo:decrypt2|altshift_taps:L16_rtl_0|shift_taps_ghm:auto_generated|dffe6 ; feistel_algo:decrypt2|altshift_taps:L16_rtl_0|shift_taps_ghm:auto_generated|altsyncram_n761:altsyncram4|ram_block7a21  ; clk          ; clk         ; 1.000        ; 0.006      ; 3.106      ;
; -2.135 ; feistel_algo:decrypt2|altshift_taps:L16_rtl_0|shift_taps_ghm:auto_generated|dffe6 ; feistel_algo:decrypt2|altshift_taps:L16_rtl_0|shift_taps_ghm:auto_generated|altsyncram_n761:altsyncram4|ram_block7a20  ; clk          ; clk         ; 1.000        ; 0.006      ; 3.106      ;
; -2.135 ; feistel_algo:decrypt2|altshift_taps:L16_rtl_0|shift_taps_ghm:auto_generated|dffe6 ; feistel_algo:decrypt2|altshift_taps:L16_rtl_0|shift_taps_ghm:auto_generated|altsyncram_n761:altsyncram4|ram_block7a19  ; clk          ; clk         ; 1.000        ; 0.006      ; 3.106      ;
; -2.135 ; feistel_algo:decrypt2|altshift_taps:L16_rtl_0|shift_taps_ghm:auto_generated|dffe6 ; feistel_algo:decrypt2|altshift_taps:L16_rtl_0|shift_taps_ghm:auto_generated|altsyncram_n761:altsyncram4|ram_block7a17  ; clk          ; clk         ; 1.000        ; 0.006      ; 3.106      ;
; -2.135 ; feistel_algo:decrypt2|altshift_taps:L16_rtl_0|shift_taps_ghm:auto_generated|dffe6 ; feistel_algo:decrypt2|altshift_taps:L16_rtl_0|shift_taps_ghm:auto_generated|altsyncram_n761:altsyncram4|ram_block7a14  ; clk          ; clk         ; 1.000        ; 0.006      ; 3.106      ;
; -2.135 ; feistel_algo:decrypt2|altshift_taps:L16_rtl_0|shift_taps_ghm:auto_generated|dffe6 ; feistel_algo:decrypt2|altshift_taps:L16_rtl_0|shift_taps_ghm:auto_generated|altsyncram_n761:altsyncram4|ram_block7a13  ; clk          ; clk         ; 1.000        ; 0.006      ; 3.106      ;
; -2.135 ; feistel_algo:decrypt2|altshift_taps:L16_rtl_0|shift_taps_ghm:auto_generated|dffe6 ; feistel_algo:decrypt2|altshift_taps:L16_rtl_0|shift_taps_ghm:auto_generated|altsyncram_n761:altsyncram4|ram_block7a12  ; clk          ; clk         ; 1.000        ; 0.006      ; 3.106      ;
; -2.135 ; feistel_algo:decrypt2|altshift_taps:L16_rtl_0|shift_taps_ghm:auto_generated|dffe6 ; feistel_algo:decrypt2|altshift_taps:L16_rtl_0|shift_taps_ghm:auto_generated|altsyncram_n761:altsyncram4|ram_block7a9   ; clk          ; clk         ; 1.000        ; 0.006      ; 3.106      ;
; -2.135 ; feistel_algo:decrypt2|altshift_taps:L16_rtl_0|shift_taps_ghm:auto_generated|dffe6 ; feistel_algo:decrypt2|altshift_taps:L16_rtl_0|shift_taps_ghm:auto_generated|altsyncram_n761:altsyncram4|ram_block7a5   ; clk          ; clk         ; 1.000        ; 0.006      ; 3.106      ;
; -2.135 ; feistel_algo:decrypt2|altshift_taps:L16_rtl_0|shift_taps_ghm:auto_generated|dffe6 ; feistel_algo:decrypt2|altshift_taps:L16_rtl_0|shift_taps_ghm:auto_generated|altsyncram_n761:altsyncram4|ram_block7a3   ; clk          ; clk         ; 1.000        ; 0.006      ; 3.106      ;
; -2.135 ; feistel_algo:decrypt2|altshift_taps:L16_rtl_0|shift_taps_ghm:auto_generated|dffe6 ; feistel_algo:decrypt2|altshift_taps:L16_rtl_0|shift_taps_ghm:auto_generated|altsyncram_n761:altsyncram4|ram_block7a1   ; clk          ; clk         ; 1.000        ; 0.006      ; 3.106      ;
; -2.135 ; feistel_algo:decrypt2|altshift_taps:L16_rtl_0|shift_taps_ghm:auto_generated|dffe6 ; feistel_algo:decrypt2|altshift_taps:L16_rtl_0|shift_taps_ghm:auto_generated|altsyncram_n761:altsyncram4|ram_block7a62  ; clk          ; clk         ; 1.000        ; 0.000      ; 3.100      ;
; -2.135 ; feistel_algo:decrypt2|altshift_taps:L16_rtl_0|shift_taps_ghm:auto_generated|dffe6 ; feistel_algo:decrypt2|altshift_taps:L16_rtl_0|shift_taps_ghm:auto_generated|altsyncram_n761:altsyncram4|ram_block7a60  ; clk          ; clk         ; 1.000        ; 0.000      ; 3.100      ;
; -2.135 ; feistel_algo:decrypt2|altshift_taps:L16_rtl_0|shift_taps_ghm:auto_generated|dffe6 ; feistel_algo:decrypt2|altshift_taps:L16_rtl_0|shift_taps_ghm:auto_generated|altsyncram_n761:altsyncram4|ram_block7a58  ; clk          ; clk         ; 1.000        ; 0.000      ; 3.100      ;
; -2.135 ; feistel_algo:decrypt2|altshift_taps:L16_rtl_0|shift_taps_ghm:auto_generated|dffe6 ; feistel_algo:decrypt2|altshift_taps:L16_rtl_0|shift_taps_ghm:auto_generated|altsyncram_n761:altsyncram4|ram_block7a57  ; clk          ; clk         ; 1.000        ; 0.000      ; 3.100      ;
; -2.135 ; feistel_algo:decrypt2|altshift_taps:L16_rtl_0|shift_taps_ghm:auto_generated|dffe6 ; feistel_algo:decrypt2|altshift_taps:L16_rtl_0|shift_taps_ghm:auto_generated|altsyncram_n761:altsyncram4|ram_block7a56  ; clk          ; clk         ; 1.000        ; 0.000      ; 3.100      ;
; -2.135 ; feistel_algo:decrypt2|altshift_taps:L16_rtl_0|shift_taps_ghm:auto_generated|dffe6 ; feistel_algo:decrypt2|altshift_taps:L16_rtl_0|shift_taps_ghm:auto_generated|altsyncram_n761:altsyncram4|ram_block7a54  ; clk          ; clk         ; 1.000        ; 0.000      ; 3.100      ;
; -2.135 ; feistel_algo:decrypt2|altshift_taps:L16_rtl_0|shift_taps_ghm:auto_generated|dffe6 ; feistel_algo:decrypt2|altshift_taps:L16_rtl_0|shift_taps_ghm:auto_generated|altsyncram_n761:altsyncram4|ram_block7a52  ; clk          ; clk         ; 1.000        ; 0.000      ; 3.100      ;
; -2.135 ; feistel_algo:decrypt2|altshift_taps:L16_rtl_0|shift_taps_ghm:auto_generated|dffe6 ; feistel_algo:decrypt2|altshift_taps:L16_rtl_0|shift_taps_ghm:auto_generated|altsyncram_n761:altsyncram4|ram_block7a50  ; clk          ; clk         ; 1.000        ; 0.000      ; 3.100      ;
+--------+-----------------------------------------------------------------------------------+------------------------------------------------------------------------------------------------------------------------+--------------+-------------+--------------+------------+------------+


+------------------------------------------------------------------------------------------------------------------------------------------------------------------------------------------------------------------------------------------------------------------------------------------+
; Slow Model Removal: 'clk'                                                                                                                                                                                                                                                                ;
+-------+-----------------------------------------------------------------------------------+------------------------------------------------------------------------------------------------------------------------+--------------+-------------+--------------+------------+------------+
; Slack ; From Node                                                                         ; To Node                                                                                                                ; Launch Clock ; Latch Clock ; Relationship ; Clock Skew ; Data Delay ;
+-------+-----------------------------------------------------------------------------------+------------------------------------------------------------------------------------------------------------------------+--------------+-------------+--------------+------------+------------+
; 2.866 ; feistel_algo:decrypt2|altshift_taps:L16_rtl_0|shift_taps_ghm:auto_generated|dffe6 ; feistel_algo:decrypt2|altshift_taps:L16_rtl_0|shift_taps_ghm:auto_generated|altsyncram_n761:altsyncram4|ram_block7a127 ; clk          ; clk         ; 0.000        ; 0.020      ; 3.120      ;
; 2.866 ; feistel_algo:decrypt2|altshift_taps:L16_rtl_0|shift_taps_ghm:auto_generated|dffe6 ; feistel_algo:decrypt2|altshift_taps:L16_rtl_0|shift_taps_ghm:auto_generated|altsyncram_n761:altsyncram4|ram_block7a123 ; clk          ; clk         ; 0.000        ; 0.020      ; 3.120      ;
; 2.866 ; feistel_algo:decrypt2|altshift_taps:L16_rtl_0|shift_taps_ghm:auto_generated|dffe6 ; feistel_algo:decrypt2|altshift_taps:L16_rtl_0|shift_taps_ghm:auto_generated|altsyncram_n761:altsyncram4|ram_block7a122 ; clk          ; clk         ; 0.000        ; 0.020      ; 3.120      ;
; 2.866 ; feistel_algo:decrypt2|altshift_taps:L16_rtl_0|shift_taps_ghm:auto_generated|dffe6 ; feistel_algo:decrypt2|altshift_taps:L16_rtl_0|shift_taps_ghm:auto_generated|altsyncram_n761:altsyncram4|ram_block7a121 ; clk          ; clk         ; 0.000        ; 0.020      ; 3.120      ;
; 2.866 ; feistel_algo:decrypt2|altshift_taps:L16_rtl_0|shift_taps_ghm:auto_generated|dffe6 ; feistel_algo:decrypt2|altshift_taps:L16_rtl_0|shift_taps_ghm:auto_generated|altsyncram_n761:altsyncram4|ram_block7a120 ; clk          ; clk         ; 0.000        ; 0.020      ; 3.120      ;
; 2.866 ; feistel_algo:decrypt2|altshift_taps:L16_rtl_0|shift_taps_ghm:auto_generated|dffe6 ; feistel_algo:decrypt2|altshift_taps:L16_rtl_0|shift_taps_ghm:auto_generated|altsyncram_n761:altsyncram4|ram_block7a119 ; clk          ; clk         ; 0.000        ; 0.020      ; 3.120      ;
; 2.866 ; feistel_algo:decrypt2|altshift_taps:L16_rtl_0|shift_taps_ghm:auto_generated|dffe6 ; feistel_algo:decrypt2|altshift_taps:L16_rtl_0|shift_taps_ghm:auto_generated|altsyncram_n761:altsyncram4|ram_block7a117 ; clk          ; clk         ; 0.000        ; 0.020      ; 3.120      ;
; 2.866 ; feistel_algo:decrypt2|altshift_taps:L16_rtl_0|shift_taps_ghm:auto_generated|dffe6 ; feistel_algo:decrypt2|altshift_taps:L16_rtl_0|shift_taps_ghm:auto_generated|altsyncram_n761:altsyncram4|ram_block7a115 ; clk          ; clk         ; 0.000        ; 0.020      ; 3.120      ;
; 2.866 ; feistel_algo:decrypt2|altshift_taps:L16_rtl_0|shift_taps_ghm:auto_generated|dffe6 ; feistel_algo:decrypt2|altshift_taps:L16_rtl_0|shift_taps_ghm:auto_generated|altsyncram_n761:altsyncram4|ram_block7a112 ; clk          ; clk         ; 0.000        ; 0.020      ; 3.120      ;
; 2.866 ; feistel_algo:decrypt2|altshift_taps:L16_rtl_0|shift_taps_ghm:auto_generated|dffe6 ; feistel_algo:decrypt2|altshift_taps:L16_rtl_0|shift_taps_ghm:auto_generated|altsyncram_n761:altsyncram4|ram_block7a111 ; clk          ; clk         ; 0.000        ; 0.020      ; 3.120      ;
; 2.866 ; feistel_algo:decrypt2|altshift_taps:L16_rtl_0|shift_taps_ghm:auto_generated|dffe6 ; feistel_algo:decrypt2|altshift_taps:L16_rtl_0|shift_taps_ghm:auto_generated|altsyncram_n761:altsyncram4|ram_block7a109 ; clk          ; clk         ; 0.000        ; 0.020      ; 3.120      ;
; 2.866 ; feistel_algo:decrypt2|altshift_taps:L16_rtl_0|shift_taps_ghm:auto_generated|dffe6 ; feistel_algo:decrypt2|altshift_taps:L16_rtl_0|shift_taps_ghm:auto_generated|altsyncram_n761:altsyncram4|ram_block7a107 ; clk          ; clk         ; 0.000        ; 0.020      ; 3.120      ;
; 2.866 ; feistel_algo:decrypt2|altshift_taps:L16_rtl_0|shift_taps_ghm:auto_generated|dffe6 ; feistel_algo:decrypt2|altshift_taps:L16_rtl_0|shift_taps_ghm:auto_generated|altsyncram_n761:altsyncram4|ram_block7a104 ; clk          ; clk         ; 0.000        ; 0.020      ; 3.120      ;
; 2.866 ; feistel_algo:decrypt2|altshift_taps:L16_rtl_0|shift_taps_ghm:auto_generated|dffe6 ; feistel_algo:decrypt2|altshift_taps:L16_rtl_0|shift_taps_ghm:auto_generated|altsyncram_n761:altsyncram4|ram_block7a103 ; clk          ; clk         ; 0.000        ; 0.020      ; 3.120      ;
; 2.866 ; feistel_algo:decrypt2|altshift_taps:L16_rtl_0|shift_taps_ghm:auto_generated|dffe6 ; feistel_algo:decrypt2|altshift_taps:L16_rtl_0|shift_taps_ghm:auto_generated|altsyncram_n761:altsyncram4|ram_block7a101 ; clk          ; clk         ; 0.000        ; 0.020      ; 3.120      ;
; 2.866 ; feistel_algo:decrypt2|altshift_taps:L16_rtl_0|shift_taps_ghm:auto_generated|dffe6 ; feistel_algo:decrypt2|altshift_taps:L16_rtl_0|shift_taps_ghm:auto_generated|altsyncram_n761:altsyncram4|ram_block7a100 ; clk          ; clk         ; 0.000        ; 0.020      ; 3.120      ;
; 2.866 ; feistel_algo:decrypt2|altshift_taps:L16_rtl_0|shift_taps_ghm:auto_generated|dffe6 ; feistel_algo:decrypt2|altshift_taps:L16_rtl_0|shift_taps_ghm:auto_generated|altsyncram_n761:altsyncram4|ram_block7a97  ; clk          ; clk         ; 0.000        ; 0.020      ; 3.120      ;
; 2.866 ; feistel_algo:decrypt2|altshift_taps:L16_rtl_0|shift_taps_ghm:auto_generated|dffe6 ; feistel_algo:decrypt2|altshift_taps:L16_rtl_0|shift_taps_ghm:auto_generated|altsyncram_n761:altsyncram4|ram_block7a96  ; clk          ; clk         ; 0.000        ; 0.020      ; 3.120      ;
; 2.866 ; feistel_algo:decrypt2|altshift_taps:L16_rtl_0|shift_taps_ghm:auto_generated|dffe6 ; feistel_algo:decrypt2|altshift_taps:L16_rtl_0|shift_taps_ghm:auto_generated|altsyncram_n761:altsyncram4|ram_block7a95  ; clk          ; clk         ; 0.000        ; 0.020      ; 3.120      ;
; 2.866 ; feistel_algo:decrypt2|altshift_taps:L16_rtl_0|shift_taps_ghm:auto_generated|dffe6 ; feistel_algo:decrypt2|altshift_taps:L16_rtl_0|shift_taps_ghm:auto_generated|altsyncram_n761:altsyncram4|ram_block7a93  ; clk          ; clk         ; 0.000        ; 0.020      ; 3.120      ;
; 2.866 ; feistel_algo:decrypt2|altshift_taps:L16_rtl_0|shift_taps_ghm:auto_generated|dffe6 ; feistel_algo:decrypt2|altshift_taps:L16_rtl_0|shift_taps_ghm:auto_generated|altsyncram_n761:altsyncram4|ram_block7a92  ; clk          ; clk         ; 0.000        ; 0.020      ; 3.120      ;
; 2.866 ; feistel_algo:decrypt2|altshift_taps:L16_rtl_0|shift_taps_ghm:auto_generated|dffe6 ; feistel_algo:decrypt2|altshift_taps:L16_rtl_0|shift_taps_ghm:auto_generated|altsyncram_n761:altsyncram4|ram_block7a89  ; clk          ; clk         ; 0.000        ; 0.020      ; 3.120      ;
; 2.866 ; feistel_algo:decrypt2|altshift_taps:L16_rtl_0|shift_taps_ghm:auto_generated|dffe6 ; feistel_algo:decrypt2|altshift_taps:L16_rtl_0|shift_taps_ghm:auto_generated|altsyncram_n761:altsyncram4|ram_block7a88  ; clk          ; clk         ; 0.000        ; 0.020      ; 3.120      ;
; 2.866 ; feistel_algo:decrypt2|altshift_taps:L16_rtl_0|shift_taps_ghm:auto_generated|dffe6 ; feistel_algo:decrypt2|altshift_taps:L16_rtl_0|shift_taps_ghm:auto_generated|altsyncram_n761:altsyncram4|ram_block7a87  ; clk          ; clk         ; 0.000        ; 0.020      ; 3.120      ;
; 2.866 ; feistel_algo:decrypt2|altshift_taps:L16_rtl_0|shift_taps_ghm:auto_generated|dffe6 ; feistel_algo:decrypt2|altshift_taps:L16_rtl_0|shift_taps_ghm:auto_generated|altsyncram_n761:altsyncram4|ram_block7a85  ; clk          ; clk         ; 0.000        ; 0.020      ; 3.120      ;
; 2.866 ; feistel_algo:decrypt2|altshift_taps:L16_rtl_0|shift_taps_ghm:auto_generated|dffe6 ; feistel_algo:decrypt2|altshift_taps:L16_rtl_0|shift_taps_ghm:auto_generated|altsyncram_n761:altsyncram4|ram_block7a84  ; clk          ; clk         ; 0.000        ; 0.020      ; 3.120      ;
; 2.866 ; feistel_algo:decrypt2|altshift_taps:L16_rtl_0|shift_taps_ghm:auto_generated|dffe6 ; feistel_algo:decrypt2|altshift_taps:L16_rtl_0|shift_taps_ghm:auto_generated|altsyncram_n761:altsyncram4|ram_block7a81  ; clk          ; clk         ; 0.000        ; 0.020      ; 3.120      ;
; 2.866 ; feistel_algo:decrypt2|altshift_taps:L16_rtl_0|shift_taps_ghm:auto_generated|dffe6 ; feistel_algo:decrypt2|altshift_taps:L16_rtl_0|shift_taps_ghm:auto_generated|altsyncram_n761:altsyncram4|ram_block7a79  ; clk          ; clk         ; 0.000        ; 0.020      ; 3.120      ;
; 2.866 ; feistel_algo:decrypt2|altshift_taps:L16_rtl_0|shift_taps_ghm:auto_generated|dffe6 ; feistel_algo:decrypt2|altshift_taps:L16_rtl_0|shift_taps_ghm:auto_generated|altsyncram_n761:altsyncram4|ram_block7a77  ; clk          ; clk         ; 0.000        ; 0.020      ; 3.120      ;
; 2.866 ; feistel_algo:decrypt2|altshift_taps:L16_rtl_0|shift_taps_ghm:auto_generated|dffe6 ; feistel_algo:decrypt2|altshift_taps:L16_rtl_0|shift_taps_ghm:auto_generated|altsyncram_n761:altsyncram4|ram_block7a76  ; clk          ; clk         ; 0.000        ; 0.020      ; 3.120      ;
; 2.866 ; feistel_algo:decrypt2|altshift_taps:L16_rtl_0|shift_taps_ghm:auto_generated|dffe6 ; feistel_algo:decrypt2|altshift_taps:L16_rtl_0|shift_taps_ghm:auto_generated|altsyncram_n761:altsyncram4|ram_block7a73  ; clk          ; clk         ; 0.000        ; 0.020      ; 3.120      ;
; 2.866 ; feistel_algo:decrypt2|altshift_taps:L16_rtl_0|shift_taps_ghm:auto_generated|dffe6 ; feistel_algo:decrypt2|altshift_taps:L16_rtl_0|shift_taps_ghm:auto_generated|altsyncram_n761:altsyncram4|ram_block7a70  ; clk          ; clk         ; 0.000        ; 0.020      ; 3.120      ;
; 2.866 ; feistel_algo:decrypt2|altshift_taps:L16_rtl_0|shift_taps_ghm:auto_generated|dffe6 ; feistel_algo:decrypt2|altshift_taps:L16_rtl_0|shift_taps_ghm:auto_generated|altsyncram_n761:altsyncram4|ram_block7a69  ; clk          ; clk         ; 0.000        ; 0.020      ; 3.120      ;
; 2.866 ; feistel_algo:decrypt2|altshift_taps:L16_rtl_0|shift_taps_ghm:auto_generated|dffe6 ; feistel_algo:decrypt2|altshift_taps:L16_rtl_0|shift_taps_ghm:auto_generated|altsyncram_n761:altsyncram4|ram_block7a68  ; clk          ; clk         ; 0.000        ; 0.020      ; 3.120      ;
; 2.866 ; feistel_algo:decrypt2|altshift_taps:L16_rtl_0|shift_taps_ghm:auto_generated|dffe6 ; feistel_algo:decrypt2|altshift_taps:L16_rtl_0|shift_taps_ghm:auto_generated|altsyncram_n761:altsyncram4|ram_block7a65  ; clk          ; clk         ; 0.000        ; 0.020      ; 3.120      ;
; 2.866 ; feistel_algo:decrypt2|altshift_taps:L16_rtl_0|shift_taps_ghm:auto_generated|dffe6 ; feistel_algo:decrypt2|altshift_taps:L16_rtl_0|shift_taps_ghm:auto_generated|altsyncram_n761:altsyncram4|ram_block7a64  ; clk          ; clk         ; 0.000        ; 0.020      ; 3.120      ;
; 2.866 ; feistel_algo:decrypt2|altshift_taps:L16_rtl_0|shift_taps_ghm:auto_generated|dffe6 ; feistel_algo:decrypt2|altshift_taps:L16_rtl_0|shift_taps_ghm:auto_generated|altsyncram_n761:altsyncram4|ram_block7a124 ; clk          ; clk         ; 0.000        ; 0.023      ; 3.123      ;
; 2.866 ; feistel_algo:decrypt2|altshift_taps:L16_rtl_0|shift_taps_ghm:auto_generated|dffe6 ; feistel_algo:decrypt2|altshift_taps:L16_rtl_0|shift_taps_ghm:auto_generated|altsyncram_n761:altsyncram4|ram_block7a118 ; clk          ; clk         ; 0.000        ; 0.023      ; 3.123      ;
; 2.866 ; feistel_algo:decrypt2|altshift_taps:L16_rtl_0|shift_taps_ghm:auto_generated|dffe6 ; feistel_algo:decrypt2|altshift_taps:L16_rtl_0|shift_taps_ghm:auto_generated|altsyncram_n761:altsyncram4|ram_block7a116 ; clk          ; clk         ; 0.000        ; 0.023      ; 3.123      ;
; 2.866 ; feistel_algo:decrypt2|altshift_taps:L16_rtl_0|shift_taps_ghm:auto_generated|dffe6 ; feistel_algo:decrypt2|altshift_taps:L16_rtl_0|shift_taps_ghm:auto_generated|altsyncram_n761:altsyncram4|ram_block7a114 ; clk          ; clk         ; 0.000        ; 0.023      ; 3.123      ;
; 2.866 ; feistel_algo:decrypt2|altshift_taps:L16_rtl_0|shift_taps_ghm:auto_generated|dffe6 ; feistel_algo:decrypt2|altshift_taps:L16_rtl_0|shift_taps_ghm:auto_generated|altsyncram_n761:altsyncram4|ram_block7a113 ; clk          ; clk         ; 0.000        ; 0.023      ; 3.123      ;
; 2.866 ; feistel_algo:decrypt2|altshift_taps:L16_rtl_0|shift_taps_ghm:auto_generated|dffe6 ; feistel_algo:decrypt2|altshift_taps:L16_rtl_0|shift_taps_ghm:auto_generated|altsyncram_n761:altsyncram4|ram_block7a110 ; clk          ; clk         ; 0.000        ; 0.023      ; 3.123      ;
; 2.866 ; feistel_algo:decrypt2|altshift_taps:L16_rtl_0|shift_taps_ghm:auto_generated|dffe6 ; feistel_algo:decrypt2|altshift_taps:L16_rtl_0|shift_taps_ghm:auto_generated|altsyncram_n761:altsyncram4|ram_block7a108 ; clk          ; clk         ; 0.000        ; 0.023      ; 3.123      ;
; 2.866 ; feistel_algo:decrypt2|altshift_taps:L16_rtl_0|shift_taps_ghm:auto_generated|dffe6 ; feistel_algo:decrypt2|altshift_taps:L16_rtl_0|shift_taps_ghm:auto_generated|altsyncram_n761:altsyncram4|ram_block7a106 ; clk          ; clk         ; 0.000        ; 0.023      ; 3.123      ;
; 2.866 ; feistel_algo:decrypt2|altshift_taps:L16_rtl_0|shift_taps_ghm:auto_generated|dffe6 ; feistel_algo:decrypt2|altshift_taps:L16_rtl_0|shift_taps_ghm:auto_generated|altsyncram_n761:altsyncram4|ram_block7a105 ; clk          ; clk         ; 0.000        ; 0.023      ; 3.123      ;
; 2.866 ; feistel_algo:decrypt2|altshift_taps:L16_rtl_0|shift_taps_ghm:auto_generated|dffe6 ; feistel_algo:decrypt2|altshift_taps:L16_rtl_0|shift_taps_ghm:auto_generated|altsyncram_n761:altsyncram4|ram_block7a102 ; clk          ; clk         ; 0.000        ; 0.023      ; 3.123      ;
; 2.866 ; feistel_algo:decrypt2|altshift_taps:L16_rtl_0|shift_taps_ghm:auto_generated|dffe6 ; feistel_algo:decrypt2|altshift_taps:L16_rtl_0|shift_taps_ghm:auto_generated|altsyncram_n761:altsyncram4|ram_block7a98  ; clk          ; clk         ; 0.000        ; 0.023      ; 3.123      ;
; 2.866 ; feistel_algo:decrypt2|altshift_taps:L16_rtl_0|shift_taps_ghm:auto_generated|dffe6 ; feistel_algo:decrypt2|altshift_taps:L16_rtl_0|shift_taps_ghm:auto_generated|altsyncram_n761:altsyncram4|ram_block7a94  ; clk          ; clk         ; 0.000        ; 0.023      ; 3.123      ;
; 2.866 ; feistel_algo:decrypt2|altshift_taps:L16_rtl_0|shift_taps_ghm:auto_generated|dffe6 ; feistel_algo:decrypt2|altshift_taps:L16_rtl_0|shift_taps_ghm:auto_generated|altsyncram_n761:altsyncram4|ram_block7a90  ; clk          ; clk         ; 0.000        ; 0.023      ; 3.123      ;
; 2.866 ; feistel_algo:decrypt2|altshift_taps:L16_rtl_0|shift_taps_ghm:auto_generated|dffe6 ; feistel_algo:decrypt2|altshift_taps:L16_rtl_0|shift_taps_ghm:auto_generated|altsyncram_n761:altsyncram4|ram_block7a86  ; clk          ; clk         ; 0.000        ; 0.023      ; 3.123      ;
; 2.866 ; feistel_algo:decrypt2|altshift_taps:L16_rtl_0|shift_taps_ghm:auto_generated|dffe6 ; feistel_algo:decrypt2|altshift_taps:L16_rtl_0|shift_taps_ghm:auto_generated|altsyncram_n761:altsyncram4|ram_block7a82  ; clk          ; clk         ; 0.000        ; 0.023      ; 3.123      ;
; 2.866 ; feistel_algo:decrypt2|altshift_taps:L16_rtl_0|shift_taps_ghm:auto_generated|dffe6 ; feistel_algo:decrypt2|altshift_taps:L16_rtl_0|shift_taps_ghm:auto_generated|altsyncram_n761:altsyncram4|ram_block7a80  ; clk          ; clk         ; 0.000        ; 0.023      ; 3.123      ;
; 2.866 ; feistel_algo:decrypt2|altshift_taps:L16_rtl_0|shift_taps_ghm:auto_generated|dffe6 ; feistel_algo:decrypt2|altshift_taps:L16_rtl_0|shift_taps_ghm:auto_generated|altsyncram_n761:altsyncram4|ram_block7a78  ; clk          ; clk         ; 0.000        ; 0.023      ; 3.123      ;
; 2.866 ; feistel_algo:decrypt2|altshift_taps:L16_rtl_0|shift_taps_ghm:auto_generated|dffe6 ; feistel_algo:decrypt2|altshift_taps:L16_rtl_0|shift_taps_ghm:auto_generated|altsyncram_n761:altsyncram4|ram_block7a74  ; clk          ; clk         ; 0.000        ; 0.023      ; 3.123      ;
; 2.866 ; feistel_algo:decrypt2|altshift_taps:L16_rtl_0|shift_taps_ghm:auto_generated|dffe6 ; feistel_algo:decrypt2|altshift_taps:L16_rtl_0|shift_taps_ghm:auto_generated|altsyncram_n761:altsyncram4|ram_block7a72  ; clk          ; clk         ; 0.000        ; 0.023      ; 3.123      ;
; 2.866 ; feistel_algo:decrypt2|altshift_taps:L16_rtl_0|shift_taps_ghm:auto_generated|dffe6 ; feistel_algo:decrypt2|altshift_taps:L16_rtl_0|shift_taps_ghm:auto_generated|altsyncram_n761:altsyncram4|ram_block7a66  ; clk          ; clk         ; 0.000        ; 0.023      ; 3.123      ;
; 2.866 ; feistel_algo:decrypt2|altshift_taps:L16_rtl_0|shift_taps_ghm:auto_generated|dffe6 ; feistel_algo:decrypt2|altshift_taps:L16_rtl_0|shift_taps_ghm:auto_generated|altsyncram_n761:altsyncram4|ram_block7a126 ; clk          ; clk         ; 0.000        ; 0.006      ; 3.106      ;
; 2.866 ; feistel_algo:decrypt2|altshift_taps:L16_rtl_0|shift_taps_ghm:auto_generated|dffe6 ; feistel_algo:decrypt2|altshift_taps:L16_rtl_0|shift_taps_ghm:auto_generated|altsyncram_n761:altsyncram4|ram_block7a125 ; clk          ; clk         ; 0.000        ; 0.006      ; 3.106      ;
; 2.866 ; feistel_algo:decrypt2|altshift_taps:L16_rtl_0|shift_taps_ghm:auto_generated|dffe6 ; feistel_algo:decrypt2|altshift_taps:L16_rtl_0|shift_taps_ghm:auto_generated|altsyncram_n761:altsyncram4|ram_block7a99  ; clk          ; clk         ; 0.000        ; 0.006      ; 3.106      ;
; 2.866 ; feistel_algo:decrypt2|altshift_taps:L16_rtl_0|shift_taps_ghm:auto_generated|dffe6 ; feistel_algo:decrypt2|altshift_taps:L16_rtl_0|shift_taps_ghm:auto_generated|altsyncram_n761:altsyncram4|ram_block7a91  ; clk          ; clk         ; 0.000        ; 0.006      ; 3.106      ;
; 2.866 ; feistel_algo:decrypt2|altshift_taps:L16_rtl_0|shift_taps_ghm:auto_generated|dffe6 ; feistel_algo:decrypt2|altshift_taps:L16_rtl_0|shift_taps_ghm:auto_generated|altsyncram_n761:altsyncram4|ram_block7a83  ; clk          ; clk         ; 0.000        ; 0.006      ; 3.106      ;
; 2.866 ; feistel_algo:decrypt2|altshift_taps:L16_rtl_0|shift_taps_ghm:auto_generated|dffe6 ; feistel_algo:decrypt2|altshift_taps:L16_rtl_0|shift_taps_ghm:auto_generated|altsyncram_n761:altsyncram4|ram_block7a75  ; clk          ; clk         ; 0.000        ; 0.006      ; 3.106      ;
; 2.866 ; feistel_algo:decrypt2|altshift_taps:L16_rtl_0|shift_taps_ghm:auto_generated|dffe6 ; feistel_algo:decrypt2|altshift_taps:L16_rtl_0|shift_taps_ghm:auto_generated|altsyncram_n761:altsyncram4|ram_block7a71  ; clk          ; clk         ; 0.000        ; 0.006      ; 3.106      ;
; 2.866 ; feistel_algo:decrypt2|altshift_taps:L16_rtl_0|shift_taps_ghm:auto_generated|dffe6 ; feistel_algo:decrypt2|altshift_taps:L16_rtl_0|shift_taps_ghm:auto_generated|altsyncram_n761:altsyncram4|ram_block7a67  ; clk          ; clk         ; 0.000        ; 0.006      ; 3.106      ;
; 2.866 ; feistel_algo:decrypt2|altshift_taps:L16_rtl_0|shift_taps_ghm:auto_generated|dffe6 ; feistel_algo:decrypt2|altshift_taps:L16_rtl_0|shift_taps_ghm:auto_generated|altsyncram_n761:altsyncram4|ram_block7a63  ; clk          ; clk         ; 0.000        ; 0.006      ; 3.106      ;
; 2.866 ; feistel_algo:decrypt2|altshift_taps:L16_rtl_0|shift_taps_ghm:auto_generated|dffe6 ; feistel_algo:decrypt2|altshift_taps:L16_rtl_0|shift_taps_ghm:auto_generated|altsyncram_n761:altsyncram4|ram_block7a61  ; clk          ; clk         ; 0.000        ; 0.006      ; 3.106      ;
; 2.866 ; feistel_algo:decrypt2|altshift_taps:L16_rtl_0|shift_taps_ghm:auto_generated|dffe6 ; feistel_algo:decrypt2|altshift_taps:L16_rtl_0|shift_taps_ghm:auto_generated|altsyncram_n761:altsyncram4|ram_block7a59  ; clk          ; clk         ; 0.000        ; 0.006      ; 3.106      ;
; 2.866 ; feistel_algo:decrypt2|altshift_taps:L16_rtl_0|shift_taps_ghm:auto_generated|dffe6 ; feistel_algo:decrypt2|altshift_taps:L16_rtl_0|shift_taps_ghm:auto_generated|altsyncram_n761:altsyncram4|ram_block7a55  ; clk          ; clk         ; 0.000        ; 0.006      ; 3.106      ;
; 2.866 ; feistel_algo:decrypt2|altshift_taps:L16_rtl_0|shift_taps_ghm:auto_generated|dffe6 ; feistel_algo:decrypt2|altshift_taps:L16_rtl_0|shift_taps_ghm:auto_generated|altsyncram_n761:altsyncram4|ram_block7a53  ; clk          ; clk         ; 0.000        ; 0.006      ; 3.106      ;
; 2.866 ; feistel_algo:decrypt2|altshift_taps:L16_rtl_0|shift_taps_ghm:auto_generated|dffe6 ; feistel_algo:decrypt2|altshift_taps:L16_rtl_0|shift_taps_ghm:auto_generated|altsyncram_n761:altsyncram4|ram_block7a51  ; clk          ; clk         ; 0.000        ; 0.006      ; 3.106      ;
; 2.866 ; feistel_algo:decrypt2|altshift_taps:L16_rtl_0|shift_taps_ghm:auto_generated|dffe6 ; feistel_algo:decrypt2|altshift_taps:L16_rtl_0|shift_taps_ghm:auto_generated|altsyncram_n761:altsyncram4|ram_block7a49  ; clk          ; clk         ; 0.000        ; 0.006      ; 3.106      ;
; 2.866 ; feistel_algo:decrypt2|altshift_taps:L16_rtl_0|shift_taps_ghm:auto_generated|dffe6 ; feistel_algo:decrypt2|altshift_taps:L16_rtl_0|shift_taps_ghm:auto_generated|altsyncram_n761:altsyncram4|ram_block7a47  ; clk          ; clk         ; 0.000        ; 0.006      ; 3.106      ;
; 2.866 ; feistel_algo:decrypt2|altshift_taps:L16_rtl_0|shift_taps_ghm:auto_generated|dffe6 ; feistel_algo:decrypt2|altshift_taps:L16_rtl_0|shift_taps_ghm:auto_generated|altsyncram_n761:altsyncram4|ram_block7a45  ; clk          ; clk         ; 0.000        ; 0.006      ; 3.106      ;
; 2.866 ; feistel_algo:decrypt2|altshift_taps:L16_rtl_0|shift_taps_ghm:auto_generated|dffe6 ; feistel_algo:decrypt2|altshift_taps:L16_rtl_0|shift_taps_ghm:auto_generated|altsyncram_n761:altsyncram4|ram_block7a43  ; clk          ; clk         ; 0.000        ; 0.006      ; 3.106      ;
; 2.866 ; feistel_algo:decrypt2|altshift_taps:L16_rtl_0|shift_taps_ghm:auto_generated|dffe6 ; feistel_algo:decrypt2|altshift_taps:L16_rtl_0|shift_taps_ghm:auto_generated|altsyncram_n761:altsyncram4|ram_block7a41  ; clk          ; clk         ; 0.000        ; 0.006      ; 3.106      ;
; 2.866 ; feistel_algo:decrypt2|altshift_taps:L16_rtl_0|shift_taps_ghm:auto_generated|dffe6 ; feistel_algo:decrypt2|altshift_taps:L16_rtl_0|shift_taps_ghm:auto_generated|altsyncram_n761:altsyncram4|ram_block7a37  ; clk          ; clk         ; 0.000        ; 0.006      ; 3.106      ;
; 2.866 ; feistel_algo:decrypt2|altshift_taps:L16_rtl_0|shift_taps_ghm:auto_generated|dffe6 ; feistel_algo:decrypt2|altshift_taps:L16_rtl_0|shift_taps_ghm:auto_generated|altsyncram_n761:altsyncram4|ram_block7a33  ; clk          ; clk         ; 0.000        ; 0.006      ; 3.106      ;
; 2.866 ; feistel_algo:decrypt2|altshift_taps:L16_rtl_0|shift_taps_ghm:auto_generated|dffe6 ; feistel_algo:decrypt2|altshift_taps:L16_rtl_0|shift_taps_ghm:auto_generated|altsyncram_n761:altsyncram4|ram_block7a29  ; clk          ; clk         ; 0.000        ; 0.006      ; 3.106      ;
; 2.866 ; feistel_algo:decrypt2|altshift_taps:L16_rtl_0|shift_taps_ghm:auto_generated|dffe6 ; feistel_algo:decrypt2|altshift_taps:L16_rtl_0|shift_taps_ghm:auto_generated|altsyncram_n761:altsyncram4|ram_block7a27  ; clk          ; clk         ; 0.000        ; 0.006      ; 3.106      ;
; 2.866 ; feistel_algo:decrypt2|altshift_taps:L16_rtl_0|shift_taps_ghm:auto_generated|dffe6 ; feistel_algo:decrypt2|altshift_taps:L16_rtl_0|shift_taps_ghm:auto_generated|altsyncram_n761:altsyncram4|ram_block7a25  ; clk          ; clk         ; 0.000        ; 0.006      ; 3.106      ;
; 2.866 ; feistel_algo:decrypt2|altshift_taps:L16_rtl_0|shift_taps_ghm:auto_generated|dffe6 ; feistel_algo:decrypt2|altshift_taps:L16_rtl_0|shift_taps_ghm:auto_generated|altsyncram_n761:altsyncram4|ram_block7a22  ; clk          ; clk         ; 0.000        ; 0.006      ; 3.106      ;
; 2.866 ; feistel_algo:decrypt2|altshift_taps:L16_rtl_0|shift_taps_ghm:auto_generated|dffe6 ; feistel_algo:decrypt2|altshift_taps:L16_rtl_0|shift_taps_ghm:auto_generated|altsyncram_n761:altsyncram4|ram_block7a21  ; clk          ; clk         ; 0.000        ; 0.006      ; 3.106      ;
; 2.866 ; feistel_algo:decrypt2|altshift_taps:L16_rtl_0|shift_taps_ghm:auto_generated|dffe6 ; feistel_algo:decrypt2|altshift_taps:L16_rtl_0|shift_taps_ghm:auto_generated|altsyncram_n761:altsyncram4|ram_block7a20  ; clk          ; clk         ; 0.000        ; 0.006      ; 3.106      ;
; 2.866 ; feistel_algo:decrypt2|altshift_taps:L16_rtl_0|shift_taps_ghm:auto_generated|dffe6 ; feistel_algo:decrypt2|altshift_taps:L16_rtl_0|shift_taps_ghm:auto_generated|altsyncram_n761:altsyncram4|ram_block7a19  ; clk          ; clk         ; 0.000        ; 0.006      ; 3.106      ;
; 2.866 ; feistel_algo:decrypt2|altshift_taps:L16_rtl_0|shift_taps_ghm:auto_generated|dffe6 ; feistel_algo:decrypt2|altshift_taps:L16_rtl_0|shift_taps_ghm:auto_generated|altsyncram_n761:altsyncram4|ram_block7a17  ; clk          ; clk         ; 0.000        ; 0.006      ; 3.106      ;
; 2.866 ; feistel_algo:decrypt2|altshift_taps:L16_rtl_0|shift_taps_ghm:auto_generated|dffe6 ; feistel_algo:decrypt2|altshift_taps:L16_rtl_0|shift_taps_ghm:auto_generated|altsyncram_n761:altsyncram4|ram_block7a14  ; clk          ; clk         ; 0.000        ; 0.006      ; 3.106      ;
; 2.866 ; feistel_algo:decrypt2|altshift_taps:L16_rtl_0|shift_taps_ghm:auto_generated|dffe6 ; feistel_algo:decrypt2|altshift_taps:L16_rtl_0|shift_taps_ghm:auto_generated|altsyncram_n761:altsyncram4|ram_block7a13  ; clk          ; clk         ; 0.000        ; 0.006      ; 3.106      ;
; 2.866 ; feistel_algo:decrypt2|altshift_taps:L16_rtl_0|shift_taps_ghm:auto_generated|dffe6 ; feistel_algo:decrypt2|altshift_taps:L16_rtl_0|shift_taps_ghm:auto_generated|altsyncram_n761:altsyncram4|ram_block7a12  ; clk          ; clk         ; 0.000        ; 0.006      ; 3.106      ;
; 2.866 ; feistel_algo:decrypt2|altshift_taps:L16_rtl_0|shift_taps_ghm:auto_generated|dffe6 ; feistel_algo:decrypt2|altshift_taps:L16_rtl_0|shift_taps_ghm:auto_generated|altsyncram_n761:altsyncram4|ram_block7a9   ; clk          ; clk         ; 0.000        ; 0.006      ; 3.106      ;
; 2.866 ; feistel_algo:decrypt2|altshift_taps:L16_rtl_0|shift_taps_ghm:auto_generated|dffe6 ; feistel_algo:decrypt2|altshift_taps:L16_rtl_0|shift_taps_ghm:auto_generated|altsyncram_n761:altsyncram4|ram_block7a5   ; clk          ; clk         ; 0.000        ; 0.006      ; 3.106      ;
; 2.866 ; feistel_algo:decrypt2|altshift_taps:L16_rtl_0|shift_taps_ghm:auto_generated|dffe6 ; feistel_algo:decrypt2|altshift_taps:L16_rtl_0|shift_taps_ghm:auto_generated|altsyncram_n761:altsyncram4|ram_block7a3   ; clk          ; clk         ; 0.000        ; 0.006      ; 3.106      ;
; 2.866 ; feistel_algo:decrypt2|altshift_taps:L16_rtl_0|shift_taps_ghm:auto_generated|dffe6 ; feistel_algo:decrypt2|altshift_taps:L16_rtl_0|shift_taps_ghm:auto_generated|altsyncram_n761:altsyncram4|ram_block7a1   ; clk          ; clk         ; 0.000        ; 0.006      ; 3.106      ;
; 2.866 ; feistel_algo:decrypt2|altshift_taps:L16_rtl_0|shift_taps_ghm:auto_generated|dffe6 ; feistel_algo:decrypt2|altshift_taps:L16_rtl_0|shift_taps_ghm:auto_generated|altsyncram_n761:altsyncram4|ram_block7a62  ; clk          ; clk         ; 0.000        ; 0.000      ; 3.100      ;
; 2.866 ; feistel_algo:decrypt2|altshift_taps:L16_rtl_0|shift_taps_ghm:auto_generated|dffe6 ; feistel_algo:decrypt2|altshift_taps:L16_rtl_0|shift_taps_ghm:auto_generated|altsyncram_n761:altsyncram4|ram_block7a60  ; clk          ; clk         ; 0.000        ; 0.000      ; 3.100      ;
; 2.866 ; feistel_algo:decrypt2|altshift_taps:L16_rtl_0|shift_taps_ghm:auto_generated|dffe6 ; feistel_algo:decrypt2|altshift_taps:L16_rtl_0|shift_taps_ghm:auto_generated|altsyncram_n761:altsyncram4|ram_block7a58  ; clk          ; clk         ; 0.000        ; 0.000      ; 3.100      ;
; 2.866 ; feistel_algo:decrypt2|altshift_taps:L16_rtl_0|shift_taps_ghm:auto_generated|dffe6 ; feistel_algo:decrypt2|altshift_taps:L16_rtl_0|shift_taps_ghm:auto_generated|altsyncram_n761:altsyncram4|ram_block7a57  ; clk          ; clk         ; 0.000        ; 0.000      ; 3.100      ;
; 2.866 ; feistel_algo:decrypt2|altshift_taps:L16_rtl_0|shift_taps_ghm:auto_generated|dffe6 ; feistel_algo:decrypt2|altshift_taps:L16_rtl_0|shift_taps_ghm:auto_generated|altsyncram_n761:altsyncram4|ram_block7a56  ; clk          ; clk         ; 0.000        ; 0.000      ; 3.100      ;
; 2.866 ; feistel_algo:decrypt2|altshift_taps:L16_rtl_0|shift_taps_ghm:auto_generated|dffe6 ; feistel_algo:decrypt2|altshift_taps:L16_rtl_0|shift_taps_ghm:auto_generated|altsyncram_n761:altsyncram4|ram_block7a54  ; clk          ; clk         ; 0.000        ; 0.000      ; 3.100      ;
; 2.866 ; feistel_algo:decrypt2|altshift_taps:L16_rtl_0|shift_taps_ghm:auto_generated|dffe6 ; feistel_algo:decrypt2|altshift_taps:L16_rtl_0|shift_taps_ghm:auto_generated|altsyncram_n761:altsyncram4|ram_block7a52  ; clk          ; clk         ; 0.000        ; 0.000      ; 3.100      ;
; 2.866 ; feistel_algo:decrypt2|altshift_taps:L16_rtl_0|shift_taps_ghm:auto_generated|dffe6 ; feistel_algo:decrypt2|altshift_taps:L16_rtl_0|shift_taps_ghm:auto_generated|altsyncram_n761:altsyncram4|ram_block7a50  ; clk          ; clk         ; 0.000        ; 0.000      ; 3.100      ;
+-------+-----------------------------------------------------------------------------------+------------------------------------------------------------------------------------------------------------------------+--------------+-------------+--------------+------------+------------+


+---------------------------------------------------------------------------------------------------------------------------------------------------------------------------------------------------------------------------+
; Slow Model Minimum Pulse Width: 'clk'                                                                                                                                                                                     ;
+--------+--------------+----------------+------------------+-------+------------+------------------------------------------------------------------------------------------------------------------------------------------+
; Slack  ; Actual Width ; Required Width ; Type             ; Clock ; Clock Edge ; Target                                                                                                                                   ;
+--------+--------------+----------------+------------------+-------+------------+------------------------------------------------------------------------------------------------------------------------------------------+
; -1.627 ; 0.500        ; 2.127          ; High Pulse Width ; clk   ; Rise       ; feistel_algo:decrypt2|altshift_taps:L16_rtl_0|shift_taps_ghm:auto_generated|altsyncram_n761:altsyncram4|ram_block7a0                     ;
; -1.627 ; 0.500        ; 2.127          ; Low Pulse Width  ; clk   ; Rise       ; feistel_algo:decrypt2|altshift_taps:L16_rtl_0|shift_taps_ghm:auto_generated|altsyncram_n761:altsyncram4|ram_block7a0                     ;
; -1.627 ; 0.500        ; 2.127          ; High Pulse Width ; clk   ; Rise       ; feistel_algo:decrypt2|altshift_taps:L16_rtl_0|shift_taps_ghm:auto_generated|altsyncram_n761:altsyncram4|ram_block7a0~porta_address_reg0  ;
; -1.627 ; 0.500        ; 2.127          ; Low Pulse Width  ; clk   ; Rise       ; feistel_algo:decrypt2|altshift_taps:L16_rtl_0|shift_taps_ghm:auto_generated|altsyncram_n761:altsyncram4|ram_block7a0~porta_address_reg0  ;
; -1.627 ; 0.500        ; 2.127          ; High Pulse Width ; clk   ; Rise       ; feistel_algo:decrypt2|altshift_taps:L16_rtl_0|shift_taps_ghm:auto_generated|altsyncram_n761:altsyncram4|ram_block7a0~porta_address_reg1  ;
; -1.627 ; 0.500        ; 2.127          ; Low Pulse Width  ; clk   ; Rise       ; feistel_algo:decrypt2|altshift_taps:L16_rtl_0|shift_taps_ghm:auto_generated|altsyncram_n761:altsyncram4|ram_block7a0~porta_address_reg1  ;
; -1.627 ; 0.500        ; 2.127          ; High Pulse Width ; clk   ; Rise       ; feistel_algo:decrypt2|altshift_taps:L16_rtl_0|shift_taps_ghm:auto_generated|altsyncram_n761:altsyncram4|ram_block7a0~porta_datain_reg0   ;
; -1.627 ; 0.500        ; 2.127          ; Low Pulse Width  ; clk   ; Rise       ; feistel_algo:decrypt2|altshift_taps:L16_rtl_0|shift_taps_ghm:auto_generated|altsyncram_n761:altsyncram4|ram_block7a0~porta_datain_reg0   ;
; -1.627 ; 0.500        ; 2.127          ; High Pulse Width ; clk   ; Rise       ; feistel_algo:decrypt2|altshift_taps:L16_rtl_0|shift_taps_ghm:auto_generated|altsyncram_n761:altsyncram4|ram_block7a0~porta_datain_reg1   ;
; -1.627 ; 0.500        ; 2.127          ; Low Pulse Width  ; clk   ; Rise       ; feistel_algo:decrypt2|altshift_taps:L16_rtl_0|shift_taps_ghm:auto_generated|altsyncram_n761:altsyncram4|ram_block7a0~porta_datain_reg1   ;
; -1.627 ; 0.500        ; 2.127          ; High Pulse Width ; clk   ; Rise       ; feistel_algo:decrypt2|altshift_taps:L16_rtl_0|shift_taps_ghm:auto_generated|altsyncram_n761:altsyncram4|ram_block7a0~porta_datain_reg10  ;
; -1.627 ; 0.500        ; 2.127          ; Low Pulse Width  ; clk   ; Rise       ; feistel_algo:decrypt2|altshift_taps:L16_rtl_0|shift_taps_ghm:auto_generated|altsyncram_n761:altsyncram4|ram_block7a0~porta_datain_reg10  ;
; -1.627 ; 0.500        ; 2.127          ; High Pulse Width ; clk   ; Rise       ; feistel_algo:decrypt2|altshift_taps:L16_rtl_0|shift_taps_ghm:auto_generated|altsyncram_n761:altsyncram4|ram_block7a0~porta_datain_reg11  ;
; -1.627 ; 0.500        ; 2.127          ; Low Pulse Width  ; clk   ; Rise       ; feistel_algo:decrypt2|altshift_taps:L16_rtl_0|shift_taps_ghm:auto_generated|altsyncram_n761:altsyncram4|ram_block7a0~porta_datain_reg11  ;
; -1.627 ; 0.500        ; 2.127          ; High Pulse Width ; clk   ; Rise       ; feistel_algo:decrypt2|altshift_taps:L16_rtl_0|shift_taps_ghm:auto_generated|altsyncram_n761:altsyncram4|ram_block7a0~porta_datain_reg12  ;
; -1.627 ; 0.500        ; 2.127          ; Low Pulse Width  ; clk   ; Rise       ; feistel_algo:decrypt2|altshift_taps:L16_rtl_0|shift_taps_ghm:auto_generated|altsyncram_n761:altsyncram4|ram_block7a0~porta_datain_reg12  ;
; -1.627 ; 0.500        ; 2.127          ; High Pulse Width ; clk   ; Rise       ; feistel_algo:decrypt2|altshift_taps:L16_rtl_0|shift_taps_ghm:auto_generated|altsyncram_n761:altsyncram4|ram_block7a0~porta_datain_reg13  ;
; -1.627 ; 0.500        ; 2.127          ; Low Pulse Width  ; clk   ; Rise       ; feistel_algo:decrypt2|altshift_taps:L16_rtl_0|shift_taps_ghm:auto_generated|altsyncram_n761:altsyncram4|ram_block7a0~porta_datain_reg13  ;
; -1.627 ; 0.500        ; 2.127          ; High Pulse Width ; clk   ; Rise       ; feistel_algo:decrypt2|altshift_taps:L16_rtl_0|shift_taps_ghm:auto_generated|altsyncram_n761:altsyncram4|ram_block7a0~porta_datain_reg14  ;
; -1.627 ; 0.500        ; 2.127          ; Low Pulse Width  ; clk   ; Rise       ; feistel_algo:decrypt2|altshift_taps:L16_rtl_0|shift_taps_ghm:auto_generated|altsyncram_n761:altsyncram4|ram_block7a0~porta_datain_reg14  ;
; -1.627 ; 0.500        ; 2.127          ; High Pulse Width ; clk   ; Rise       ; feistel_algo:decrypt2|altshift_taps:L16_rtl_0|shift_taps_ghm:auto_generated|altsyncram_n761:altsyncram4|ram_block7a0~porta_datain_reg15  ;
; -1.627 ; 0.500        ; 2.127          ; Low Pulse Width  ; clk   ; Rise       ; feistel_algo:decrypt2|altshift_taps:L16_rtl_0|shift_taps_ghm:auto_generated|altsyncram_n761:altsyncram4|ram_block7a0~porta_datain_reg15  ;
; -1.627 ; 0.500        ; 2.127          ; High Pulse Width ; clk   ; Rise       ; feistel_algo:decrypt2|altshift_taps:L16_rtl_0|shift_taps_ghm:auto_generated|altsyncram_n761:altsyncram4|ram_block7a0~porta_datain_reg16  ;
; -1.627 ; 0.500        ; 2.127          ; Low Pulse Width  ; clk   ; Rise       ; feistel_algo:decrypt2|altshift_taps:L16_rtl_0|shift_taps_ghm:auto_generated|altsyncram_n761:altsyncram4|ram_block7a0~porta_datain_reg16  ;
; -1.627 ; 0.500        ; 2.127          ; High Pulse Width ; clk   ; Rise       ; feistel_algo:decrypt2|altshift_taps:L16_rtl_0|shift_taps_ghm:auto_generated|altsyncram_n761:altsyncram4|ram_block7a0~porta_datain_reg17  ;
; -1.627 ; 0.500        ; 2.127          ; Low Pulse Width  ; clk   ; Rise       ; feistel_algo:decrypt2|altshift_taps:L16_rtl_0|shift_taps_ghm:auto_generated|altsyncram_n761:altsyncram4|ram_block7a0~porta_datain_reg17  ;
; -1.627 ; 0.500        ; 2.127          ; High Pulse Width ; clk   ; Rise       ; feistel_algo:decrypt2|altshift_taps:L16_rtl_0|shift_taps_ghm:auto_generated|altsyncram_n761:altsyncram4|ram_block7a0~porta_datain_reg18  ;
; -1.627 ; 0.500        ; 2.127          ; Low Pulse Width  ; clk   ; Rise       ; feistel_algo:decrypt2|altshift_taps:L16_rtl_0|shift_taps_ghm:auto_generated|altsyncram_n761:altsyncram4|ram_block7a0~porta_datain_reg18  ;
; -1.627 ; 0.500        ; 2.127          ; High Pulse Width ; clk   ; Rise       ; feistel_algo:decrypt2|altshift_taps:L16_rtl_0|shift_taps_ghm:auto_generated|altsyncram_n761:altsyncram4|ram_block7a0~porta_datain_reg19  ;
; -1.627 ; 0.500        ; 2.127          ; Low Pulse Width  ; clk   ; Rise       ; feistel_algo:decrypt2|altshift_taps:L16_rtl_0|shift_taps_ghm:auto_generated|altsyncram_n761:altsyncram4|ram_block7a0~porta_datain_reg19  ;
; -1.627 ; 0.500        ; 2.127          ; High Pulse Width ; clk   ; Rise       ; feistel_algo:decrypt2|altshift_taps:L16_rtl_0|shift_taps_ghm:auto_generated|altsyncram_n761:altsyncram4|ram_block7a0~porta_datain_reg2   ;
; -1.627 ; 0.500        ; 2.127          ; Low Pulse Width  ; clk   ; Rise       ; feistel_algo:decrypt2|altshift_taps:L16_rtl_0|shift_taps_ghm:auto_generated|altsyncram_n761:altsyncram4|ram_block7a0~porta_datain_reg2   ;
; -1.627 ; 0.500        ; 2.127          ; High Pulse Width ; clk   ; Rise       ; feistel_algo:decrypt2|altshift_taps:L16_rtl_0|shift_taps_ghm:auto_generated|altsyncram_n761:altsyncram4|ram_block7a0~porta_datain_reg20  ;
; -1.627 ; 0.500        ; 2.127          ; Low Pulse Width  ; clk   ; Rise       ; feistel_algo:decrypt2|altshift_taps:L16_rtl_0|shift_taps_ghm:auto_generated|altsyncram_n761:altsyncram4|ram_block7a0~porta_datain_reg20  ;
; -1.627 ; 0.500        ; 2.127          ; High Pulse Width ; clk   ; Rise       ; feistel_algo:decrypt2|altshift_taps:L16_rtl_0|shift_taps_ghm:auto_generated|altsyncram_n761:altsyncram4|ram_block7a0~porta_datain_reg21  ;
; -1.627 ; 0.500        ; 2.127          ; Low Pulse Width  ; clk   ; Rise       ; feistel_algo:decrypt2|altshift_taps:L16_rtl_0|shift_taps_ghm:auto_generated|altsyncram_n761:altsyncram4|ram_block7a0~porta_datain_reg21  ;
; -1.627 ; 0.500        ; 2.127          ; High Pulse Width ; clk   ; Rise       ; feistel_algo:decrypt2|altshift_taps:L16_rtl_0|shift_taps_ghm:auto_generated|altsyncram_n761:altsyncram4|ram_block7a0~porta_datain_reg22  ;
; -1.627 ; 0.500        ; 2.127          ; Low Pulse Width  ; clk   ; Rise       ; feistel_algo:decrypt2|altshift_taps:L16_rtl_0|shift_taps_ghm:auto_generated|altsyncram_n761:altsyncram4|ram_block7a0~porta_datain_reg22  ;
; -1.627 ; 0.500        ; 2.127          ; High Pulse Width ; clk   ; Rise       ; feistel_algo:decrypt2|altshift_taps:L16_rtl_0|shift_taps_ghm:auto_generated|altsyncram_n761:altsyncram4|ram_block7a0~porta_datain_reg23  ;
; -1.627 ; 0.500        ; 2.127          ; Low Pulse Width  ; clk   ; Rise       ; feistel_algo:decrypt2|altshift_taps:L16_rtl_0|shift_taps_ghm:auto_generated|altsyncram_n761:altsyncram4|ram_block7a0~porta_datain_reg23  ;
; -1.627 ; 0.500        ; 2.127          ; High Pulse Width ; clk   ; Rise       ; feistel_algo:decrypt2|altshift_taps:L16_rtl_0|shift_taps_ghm:auto_generated|altsyncram_n761:altsyncram4|ram_block7a0~porta_datain_reg24  ;
; -1.627 ; 0.500        ; 2.127          ; Low Pulse Width  ; clk   ; Rise       ; feistel_algo:decrypt2|altshift_taps:L16_rtl_0|shift_taps_ghm:auto_generated|altsyncram_n761:altsyncram4|ram_block7a0~porta_datain_reg24  ;
; -1.627 ; 0.500        ; 2.127          ; High Pulse Width ; clk   ; Rise       ; feistel_algo:decrypt2|altshift_taps:L16_rtl_0|shift_taps_ghm:auto_generated|altsyncram_n761:altsyncram4|ram_block7a0~porta_datain_reg25  ;
; -1.627 ; 0.500        ; 2.127          ; Low Pulse Width  ; clk   ; Rise       ; feistel_algo:decrypt2|altshift_taps:L16_rtl_0|shift_taps_ghm:auto_generated|altsyncram_n761:altsyncram4|ram_block7a0~porta_datain_reg25  ;
; -1.627 ; 0.500        ; 2.127          ; High Pulse Width ; clk   ; Rise       ; feistel_algo:decrypt2|altshift_taps:L16_rtl_0|shift_taps_ghm:auto_generated|altsyncram_n761:altsyncram4|ram_block7a0~porta_datain_reg26  ;
; -1.627 ; 0.500        ; 2.127          ; Low Pulse Width  ; clk   ; Rise       ; feistel_algo:decrypt2|altshift_taps:L16_rtl_0|shift_taps_ghm:auto_generated|altsyncram_n761:altsyncram4|ram_block7a0~porta_datain_reg26  ;
; -1.627 ; 0.500        ; 2.127          ; High Pulse Width ; clk   ; Rise       ; feistel_algo:decrypt2|altshift_taps:L16_rtl_0|shift_taps_ghm:auto_generated|altsyncram_n761:altsyncram4|ram_block7a0~porta_datain_reg27  ;
; -1.627 ; 0.500        ; 2.127          ; Low Pulse Width  ; clk   ; Rise       ; feistel_algo:decrypt2|altshift_taps:L16_rtl_0|shift_taps_ghm:auto_generated|altsyncram_n761:altsyncram4|ram_block7a0~porta_datain_reg27  ;
; -1.627 ; 0.500        ; 2.127          ; High Pulse Width ; clk   ; Rise       ; feistel_algo:decrypt2|altshift_taps:L16_rtl_0|shift_taps_ghm:auto_generated|altsyncram_n761:altsyncram4|ram_block7a0~porta_datain_reg28  ;
; -1.627 ; 0.500        ; 2.127          ; Low Pulse Width  ; clk   ; Rise       ; feistel_algo:decrypt2|altshift_taps:L16_rtl_0|shift_taps_ghm:auto_generated|altsyncram_n761:altsyncram4|ram_block7a0~porta_datain_reg28  ;
; -1.627 ; 0.500        ; 2.127          ; High Pulse Width ; clk   ; Rise       ; feistel_algo:decrypt2|altshift_taps:L16_rtl_0|shift_taps_ghm:auto_generated|altsyncram_n761:altsyncram4|ram_block7a0~porta_datain_reg29  ;
; -1.627 ; 0.500        ; 2.127          ; Low Pulse Width  ; clk   ; Rise       ; feistel_algo:decrypt2|altshift_taps:L16_rtl_0|shift_taps_ghm:auto_generated|altsyncram_n761:altsyncram4|ram_block7a0~porta_datain_reg29  ;
; -1.627 ; 0.500        ; 2.127          ; High Pulse Width ; clk   ; Rise       ; feistel_algo:decrypt2|altshift_taps:L16_rtl_0|shift_taps_ghm:auto_generated|altsyncram_n761:altsyncram4|ram_block7a0~porta_datain_reg3   ;
; -1.627 ; 0.500        ; 2.127          ; Low Pulse Width  ; clk   ; Rise       ; feistel_algo:decrypt2|altshift_taps:L16_rtl_0|shift_taps_ghm:auto_generated|altsyncram_n761:altsyncram4|ram_block7a0~porta_datain_reg3   ;
; -1.627 ; 0.500        ; 2.127          ; High Pulse Width ; clk   ; Rise       ; feistel_algo:decrypt2|altshift_taps:L16_rtl_0|shift_taps_ghm:auto_generated|altsyncram_n761:altsyncram4|ram_block7a0~porta_datain_reg30  ;
; -1.627 ; 0.500        ; 2.127          ; Low Pulse Width  ; clk   ; Rise       ; feistel_algo:decrypt2|altshift_taps:L16_rtl_0|shift_taps_ghm:auto_generated|altsyncram_n761:altsyncram4|ram_block7a0~porta_datain_reg30  ;
; -1.627 ; 0.500        ; 2.127          ; High Pulse Width ; clk   ; Rise       ; feistel_algo:decrypt2|altshift_taps:L16_rtl_0|shift_taps_ghm:auto_generated|altsyncram_n761:altsyncram4|ram_block7a0~porta_datain_reg31  ;
; -1.627 ; 0.500        ; 2.127          ; Low Pulse Width  ; clk   ; Rise       ; feistel_algo:decrypt2|altshift_taps:L16_rtl_0|shift_taps_ghm:auto_generated|altsyncram_n761:altsyncram4|ram_block7a0~porta_datain_reg31  ;
; -1.627 ; 0.500        ; 2.127          ; High Pulse Width ; clk   ; Rise       ; feistel_algo:decrypt2|altshift_taps:L16_rtl_0|shift_taps_ghm:auto_generated|altsyncram_n761:altsyncram4|ram_block7a0~porta_datain_reg32  ;
; -1.627 ; 0.500        ; 2.127          ; Low Pulse Width  ; clk   ; Rise       ; feistel_algo:decrypt2|altshift_taps:L16_rtl_0|shift_taps_ghm:auto_generated|altsyncram_n761:altsyncram4|ram_block7a0~porta_datain_reg32  ;
; -1.627 ; 0.500        ; 2.127          ; High Pulse Width ; clk   ; Rise       ; feistel_algo:decrypt2|altshift_taps:L16_rtl_0|shift_taps_ghm:auto_generated|altsyncram_n761:altsyncram4|ram_block7a0~porta_datain_reg33  ;
; -1.627 ; 0.500        ; 2.127          ; Low Pulse Width  ; clk   ; Rise       ; feistel_algo:decrypt2|altshift_taps:L16_rtl_0|shift_taps_ghm:auto_generated|altsyncram_n761:altsyncram4|ram_block7a0~porta_datain_reg33  ;
; -1.627 ; 0.500        ; 2.127          ; High Pulse Width ; clk   ; Rise       ; feistel_algo:decrypt2|altshift_taps:L16_rtl_0|shift_taps_ghm:auto_generated|altsyncram_n761:altsyncram4|ram_block7a0~porta_datain_reg34  ;
; -1.627 ; 0.500        ; 2.127          ; Low Pulse Width  ; clk   ; Rise       ; feistel_algo:decrypt2|altshift_taps:L16_rtl_0|shift_taps_ghm:auto_generated|altsyncram_n761:altsyncram4|ram_block7a0~porta_datain_reg34  ;
; -1.627 ; 0.500        ; 2.127          ; High Pulse Width ; clk   ; Rise       ; feistel_algo:decrypt2|altshift_taps:L16_rtl_0|shift_taps_ghm:auto_generated|altsyncram_n761:altsyncram4|ram_block7a0~porta_datain_reg35  ;
; -1.627 ; 0.500        ; 2.127          ; Low Pulse Width  ; clk   ; Rise       ; feistel_algo:decrypt2|altshift_taps:L16_rtl_0|shift_taps_ghm:auto_generated|altsyncram_n761:altsyncram4|ram_block7a0~porta_datain_reg35  ;
; -1.627 ; 0.500        ; 2.127          ; High Pulse Width ; clk   ; Rise       ; feistel_algo:decrypt2|altshift_taps:L16_rtl_0|shift_taps_ghm:auto_generated|altsyncram_n761:altsyncram4|ram_block7a0~porta_datain_reg4   ;
; -1.627 ; 0.500        ; 2.127          ; Low Pulse Width  ; clk   ; Rise       ; feistel_algo:decrypt2|altshift_taps:L16_rtl_0|shift_taps_ghm:auto_generated|altsyncram_n761:altsyncram4|ram_block7a0~porta_datain_reg4   ;
; -1.627 ; 0.500        ; 2.127          ; High Pulse Width ; clk   ; Rise       ; feistel_algo:decrypt2|altshift_taps:L16_rtl_0|shift_taps_ghm:auto_generated|altsyncram_n761:altsyncram4|ram_block7a0~porta_datain_reg5   ;
; -1.627 ; 0.500        ; 2.127          ; Low Pulse Width  ; clk   ; Rise       ; feistel_algo:decrypt2|altshift_taps:L16_rtl_0|shift_taps_ghm:auto_generated|altsyncram_n761:altsyncram4|ram_block7a0~porta_datain_reg5   ;
; -1.627 ; 0.500        ; 2.127          ; High Pulse Width ; clk   ; Rise       ; feistel_algo:decrypt2|altshift_taps:L16_rtl_0|shift_taps_ghm:auto_generated|altsyncram_n761:altsyncram4|ram_block7a0~porta_datain_reg6   ;
; -1.627 ; 0.500        ; 2.127          ; Low Pulse Width  ; clk   ; Rise       ; feistel_algo:decrypt2|altshift_taps:L16_rtl_0|shift_taps_ghm:auto_generated|altsyncram_n761:altsyncram4|ram_block7a0~porta_datain_reg6   ;
; -1.627 ; 0.500        ; 2.127          ; High Pulse Width ; clk   ; Rise       ; feistel_algo:decrypt2|altshift_taps:L16_rtl_0|shift_taps_ghm:auto_generated|altsyncram_n761:altsyncram4|ram_block7a0~porta_datain_reg7   ;
; -1.627 ; 0.500        ; 2.127          ; Low Pulse Width  ; clk   ; Rise       ; feistel_algo:decrypt2|altshift_taps:L16_rtl_0|shift_taps_ghm:auto_generated|altsyncram_n761:altsyncram4|ram_block7a0~porta_datain_reg7   ;
; -1.627 ; 0.500        ; 2.127          ; High Pulse Width ; clk   ; Rise       ; feistel_algo:decrypt2|altshift_taps:L16_rtl_0|shift_taps_ghm:auto_generated|altsyncram_n761:altsyncram4|ram_block7a0~porta_datain_reg8   ;
; -1.627 ; 0.500        ; 2.127          ; Low Pulse Width  ; clk   ; Rise       ; feistel_algo:decrypt2|altshift_taps:L16_rtl_0|shift_taps_ghm:auto_generated|altsyncram_n761:altsyncram4|ram_block7a0~porta_datain_reg8   ;
; -1.627 ; 0.500        ; 2.127          ; High Pulse Width ; clk   ; Rise       ; feistel_algo:decrypt2|altshift_taps:L16_rtl_0|shift_taps_ghm:auto_generated|altsyncram_n761:altsyncram4|ram_block7a0~porta_datain_reg9   ;
; -1.627 ; 0.500        ; 2.127          ; Low Pulse Width  ; clk   ; Rise       ; feistel_algo:decrypt2|altshift_taps:L16_rtl_0|shift_taps_ghm:auto_generated|altsyncram_n761:altsyncram4|ram_block7a0~porta_datain_reg9   ;
; -1.627 ; 0.500        ; 2.127          ; High Pulse Width ; clk   ; Rise       ; feistel_algo:decrypt2|altshift_taps:L16_rtl_0|shift_taps_ghm:auto_generated|altsyncram_n761:altsyncram4|ram_block7a0~porta_memory_reg0   ;
; -1.627 ; 0.500        ; 2.127          ; Low Pulse Width  ; clk   ; Rise       ; feistel_algo:decrypt2|altshift_taps:L16_rtl_0|shift_taps_ghm:auto_generated|altsyncram_n761:altsyncram4|ram_block7a0~porta_memory_reg0   ;
; -1.627 ; 0.500        ; 2.127          ; High Pulse Width ; clk   ; Rise       ; feistel_algo:decrypt2|altshift_taps:L16_rtl_0|shift_taps_ghm:auto_generated|altsyncram_n761:altsyncram4|ram_block7a0~portb_address_reg0  ;
; -1.627 ; 0.500        ; 2.127          ; Low Pulse Width  ; clk   ; Rise       ; feistel_algo:decrypt2|altshift_taps:L16_rtl_0|shift_taps_ghm:auto_generated|altsyncram_n761:altsyncram4|ram_block7a0~portb_address_reg0  ;
; -1.627 ; 0.500        ; 2.127          ; High Pulse Width ; clk   ; Rise       ; feistel_algo:decrypt2|altshift_taps:L16_rtl_0|shift_taps_ghm:auto_generated|altsyncram_n761:altsyncram4|ram_block7a0~portb_address_reg1  ;
; -1.627 ; 0.500        ; 2.127          ; Low Pulse Width  ; clk   ; Rise       ; feistel_algo:decrypt2|altshift_taps:L16_rtl_0|shift_taps_ghm:auto_generated|altsyncram_n761:altsyncram4|ram_block7a0~portb_address_reg1  ;
; -1.627 ; 0.500        ; 2.127          ; High Pulse Width ; clk   ; Rise       ; feistel_algo:decrypt2|altshift_taps:L16_rtl_0|shift_taps_ghm:auto_generated|altsyncram_n761:altsyncram4|ram_block7a1                     ;
; -1.627 ; 0.500        ; 2.127          ; Low Pulse Width  ; clk   ; Rise       ; feistel_algo:decrypt2|altshift_taps:L16_rtl_0|shift_taps_ghm:auto_generated|altsyncram_n761:altsyncram4|ram_block7a1                     ;
; -1.627 ; 0.500        ; 2.127          ; High Pulse Width ; clk   ; Rise       ; feistel_algo:decrypt2|altshift_taps:L16_rtl_0|shift_taps_ghm:auto_generated|altsyncram_n761:altsyncram4|ram_block7a10                    ;
; -1.627 ; 0.500        ; 2.127          ; Low Pulse Width  ; clk   ; Rise       ; feistel_algo:decrypt2|altshift_taps:L16_rtl_0|shift_taps_ghm:auto_generated|altsyncram_n761:altsyncram4|ram_block7a10                    ;
; -1.627 ; 0.500        ; 2.127          ; High Pulse Width ; clk   ; Rise       ; feistel_algo:decrypt2|altshift_taps:L16_rtl_0|shift_taps_ghm:auto_generated|altsyncram_n761:altsyncram4|ram_block7a100                   ;
; -1.627 ; 0.500        ; 2.127          ; Low Pulse Width  ; clk   ; Rise       ; feistel_algo:decrypt2|altshift_taps:L16_rtl_0|shift_taps_ghm:auto_generated|altsyncram_n761:altsyncram4|ram_block7a100                   ;
; -1.627 ; 0.500        ; 2.127          ; High Pulse Width ; clk   ; Rise       ; feistel_algo:decrypt2|altshift_taps:L16_rtl_0|shift_taps_ghm:auto_generated|altsyncram_n761:altsyncram4|ram_block7a100~porta_memory_reg0 ;
; -1.627 ; 0.500        ; 2.127          ; Low Pulse Width  ; clk   ; Rise       ; feistel_algo:decrypt2|altshift_taps:L16_rtl_0|shift_taps_ghm:auto_generated|altsyncram_n761:altsyncram4|ram_block7a100~porta_memory_reg0 ;
; -1.627 ; 0.500        ; 2.127          ; High Pulse Width ; clk   ; Rise       ; feistel_algo:decrypt2|altshift_taps:L16_rtl_0|shift_taps_ghm:auto_generated|altsyncram_n761:altsyncram4|ram_block7a101                   ;
; -1.627 ; 0.500        ; 2.127          ; Low Pulse Width  ; clk   ; Rise       ; feistel_algo:decrypt2|altshift_taps:L16_rtl_0|shift_taps_ghm:auto_generated|altsyncram_n761:altsyncram4|ram_block7a101                   ;
; -1.627 ; 0.500        ; 2.127          ; High Pulse Width ; clk   ; Rise       ; feistel_algo:decrypt2|altshift_taps:L16_rtl_0|shift_taps_ghm:auto_generated|altsyncram_n761:altsyncram4|ram_block7a101~porta_memory_reg0 ;
; -1.627 ; 0.500        ; 2.127          ; Low Pulse Width  ; clk   ; Rise       ; feistel_algo:decrypt2|altshift_taps:L16_rtl_0|shift_taps_ghm:auto_generated|altsyncram_n761:altsyncram4|ram_block7a101~porta_memory_reg0 ;
; -1.627 ; 0.500        ; 2.127          ; High Pulse Width ; clk   ; Rise       ; feistel_algo:decrypt2|altshift_taps:L16_rtl_0|shift_taps_ghm:auto_generated|altsyncram_n761:altsyncram4|ram_block7a102                   ;
; -1.627 ; 0.500        ; 2.127          ; Low Pulse Width  ; clk   ; Rise       ; feistel_algo:decrypt2|altshift_taps:L16_rtl_0|shift_taps_ghm:auto_generated|altsyncram_n761:altsyncram4|ram_block7a102                   ;
; -1.627 ; 0.500        ; 2.127          ; High Pulse Width ; clk   ; Rise       ; feistel_algo:decrypt2|altshift_taps:L16_rtl_0|shift_taps_ghm:auto_generated|altsyncram_n761:altsyncram4|ram_block7a102~porta_memory_reg0 ;
; -1.627 ; 0.500        ; 2.127          ; Low Pulse Width  ; clk   ; Rise       ; feistel_algo:decrypt2|altshift_taps:L16_rtl_0|shift_taps_ghm:auto_generated|altsyncram_n761:altsyncram4|ram_block7a102~porta_memory_reg0 ;
+--------+--------------+----------------+------------------+-------+------------+------------------------------------------------------------------------------------------------------------------------------------------+


+------------------------------------------------------------------------+
; Setup Times                                                            ;
+------------+------------+-------+-------+------------+-----------------+
; Data Port  ; Clock Port ; Rise  ; Fall  ; Clock Edge ; Clock Reference ;
+------------+------------+-------+-------+------------+-----------------+
; idata[*]   ; clk        ; 4.073 ; 4.073 ; Rise       ; clk             ;
;  idata[0]  ; clk        ; 3.405 ; 3.405 ; Rise       ; clk             ;
;  idata[1]  ; clk        ; 3.462 ; 3.462 ; Rise       ; clk             ;
;  idata[2]  ; clk        ; 3.551 ; 3.551 ; Rise       ; clk             ;
;  idata[3]  ; clk        ; 3.958 ; 3.958 ; Rise       ; clk             ;
;  idata[4]  ; clk        ; 3.395 ; 3.395 ; Rise       ; clk             ;
;  idata[5]  ; clk        ; 3.480 ; 3.480 ; Rise       ; clk             ;
;  idata[6]  ; clk        ; 2.871 ; 2.871 ; Rise       ; clk             ;
;  idata[7]  ; clk        ; 3.650 ; 3.650 ; Rise       ; clk             ;
;  idata[8]  ; clk        ; 3.110 ; 3.110 ; Rise       ; clk             ;
;  idata[9]  ; clk        ; 0.737 ; 0.737 ; Rise       ; clk             ;
;  idata[10] ; clk        ; 3.892 ; 3.892 ; Rise       ; clk             ;
;  idata[11] ; clk        ; 3.230 ; 3.230 ; Rise       ; clk             ;
;  idata[12] ; clk        ; 2.832 ; 2.832 ; Rise       ; clk             ;
;  idata[13] ; clk        ; 1.069 ; 1.069 ; Rise       ; clk             ;
;  idata[14] ; clk        ; 3.621 ; 3.621 ; Rise       ; clk             ;
;  idata[15] ; clk        ; 3.719 ; 3.719 ; Rise       ; clk             ;
;  idata[16] ; clk        ; 3.047 ; 3.047 ; Rise       ; clk             ;
;  idata[17] ; clk        ; 0.521 ; 0.521 ; Rise       ; clk             ;
;  idata[18] ; clk        ; 3.505 ; 3.505 ; Rise       ; clk             ;
;  idata[19] ; clk        ; 3.758 ; 3.758 ; Rise       ; clk             ;
;  idata[20] ; clk        ; 3.468 ; 3.468 ; Rise       ; clk             ;
;  idata[21] ; clk        ; 3.248 ; 3.248 ; Rise       ; clk             ;
;  idata[22] ; clk        ; 3.629 ; 3.629 ; Rise       ; clk             ;
;  idata[23] ; clk        ; 3.516 ; 3.516 ; Rise       ; clk             ;
;  idata[24] ; clk        ; 3.434 ; 3.434 ; Rise       ; clk             ;
;  idata[25] ; clk        ; 0.647 ; 0.647 ; Rise       ; clk             ;
;  idata[26] ; clk        ; 2.860 ; 2.860 ; Rise       ; clk             ;
;  idata[27] ; clk        ; 3.397 ; 3.397 ; Rise       ; clk             ;
;  idata[28] ; clk        ; 3.538 ; 3.538 ; Rise       ; clk             ;
;  idata[29] ; clk        ; 3.392 ; 3.392 ; Rise       ; clk             ;
;  idata[30] ; clk        ; 2.851 ; 2.851 ; Rise       ; clk             ;
;  idata[31] ; clk        ; 3.662 ; 3.662 ; Rise       ; clk             ;
;  idata[32] ; clk        ; 3.467 ; 3.467 ; Rise       ; clk             ;
;  idata[33] ; clk        ; 3.053 ; 3.053 ; Rise       ; clk             ;
;  idata[34] ; clk        ; 2.829 ; 2.829 ; Rise       ; clk             ;
;  idata[35] ; clk        ; 3.732 ; 3.732 ; Rise       ; clk             ;
;  idata[36] ; clk        ; 3.465 ; 3.465 ; Rise       ; clk             ;
;  idata[37] ; clk        ; 3.854 ; 3.854 ; Rise       ; clk             ;
;  idata[38] ; clk        ; 2.850 ; 2.850 ; Rise       ; clk             ;
;  idata[39] ; clk        ; 3.483 ; 3.483 ; Rise       ; clk             ;
;  idata[40] ; clk        ; 3.242 ; 3.242 ; Rise       ; clk             ;
;  idata[41] ; clk        ; 3.719 ; 3.719 ; Rise       ; clk             ;
;  idata[42] ; clk        ; 3.575 ; 3.575 ; Rise       ; clk             ;
;  idata[43] ; clk        ; 3.453 ; 3.453 ; Rise       ; clk             ;
;  idata[44] ; clk        ; 3.511 ; 3.511 ; Rise       ; clk             ;
;  idata[45] ; clk        ; 3.847 ; 3.847 ; Rise       ; clk             ;
;  idata[46] ; clk        ; 3.394 ; 3.394 ; Rise       ; clk             ;
;  idata[47] ; clk        ; 3.494 ; 3.494 ; Rise       ; clk             ;
;  idata[48] ; clk        ; 2.887 ; 2.887 ; Rise       ; clk             ;
;  idata[49] ; clk        ; 3.064 ; 3.064 ; Rise       ; clk             ;
;  idata[50] ; clk        ; 3.432 ; 3.432 ; Rise       ; clk             ;
;  idata[51] ; clk        ; 3.734 ; 3.734 ; Rise       ; clk             ;
;  idata[52] ; clk        ; 2.850 ; 2.850 ; Rise       ; clk             ;
;  idata[53] ; clk        ; 3.444 ; 3.444 ; Rise       ; clk             ;
;  idata[54] ; clk        ; 3.278 ; 3.278 ; Rise       ; clk             ;
;  idata[55] ; clk        ; 3.509 ; 3.509 ; Rise       ; clk             ;
;  idata[56] ; clk        ; 3.579 ; 3.579 ; Rise       ; clk             ;
;  idata[57] ; clk        ; 3.583 ; 3.583 ; Rise       ; clk             ;
;  idata[58] ; clk        ; 3.251 ; 3.251 ; Rise       ; clk             ;
;  idata[59] ; clk        ; 3.976 ; 3.976 ; Rise       ; clk             ;
;  idata[60] ; clk        ; 3.112 ; 3.112 ; Rise       ; clk             ;
;  idata[61] ; clk        ; 4.073 ; 4.073 ; Rise       ; clk             ;
;  idata[62] ; clk        ; 3.086 ; 3.086 ; Rise       ; clk             ;
;  idata[63] ; clk        ; 3.516 ; 3.516 ; Rise       ; clk             ;
; key1[*]    ; clk        ; 9.851 ; 9.851 ; Rise       ; clk             ;
;  key1[1]   ; clk        ; 7.996 ; 7.996 ; Rise       ; clk             ;
;  key1[2]   ; clk        ; 9.167 ; 9.167 ; Rise       ; clk             ;
;  key1[3]   ; clk        ; 9.112 ; 9.112 ; Rise       ; clk             ;
;  key1[4]   ; clk        ; 8.041 ; 8.041 ; Rise       ; clk             ;
;  key1[5]   ; clk        ; 7.963 ; 7.963 ; Rise       ; clk             ;
;  key1[6]   ; clk        ; 8.376 ; 8.376 ; Rise       ; clk             ;
;  key1[7]   ; clk        ; 8.601 ; 8.601 ; Rise       ; clk             ;
;  key1[9]   ; clk        ; 7.851 ; 7.851 ; Rise       ; clk             ;
;  key1[10]  ; clk        ; 7.589 ; 7.589 ; Rise       ; clk             ;
;  key1[11]  ; clk        ; 7.682 ; 7.682 ; Rise       ; clk             ;
;  key1[12]  ; clk        ; 7.908 ; 7.908 ; Rise       ; clk             ;
;  key1[13]  ; clk        ; 7.402 ; 7.402 ; Rise       ; clk             ;
;  key1[14]  ; clk        ; 9.202 ; 9.202 ; Rise       ; clk             ;
;  key1[15]  ; clk        ; 8.718 ; 8.718 ; Rise       ; clk             ;
;  key1[17]  ; clk        ; 8.106 ; 8.106 ; Rise       ; clk             ;
;  key1[18]  ; clk        ; 8.195 ; 8.195 ; Rise       ; clk             ;
;  key1[19]  ; clk        ; 8.377 ; 8.377 ; Rise       ; clk             ;
;  key1[20]  ; clk        ; 8.522 ; 8.522 ; Rise       ; clk             ;
;  key1[21]  ; clk        ; 8.710 ; 8.710 ; Rise       ; clk             ;
;  key1[22]  ; clk        ; 7.448 ; 7.448 ; Rise       ; clk             ;
;  key1[23]  ; clk        ; 7.862 ; 7.862 ; Rise       ; clk             ;
;  key1[25]  ; clk        ; 9.025 ; 9.025 ; Rise       ; clk             ;
;  key1[26]  ; clk        ; 8.014 ; 8.014 ; Rise       ; clk             ;
;  key1[27]  ; clk        ; 8.527 ; 8.527 ; Rise       ; clk             ;
;  key1[28]  ; clk        ; 8.374 ; 8.374 ; Rise       ; clk             ;
;  key1[29]  ; clk        ; 9.022 ; 9.022 ; Rise       ; clk             ;
;  key1[30]  ; clk        ; 8.088 ; 8.088 ; Rise       ; clk             ;
;  key1[31]  ; clk        ; 3.745 ; 3.745 ; Rise       ; clk             ;
;  key1[33]  ; clk        ; 9.571 ; 9.571 ; Rise       ; clk             ;
;  key1[34]  ; clk        ; 8.630 ; 8.630 ; Rise       ; clk             ;
;  key1[35]  ; clk        ; 8.209 ; 8.209 ; Rise       ; clk             ;
;  key1[36]  ; clk        ; 7.940 ; 7.940 ; Rise       ; clk             ;
;  key1[37]  ; clk        ; 7.884 ; 7.884 ; Rise       ; clk             ;
;  key1[38]  ; clk        ; 7.845 ; 7.845 ; Rise       ; clk             ;
;  key1[39]  ; clk        ; 8.311 ; 8.311 ; Rise       ; clk             ;
;  key1[41]  ; clk        ; 8.484 ; 8.484 ; Rise       ; clk             ;
;  key1[42]  ; clk        ; 7.450 ; 7.450 ; Rise       ; clk             ;
;  key1[43]  ; clk        ; 8.258 ; 8.258 ; Rise       ; clk             ;
;  key1[44]  ; clk        ; 7.451 ; 7.451 ; Rise       ; clk             ;
;  key1[45]  ; clk        ; 7.400 ; 7.400 ; Rise       ; clk             ;
;  key1[46]  ; clk        ; 8.418 ; 8.418 ; Rise       ; clk             ;
;  key1[47]  ; clk        ; 7.978 ; 7.978 ; Rise       ; clk             ;
;  key1[49]  ; clk        ; 7.760 ; 7.760 ; Rise       ; clk             ;
;  key1[50]  ; clk        ; 7.304 ; 7.304 ; Rise       ; clk             ;
;  key1[51]  ; clk        ; 4.875 ; 4.875 ; Rise       ; clk             ;
;  key1[52]  ; clk        ; 8.363 ; 8.363 ; Rise       ; clk             ;
;  key1[53]  ; clk        ; 8.004 ; 8.004 ; Rise       ; clk             ;
;  key1[54]  ; clk        ; 7.440 ; 7.440 ; Rise       ; clk             ;
;  key1[55]  ; clk        ; 8.338 ; 8.338 ; Rise       ; clk             ;
;  key1[57]  ; clk        ; 7.988 ; 7.988 ; Rise       ; clk             ;
;  key1[58]  ; clk        ; 8.438 ; 8.438 ; Rise       ; clk             ;
;  key1[59]  ; clk        ; 9.851 ; 9.851 ; Rise       ; clk             ;
;  key1[60]  ; clk        ; 7.692 ; 7.692 ; Rise       ; clk             ;
;  key1[61]  ; clk        ; 7.850 ; 7.850 ; Rise       ; clk             ;
;  key1[62]  ; clk        ; 8.396 ; 8.396 ; Rise       ; clk             ;
;  key1[63]  ; clk        ; 7.792 ; 7.792 ; Rise       ; clk             ;
; key2[*]    ; clk        ; 8.668 ; 8.668 ; Rise       ; clk             ;
;  key2[1]   ; clk        ; 7.489 ; 7.489 ; Rise       ; clk             ;
;  key2[2]   ; clk        ; 8.097 ; 8.097 ; Rise       ; clk             ;
;  key2[3]   ; clk        ; 7.271 ; 7.271 ; Rise       ; clk             ;
;  key2[4]   ; clk        ; 7.536 ; 7.536 ; Rise       ; clk             ;
;  key2[5]   ; clk        ; 7.252 ; 7.252 ; Rise       ; clk             ;
;  key2[6]   ; clk        ; 7.545 ; 7.545 ; Rise       ; clk             ;
;  key2[7]   ; clk        ; 7.719 ; 7.719 ; Rise       ; clk             ;
;  key2[9]   ; clk        ; 8.419 ; 8.419 ; Rise       ; clk             ;
;  key2[10]  ; clk        ; 7.846 ; 7.846 ; Rise       ; clk             ;
;  key2[11]  ; clk        ; 8.091 ; 8.091 ; Rise       ; clk             ;
;  key2[12]  ; clk        ; 8.049 ; 8.049 ; Rise       ; clk             ;
;  key2[13]  ; clk        ; 8.168 ; 8.168 ; Rise       ; clk             ;
;  key2[14]  ; clk        ; 7.574 ; 7.574 ; Rise       ; clk             ;
;  key2[15]  ; clk        ; 8.375 ; 8.375 ; Rise       ; clk             ;
;  key2[17]  ; clk        ; 8.201 ; 8.201 ; Rise       ; clk             ;
;  key2[18]  ; clk        ; 7.624 ; 7.624 ; Rise       ; clk             ;
;  key2[19]  ; clk        ; 8.059 ; 8.059 ; Rise       ; clk             ;
;  key2[20]  ; clk        ; 7.585 ; 7.585 ; Rise       ; clk             ;
;  key2[21]  ; clk        ; 7.462 ; 7.462 ; Rise       ; clk             ;
;  key2[22]  ; clk        ; 8.133 ; 8.133 ; Rise       ; clk             ;
;  key2[23]  ; clk        ; 8.668 ; 8.668 ; Rise       ; clk             ;
;  key2[25]  ; clk        ; 7.823 ; 7.823 ; Rise       ; clk             ;
;  key2[26]  ; clk        ; 8.206 ; 8.206 ; Rise       ; clk             ;
;  key2[27]  ; clk        ; 7.338 ; 7.338 ; Rise       ; clk             ;
;  key2[28]  ; clk        ; 8.212 ; 8.212 ; Rise       ; clk             ;
;  key2[29]  ; clk        ; 7.088 ; 7.088 ; Rise       ; clk             ;
;  key2[30]  ; clk        ; 8.095 ; 8.095 ; Rise       ; clk             ;
;  key2[31]  ; clk        ; 7.737 ; 7.737 ; Rise       ; clk             ;
;  key2[33]  ; clk        ; 8.052 ; 8.052 ; Rise       ; clk             ;
;  key2[34]  ; clk        ; 7.572 ; 7.572 ; Rise       ; clk             ;
;  key2[35]  ; clk        ; 8.088 ; 8.088 ; Rise       ; clk             ;
;  key2[36]  ; clk        ; 8.423 ; 8.423 ; Rise       ; clk             ;
;  key2[37]  ; clk        ; 7.809 ; 7.809 ; Rise       ; clk             ;
;  key2[38]  ; clk        ; 7.442 ; 7.442 ; Rise       ; clk             ;
;  key2[39]  ; clk        ; 8.242 ; 8.242 ; Rise       ; clk             ;
;  key2[41]  ; clk        ; 7.584 ; 7.584 ; Rise       ; clk             ;
;  key2[42]  ; clk        ; 7.973 ; 7.973 ; Rise       ; clk             ;
;  key2[43]  ; clk        ; 7.799 ; 7.799 ; Rise       ; clk             ;
;  key2[44]  ; clk        ; 7.417 ; 7.417 ; Rise       ; clk             ;
;  key2[45]  ; clk        ; 7.812 ; 7.812 ; Rise       ; clk             ;
;  key2[46]  ; clk        ; 7.431 ; 7.431 ; Rise       ; clk             ;
;  key2[47]  ; clk        ; 7.927 ; 7.927 ; Rise       ; clk             ;
;  key2[49]  ; clk        ; 7.126 ; 7.126 ; Rise       ; clk             ;
;  key2[50]  ; clk        ; 8.412 ; 8.412 ; Rise       ; clk             ;
;  key2[51]  ; clk        ; 7.953 ; 7.953 ; Rise       ; clk             ;
;  key2[52]  ; clk        ; 7.635 ; 7.635 ; Rise       ; clk             ;
;  key2[53]  ; clk        ; 6.829 ; 6.829 ; Rise       ; clk             ;
;  key2[54]  ; clk        ; 8.238 ; 8.238 ; Rise       ; clk             ;
;  key2[55]  ; clk        ; 8.320 ; 8.320 ; Rise       ; clk             ;
;  key2[57]  ; clk        ; 8.243 ; 8.243 ; Rise       ; clk             ;
;  key2[58]  ; clk        ; 7.409 ; 7.409 ; Rise       ; clk             ;
;  key2[59]  ; clk        ; 7.919 ; 7.919 ; Rise       ; clk             ;
;  key2[60]  ; clk        ; 8.337 ; 8.337 ; Rise       ; clk             ;
;  key2[61]  ; clk        ; 8.080 ; 8.080 ; Rise       ; clk             ;
;  key2[62]  ; clk        ; 8.054 ; 8.054 ; Rise       ; clk             ;
;  key2[63]  ; clk        ; 8.488 ; 8.488 ; Rise       ; clk             ;
; key3[*]    ; clk        ; 8.928 ; 8.928 ; Rise       ; clk             ;
;  key3[1]   ; clk        ; 7.007 ; 7.007 ; Rise       ; clk             ;
;  key3[2]   ; clk        ; 7.861 ; 7.861 ; Rise       ; clk             ;
;  key3[3]   ; clk        ; 7.767 ; 7.767 ; Rise       ; clk             ;
;  key3[4]   ; clk        ; 8.056 ; 8.056 ; Rise       ; clk             ;
;  key3[5]   ; clk        ; 7.537 ; 7.537 ; Rise       ; clk             ;
;  key3[6]   ; clk        ; 7.922 ; 7.922 ; Rise       ; clk             ;
;  key3[7]   ; clk        ; 8.928 ; 8.928 ; Rise       ; clk             ;
;  key3[9]   ; clk        ; 7.521 ; 7.521 ; Rise       ; clk             ;
;  key3[10]  ; clk        ; 8.317 ; 8.317 ; Rise       ; clk             ;
;  key3[11]  ; clk        ; 7.796 ; 7.796 ; Rise       ; clk             ;
;  key3[12]  ; clk        ; 8.507 ; 8.507 ; Rise       ; clk             ;
;  key3[13]  ; clk        ; 7.643 ; 7.643 ; Rise       ; clk             ;
;  key3[14]  ; clk        ; 7.685 ; 7.685 ; Rise       ; clk             ;
;  key3[15]  ; clk        ; 7.568 ; 7.568 ; Rise       ; clk             ;
;  key3[17]  ; clk        ; 7.866 ; 7.866 ; Rise       ; clk             ;
;  key3[18]  ; clk        ; 8.411 ; 8.411 ; Rise       ; clk             ;
;  key3[19]  ; clk        ; 6.798 ; 6.798 ; Rise       ; clk             ;
;  key3[20]  ; clk        ; 7.448 ; 7.448 ; Rise       ; clk             ;
;  key3[21]  ; clk        ; 7.665 ; 7.665 ; Rise       ; clk             ;
;  key3[22]  ; clk        ; 8.533 ; 8.533 ; Rise       ; clk             ;
;  key3[23]  ; clk        ; 7.925 ; 7.925 ; Rise       ; clk             ;
;  key3[25]  ; clk        ; 7.953 ; 7.953 ; Rise       ; clk             ;
;  key3[26]  ; clk        ; 7.778 ; 7.778 ; Rise       ; clk             ;
;  key3[27]  ; clk        ; 8.093 ; 8.093 ; Rise       ; clk             ;
;  key3[28]  ; clk        ; 3.341 ; 3.341 ; Rise       ; clk             ;
;  key3[29]  ; clk        ; 7.819 ; 7.819 ; Rise       ; clk             ;
;  key3[30]  ; clk        ; 7.666 ; 7.666 ; Rise       ; clk             ;
;  key3[31]  ; clk        ; 7.761 ; 7.761 ; Rise       ; clk             ;
;  key3[33]  ; clk        ; 8.581 ; 8.581 ; Rise       ; clk             ;
;  key3[34]  ; clk        ; 8.125 ; 8.125 ; Rise       ; clk             ;
;  key3[35]  ; clk        ; 8.278 ; 8.278 ; Rise       ; clk             ;
;  key3[36]  ; clk        ; 8.051 ; 8.051 ; Rise       ; clk             ;
;  key3[37]  ; clk        ; 8.375 ; 8.375 ; Rise       ; clk             ;
;  key3[38]  ; clk        ; 7.518 ; 7.518 ; Rise       ; clk             ;
;  key3[39]  ; clk        ; 8.621 ; 8.621 ; Rise       ; clk             ;
;  key3[41]  ; clk        ; 7.996 ; 7.996 ; Rise       ; clk             ;
;  key3[42]  ; clk        ; 8.022 ; 8.022 ; Rise       ; clk             ;
;  key3[43]  ; clk        ; 7.415 ; 7.415 ; Rise       ; clk             ;
;  key3[44]  ; clk        ; 7.986 ; 7.986 ; Rise       ; clk             ;
;  key3[45]  ; clk        ; 7.695 ; 7.695 ; Rise       ; clk             ;
;  key3[46]  ; clk        ; 7.776 ; 7.776 ; Rise       ; clk             ;
;  key3[47]  ; clk        ; 3.142 ; 3.142 ; Rise       ; clk             ;
;  key3[49]  ; clk        ; 8.057 ; 8.057 ; Rise       ; clk             ;
;  key3[50]  ; clk        ; 8.308 ; 8.308 ; Rise       ; clk             ;
;  key3[51]  ; clk        ; 7.714 ; 7.714 ; Rise       ; clk             ;
;  key3[52]  ; clk        ; 7.074 ; 7.074 ; Rise       ; clk             ;
;  key3[53]  ; clk        ; 7.624 ; 7.624 ; Rise       ; clk             ;
;  key3[54]  ; clk        ; 7.775 ; 7.775 ; Rise       ; clk             ;
;  key3[55]  ; clk        ; 7.560 ; 7.560 ; Rise       ; clk             ;
;  key3[57]  ; clk        ; 7.788 ; 7.788 ; Rise       ; clk             ;
;  key3[58]  ; clk        ; 8.686 ; 8.686 ; Rise       ; clk             ;
;  key3[59]  ; clk        ; 8.690 ; 8.690 ; Rise       ; clk             ;
;  key3[60]  ; clk        ; 8.863 ; 8.863 ; Rise       ; clk             ;
;  key3[61]  ; clk        ; 7.383 ; 7.383 ; Rise       ; clk             ;
;  key3[62]  ; clk        ; 8.123 ; 8.123 ; Rise       ; clk             ;
;  key3[63]  ; clk        ; 7.926 ; 7.926 ; Rise       ; clk             ;
; valid_in   ; clk        ; 3.062 ; 3.062 ; Rise       ; clk             ;
+------------+------------+-------+-------+------------+-----------------+


+--------------------------------------------------------------------------+
; Hold Times                                                               ;
+------------+------------+--------+--------+------------+-----------------+
; Data Port  ; Clock Port ; Rise   ; Fall   ; Clock Edge ; Clock Reference ;
+------------+------------+--------+--------+------------+-----------------+
; idata[*]   ; clk        ; -0.291 ; -0.291 ; Rise       ; clk             ;
;  idata[0]  ; clk        ; -3.175 ; -3.175 ; Rise       ; clk             ;
;  idata[1]  ; clk        ; -3.232 ; -3.232 ; Rise       ; clk             ;
;  idata[2]  ; clk        ; -3.321 ; -3.321 ; Rise       ; clk             ;
;  idata[3]  ; clk        ; -3.728 ; -3.728 ; Rise       ; clk             ;
;  idata[4]  ; clk        ; -3.165 ; -3.165 ; Rise       ; clk             ;
;  idata[5]  ; clk        ; -3.250 ; -3.250 ; Rise       ; clk             ;
;  idata[6]  ; clk        ; -2.641 ; -2.641 ; Rise       ; clk             ;
;  idata[7]  ; clk        ; -3.420 ; -3.420 ; Rise       ; clk             ;
;  idata[8]  ; clk        ; -2.880 ; -2.880 ; Rise       ; clk             ;
;  idata[9]  ; clk        ; -0.507 ; -0.507 ; Rise       ; clk             ;
;  idata[10] ; clk        ; -3.662 ; -3.662 ; Rise       ; clk             ;
;  idata[11] ; clk        ; -3.000 ; -3.000 ; Rise       ; clk             ;
;  idata[12] ; clk        ; -2.602 ; -2.602 ; Rise       ; clk             ;
;  idata[13] ; clk        ; -0.839 ; -0.839 ; Rise       ; clk             ;
;  idata[14] ; clk        ; -3.391 ; -3.391 ; Rise       ; clk             ;
;  idata[15] ; clk        ; -3.489 ; -3.489 ; Rise       ; clk             ;
;  idata[16] ; clk        ; -2.817 ; -2.817 ; Rise       ; clk             ;
;  idata[17] ; clk        ; -0.291 ; -0.291 ; Rise       ; clk             ;
;  idata[18] ; clk        ; -3.275 ; -3.275 ; Rise       ; clk             ;
;  idata[19] ; clk        ; -3.528 ; -3.528 ; Rise       ; clk             ;
;  idata[20] ; clk        ; -3.238 ; -3.238 ; Rise       ; clk             ;
;  idata[21] ; clk        ; -3.018 ; -3.018 ; Rise       ; clk             ;
;  idata[22] ; clk        ; -3.399 ; -3.399 ; Rise       ; clk             ;
;  idata[23] ; clk        ; -3.286 ; -3.286 ; Rise       ; clk             ;
;  idata[24] ; clk        ; -3.204 ; -3.204 ; Rise       ; clk             ;
;  idata[25] ; clk        ; -0.417 ; -0.417 ; Rise       ; clk             ;
;  idata[26] ; clk        ; -2.630 ; -2.630 ; Rise       ; clk             ;
;  idata[27] ; clk        ; -3.167 ; -3.167 ; Rise       ; clk             ;
;  idata[28] ; clk        ; -3.308 ; -3.308 ; Rise       ; clk             ;
;  idata[29] ; clk        ; -3.162 ; -3.162 ; Rise       ; clk             ;
;  idata[30] ; clk        ; -2.621 ; -2.621 ; Rise       ; clk             ;
;  idata[31] ; clk        ; -3.432 ; -3.432 ; Rise       ; clk             ;
;  idata[32] ; clk        ; -3.237 ; -3.237 ; Rise       ; clk             ;
;  idata[33] ; clk        ; -2.823 ; -2.823 ; Rise       ; clk             ;
;  idata[34] ; clk        ; -2.599 ; -2.599 ; Rise       ; clk             ;
;  idata[35] ; clk        ; -3.502 ; -3.502 ; Rise       ; clk             ;
;  idata[36] ; clk        ; -3.235 ; -3.235 ; Rise       ; clk             ;
;  idata[37] ; clk        ; -3.624 ; -3.624 ; Rise       ; clk             ;
;  idata[38] ; clk        ; -2.620 ; -2.620 ; Rise       ; clk             ;
;  idata[39] ; clk        ; -3.253 ; -3.253 ; Rise       ; clk             ;
;  idata[40] ; clk        ; -3.012 ; -3.012 ; Rise       ; clk             ;
;  idata[41] ; clk        ; -3.489 ; -3.489 ; Rise       ; clk             ;
;  idata[42] ; clk        ; -3.345 ; -3.345 ; Rise       ; clk             ;
;  idata[43] ; clk        ; -3.223 ; -3.223 ; Rise       ; clk             ;
;  idata[44] ; clk        ; -3.281 ; -3.281 ; Rise       ; clk             ;
;  idata[45] ; clk        ; -3.617 ; -3.617 ; Rise       ; clk             ;
;  idata[46] ; clk        ; -3.164 ; -3.164 ; Rise       ; clk             ;
;  idata[47] ; clk        ; -3.264 ; -3.264 ; Rise       ; clk             ;
;  idata[48] ; clk        ; -2.657 ; -2.657 ; Rise       ; clk             ;
;  idata[49] ; clk        ; -2.834 ; -2.834 ; Rise       ; clk             ;
;  idata[50] ; clk        ; -3.202 ; -3.202 ; Rise       ; clk             ;
;  idata[51] ; clk        ; -3.504 ; -3.504 ; Rise       ; clk             ;
;  idata[52] ; clk        ; -2.620 ; -2.620 ; Rise       ; clk             ;
;  idata[53] ; clk        ; -3.214 ; -3.214 ; Rise       ; clk             ;
;  idata[54] ; clk        ; -3.048 ; -3.048 ; Rise       ; clk             ;
;  idata[55] ; clk        ; -3.279 ; -3.279 ; Rise       ; clk             ;
;  idata[56] ; clk        ; -3.349 ; -3.349 ; Rise       ; clk             ;
;  idata[57] ; clk        ; -3.353 ; -3.353 ; Rise       ; clk             ;
;  idata[58] ; clk        ; -3.021 ; -3.021 ; Rise       ; clk             ;
;  idata[59] ; clk        ; -3.746 ; -3.746 ; Rise       ; clk             ;
;  idata[60] ; clk        ; -2.882 ; -2.882 ; Rise       ; clk             ;
;  idata[61] ; clk        ; -3.843 ; -3.843 ; Rise       ; clk             ;
;  idata[62] ; clk        ; -2.856 ; -2.856 ; Rise       ; clk             ;
;  idata[63] ; clk        ; -3.286 ; -3.286 ; Rise       ; clk             ;
; key1[*]    ; clk        ; -0.145 ; -0.145 ; Rise       ; clk             ;
;  key1[1]   ; clk        ; -4.408 ; -4.408 ; Rise       ; clk             ;
;  key1[2]   ; clk        ; -4.072 ; -4.072 ; Rise       ; clk             ;
;  key1[3]   ; clk        ; -4.323 ; -4.323 ; Rise       ; clk             ;
;  key1[4]   ; clk        ; -4.295 ; -4.295 ; Rise       ; clk             ;
;  key1[5]   ; clk        ; -4.720 ; -4.720 ; Rise       ; clk             ;
;  key1[6]   ; clk        ; -4.295 ; -4.295 ; Rise       ; clk             ;
;  key1[7]   ; clk        ; -4.138 ; -4.138 ; Rise       ; clk             ;
;  key1[9]   ; clk        ; -4.652 ; -4.652 ; Rise       ; clk             ;
;  key1[10]  ; clk        ; -4.445 ; -4.445 ; Rise       ; clk             ;
;  key1[11]  ; clk        ; -4.425 ; -4.425 ; Rise       ; clk             ;
;  key1[12]  ; clk        ; -4.675 ; -4.675 ; Rise       ; clk             ;
;  key1[13]  ; clk        ; -4.099 ; -4.099 ; Rise       ; clk             ;
;  key1[14]  ; clk        ; -4.742 ; -4.742 ; Rise       ; clk             ;
;  key1[15]  ; clk        ; -4.730 ; -4.730 ; Rise       ; clk             ;
;  key1[17]  ; clk        ; -4.531 ; -4.531 ; Rise       ; clk             ;
;  key1[18]  ; clk        ; -4.940 ; -4.940 ; Rise       ; clk             ;
;  key1[19]  ; clk        ; -4.550 ; -4.550 ; Rise       ; clk             ;
;  key1[20]  ; clk        ; -4.643 ; -4.643 ; Rise       ; clk             ;
;  key1[21]  ; clk        ; -4.283 ; -4.283 ; Rise       ; clk             ;
;  key1[22]  ; clk        ; -4.183 ; -4.183 ; Rise       ; clk             ;
;  key1[23]  ; clk        ; -4.842 ; -4.842 ; Rise       ; clk             ;
;  key1[25]  ; clk        ; -4.297 ; -4.297 ; Rise       ; clk             ;
;  key1[26]  ; clk        ; -4.937 ; -4.937 ; Rise       ; clk             ;
;  key1[27]  ; clk        ; -4.797 ; -4.797 ; Rise       ; clk             ;
;  key1[28]  ; clk        ; -4.805 ; -4.805 ; Rise       ; clk             ;
;  key1[29]  ; clk        ; -4.665 ; -4.665 ; Rise       ; clk             ;
;  key1[30]  ; clk        ; -3.937 ; -3.937 ; Rise       ; clk             ;
;  key1[31]  ; clk        ; -0.752 ; -0.752 ; Rise       ; clk             ;
;  key1[33]  ; clk        ; -4.304 ; -4.304 ; Rise       ; clk             ;
;  key1[34]  ; clk        ; -4.074 ; -4.074 ; Rise       ; clk             ;
;  key1[35]  ; clk        ; -3.913 ; -3.913 ; Rise       ; clk             ;
;  key1[36]  ; clk        ; -5.074 ; -5.074 ; Rise       ; clk             ;
;  key1[37]  ; clk        ; -4.041 ; -4.041 ; Rise       ; clk             ;
;  key1[38]  ; clk        ; -4.767 ; -4.767 ; Rise       ; clk             ;
;  key1[39]  ; clk        ; -4.549 ; -4.549 ; Rise       ; clk             ;
;  key1[41]  ; clk        ; -4.315 ; -4.315 ; Rise       ; clk             ;
;  key1[42]  ; clk        ; -4.873 ; -4.873 ; Rise       ; clk             ;
;  key1[43]  ; clk        ; -4.469 ; -4.469 ; Rise       ; clk             ;
;  key1[44]  ; clk        ; -4.633 ; -4.633 ; Rise       ; clk             ;
;  key1[45]  ; clk        ; -4.359 ; -4.359 ; Rise       ; clk             ;
;  key1[46]  ; clk        ; -4.462 ; -4.462 ; Rise       ; clk             ;
;  key1[47]  ; clk        ; -4.499 ; -4.499 ; Rise       ; clk             ;
;  key1[49]  ; clk        ; -4.273 ; -4.273 ; Rise       ; clk             ;
;  key1[50]  ; clk        ; -4.136 ; -4.136 ; Rise       ; clk             ;
;  key1[51]  ; clk        ; -0.145 ; -0.145 ; Rise       ; clk             ;
;  key1[52]  ; clk        ; -4.222 ; -4.222 ; Rise       ; clk             ;
;  key1[53]  ; clk        ; -4.470 ; -4.470 ; Rise       ; clk             ;
;  key1[54]  ; clk        ; -4.643 ; -4.643 ; Rise       ; clk             ;
;  key1[55]  ; clk        ; -4.733 ; -4.733 ; Rise       ; clk             ;
;  key1[57]  ; clk        ; -4.092 ; -4.092 ; Rise       ; clk             ;
;  key1[58]  ; clk        ; -4.798 ; -4.798 ; Rise       ; clk             ;
;  key1[59]  ; clk        ; -4.381 ; -4.381 ; Rise       ; clk             ;
;  key1[60]  ; clk        ; -4.272 ; -4.272 ; Rise       ; clk             ;
;  key1[61]  ; clk        ; -4.642 ; -4.642 ; Rise       ; clk             ;
;  key1[62]  ; clk        ; -4.515 ; -4.515 ; Rise       ; clk             ;
;  key1[63]  ; clk        ; -4.731 ; -4.731 ; Rise       ; clk             ;
; key2[*]    ; clk        ; -3.328 ; -3.328 ; Rise       ; clk             ;
;  key2[1]   ; clk        ; -4.363 ; -4.363 ; Rise       ; clk             ;
;  key2[2]   ; clk        ; -4.409 ; -4.409 ; Rise       ; clk             ;
;  key2[3]   ; clk        ; -3.728 ; -3.728 ; Rise       ; clk             ;
;  key2[4]   ; clk        ; -4.533 ; -4.533 ; Rise       ; clk             ;
;  key2[5]   ; clk        ; -4.673 ; -4.673 ; Rise       ; clk             ;
;  key2[6]   ; clk        ; -5.070 ; -5.070 ; Rise       ; clk             ;
;  key2[7]   ; clk        ; -4.708 ; -4.708 ; Rise       ; clk             ;
;  key2[9]   ; clk        ; -4.094 ; -4.094 ; Rise       ; clk             ;
;  key2[10]  ; clk        ; -3.988 ; -3.988 ; Rise       ; clk             ;
;  key2[11]  ; clk        ; -3.943 ; -3.943 ; Rise       ; clk             ;
;  key2[12]  ; clk        ; -4.578 ; -4.578 ; Rise       ; clk             ;
;  key2[13]  ; clk        ; -4.735 ; -4.735 ; Rise       ; clk             ;
;  key2[14]  ; clk        ; -4.300 ; -4.300 ; Rise       ; clk             ;
;  key2[15]  ; clk        ; -4.618 ; -4.618 ; Rise       ; clk             ;
;  key2[17]  ; clk        ; -4.213 ; -4.213 ; Rise       ; clk             ;
;  key2[18]  ; clk        ; -3.781 ; -3.781 ; Rise       ; clk             ;
;  key2[19]  ; clk        ; -3.328 ; -3.328 ; Rise       ; clk             ;
;  key2[20]  ; clk        ; -4.472 ; -4.472 ; Rise       ; clk             ;
;  key2[21]  ; clk        ; -4.418 ; -4.418 ; Rise       ; clk             ;
;  key2[22]  ; clk        ; -4.905 ; -4.905 ; Rise       ; clk             ;
;  key2[23]  ; clk        ; -4.483 ; -4.483 ; Rise       ; clk             ;
;  key2[25]  ; clk        ; -3.737 ; -3.737 ; Rise       ; clk             ;
;  key2[26]  ; clk        ; -4.443 ; -4.443 ; Rise       ; clk             ;
;  key2[27]  ; clk        ; -4.103 ; -4.103 ; Rise       ; clk             ;
;  key2[28]  ; clk        ; -4.741 ; -4.741 ; Rise       ; clk             ;
;  key2[29]  ; clk        ; -4.173 ; -4.173 ; Rise       ; clk             ;
;  key2[30]  ; clk        ; -4.825 ; -4.825 ; Rise       ; clk             ;
;  key2[31]  ; clk        ; -4.520 ; -4.520 ; Rise       ; clk             ;
;  key2[33]  ; clk        ; -3.922 ; -3.922 ; Rise       ; clk             ;
;  key2[34]  ; clk        ; -4.390 ; -4.390 ; Rise       ; clk             ;
;  key2[35]  ; clk        ; -3.991 ; -3.991 ; Rise       ; clk             ;
;  key2[36]  ; clk        ; -3.909 ; -3.909 ; Rise       ; clk             ;
;  key2[37]  ; clk        ; -4.674 ; -4.674 ; Rise       ; clk             ;
;  key2[38]  ; clk        ; -4.496 ; -4.496 ; Rise       ; clk             ;
;  key2[39]  ; clk        ; -4.319 ; -4.319 ; Rise       ; clk             ;
;  key2[41]  ; clk        ; -4.331 ; -4.331 ; Rise       ; clk             ;
;  key2[42]  ; clk        ; -3.493 ; -3.493 ; Rise       ; clk             ;
;  key2[43]  ; clk        ; -4.072 ; -4.072 ; Rise       ; clk             ;
;  key2[44]  ; clk        ; -3.699 ; -3.699 ; Rise       ; clk             ;
;  key2[45]  ; clk        ; -4.537 ; -4.537 ; Rise       ; clk             ;
;  key2[46]  ; clk        ; -4.475 ; -4.475 ; Rise       ; clk             ;
;  key2[47]  ; clk        ; -4.390 ; -4.390 ; Rise       ; clk             ;
;  key2[49]  ; clk        ; -4.134 ; -4.134 ; Rise       ; clk             ;
;  key2[50]  ; clk        ; -4.057 ; -4.057 ; Rise       ; clk             ;
;  key2[51]  ; clk        ; -3.958 ; -3.958 ; Rise       ; clk             ;
;  key2[52]  ; clk        ; -3.614 ; -3.614 ; Rise       ; clk             ;
;  key2[53]  ; clk        ; -4.462 ; -4.462 ; Rise       ; clk             ;
;  key2[54]  ; clk        ; -4.662 ; -4.662 ; Rise       ; clk             ;
;  key2[55]  ; clk        ; -5.063 ; -5.063 ; Rise       ; clk             ;
;  key2[57]  ; clk        ; -4.621 ; -4.621 ; Rise       ; clk             ;
;  key2[58]  ; clk        ; -4.304 ; -4.304 ; Rise       ; clk             ;
;  key2[59]  ; clk        ; -4.454 ; -4.454 ; Rise       ; clk             ;
;  key2[60]  ; clk        ; -3.676 ; -3.676 ; Rise       ; clk             ;
;  key2[61]  ; clk        ; -4.865 ; -4.865 ; Rise       ; clk             ;
;  key2[62]  ; clk        ; -4.296 ; -4.296 ; Rise       ; clk             ;
;  key2[63]  ; clk        ; -4.529 ; -4.529 ; Rise       ; clk             ;
; key3[*]    ; clk        ; -0.118 ; -0.118 ; Rise       ; clk             ;
;  key3[1]   ; clk        ; -4.401 ; -4.401 ; Rise       ; clk             ;
;  key3[2]   ; clk        ; -4.232 ; -4.232 ; Rise       ; clk             ;
;  key3[3]   ; clk        ; -3.662 ; -3.662 ; Rise       ; clk             ;
;  key3[4]   ; clk        ; -4.750 ; -4.750 ; Rise       ; clk             ;
;  key3[5]   ; clk        ; -4.492 ; -4.492 ; Rise       ; clk             ;
;  key3[6]   ; clk        ; -4.421 ; -4.421 ; Rise       ; clk             ;
;  key3[7]   ; clk        ; -4.302 ; -4.302 ; Rise       ; clk             ;
;  key3[9]   ; clk        ; -3.616 ; -3.616 ; Rise       ; clk             ;
;  key3[10]  ; clk        ; -4.577 ; -4.577 ; Rise       ; clk             ;
;  key3[11]  ; clk        ; -4.247 ; -4.247 ; Rise       ; clk             ;
;  key3[12]  ; clk        ; -4.805 ; -4.805 ; Rise       ; clk             ;
;  key3[13]  ; clk        ; -3.818 ; -3.818 ; Rise       ; clk             ;
;  key3[14]  ; clk        ; -4.180 ; -4.180 ; Rise       ; clk             ;
;  key3[15]  ; clk        ; -4.508 ; -4.508 ; Rise       ; clk             ;
;  key3[17]  ; clk        ; -4.392 ; -4.392 ; Rise       ; clk             ;
;  key3[18]  ; clk        ; -3.086 ; -3.086 ; Rise       ; clk             ;
;  key3[19]  ; clk        ; -4.198 ; -4.198 ; Rise       ; clk             ;
;  key3[20]  ; clk        ; -3.760 ; -3.760 ; Rise       ; clk             ;
;  key3[21]  ; clk        ; -4.046 ; -4.046 ; Rise       ; clk             ;
;  key3[22]  ; clk        ; -4.766 ; -4.766 ; Rise       ; clk             ;
;  key3[23]  ; clk        ; -4.045 ; -4.045 ; Rise       ; clk             ;
;  key3[25]  ; clk        ; -4.335 ; -4.335 ; Rise       ; clk             ;
;  key3[26]  ; clk        ; -4.371 ; -4.371 ; Rise       ; clk             ;
;  key3[27]  ; clk        ; -4.336 ; -4.336 ; Rise       ; clk             ;
;  key3[28]  ; clk        ; -0.717 ; -0.717 ; Rise       ; clk             ;
;  key3[29]  ; clk        ; -3.897 ; -3.897 ; Rise       ; clk             ;
;  key3[30]  ; clk        ; -4.041 ; -4.041 ; Rise       ; clk             ;
;  key3[31]  ; clk        ; -4.938 ; -4.938 ; Rise       ; clk             ;
;  key3[33]  ; clk        ; -4.479 ; -4.479 ; Rise       ; clk             ;
;  key3[34]  ; clk        ; -3.306 ; -3.306 ; Rise       ; clk             ;
;  key3[35]  ; clk        ; -4.094 ; -4.094 ; Rise       ; clk             ;
;  key3[36]  ; clk        ; -3.943 ; -3.943 ; Rise       ; clk             ;
;  key3[37]  ; clk        ; -4.475 ; -4.475 ; Rise       ; clk             ;
;  key3[38]  ; clk        ; -3.998 ; -3.998 ; Rise       ; clk             ;
;  key3[39]  ; clk        ; -4.042 ; -4.042 ; Rise       ; clk             ;
;  key3[41]  ; clk        ; -3.944 ; -3.944 ; Rise       ; clk             ;
;  key3[42]  ; clk        ; -4.765 ; -4.765 ; Rise       ; clk             ;
;  key3[43]  ; clk        ; -3.938 ; -3.938 ; Rise       ; clk             ;
;  key3[44]  ; clk        ; -4.016 ; -4.016 ; Rise       ; clk             ;
;  key3[45]  ; clk        ; -4.251 ; -4.251 ; Rise       ; clk             ;
;  key3[46]  ; clk        ; -3.920 ; -3.920 ; Rise       ; clk             ;
;  key3[47]  ; clk        ; -0.118 ; -0.118 ; Rise       ; clk             ;
;  key3[49]  ; clk        ; -4.202 ; -4.202 ; Rise       ; clk             ;
;  key3[50]  ; clk        ; -4.093 ; -4.093 ; Rise       ; clk             ;
;  key3[51]  ; clk        ; -3.451 ; -3.451 ; Rise       ; clk             ;
;  key3[52]  ; clk        ; -3.945 ; -3.945 ; Rise       ; clk             ;
;  key3[53]  ; clk        ; -4.502 ; -4.502 ; Rise       ; clk             ;
;  key3[54]  ; clk        ; -4.585 ; -4.585 ; Rise       ; clk             ;
;  key3[55]  ; clk        ; -4.400 ; -4.400 ; Rise       ; clk             ;
;  key3[57]  ; clk        ; -3.471 ; -3.471 ; Rise       ; clk             ;
;  key3[58]  ; clk        ; -3.997 ; -3.997 ; Rise       ; clk             ;
;  key3[59]  ; clk        ; -4.401 ; -4.401 ; Rise       ; clk             ;
;  key3[60]  ; clk        ; -4.631 ; -4.631 ; Rise       ; clk             ;
;  key3[61]  ; clk        ; -4.828 ; -4.828 ; Rise       ; clk             ;
;  key3[62]  ; clk        ; -4.269 ; -4.269 ; Rise       ; clk             ;
;  key3[63]  ; clk        ; -4.601 ; -4.601 ; Rise       ; clk             ;
; valid_in   ; clk        ; -2.832 ; -2.832 ; Rise       ; clk             ;
+------------+------------+--------+--------+------------+-----------------+


+------------------------------------------------------------------------+
; Clock to Output Times                                                  ;
+------------+------------+-------+-------+------------+-----------------+
; Data Port  ; Clock Port ; Rise  ; Fall  ; Clock Edge ; Clock Reference ;
+------------+------------+-------+-------+------------+-----------------+
; odata[*]   ; clk        ; 7.630 ; 7.630 ; Rise       ; clk             ;
;  odata[0]  ; clk        ; 6.905 ; 6.905 ; Rise       ; clk             ;
;  odata[1]  ; clk        ; 6.712 ; 6.712 ; Rise       ; clk             ;
;  odata[2]  ; clk        ; 6.986 ; 6.986 ; Rise       ; clk             ;
;  odata[3]  ; clk        ; 7.356 ; 7.356 ; Rise       ; clk             ;
;  odata[4]  ; clk        ; 6.472 ; 6.472 ; Rise       ; clk             ;
;  odata[5]  ; clk        ; 7.393 ; 7.393 ; Rise       ; clk             ;
;  odata[6]  ; clk        ; 6.709 ; 6.709 ; Rise       ; clk             ;
;  odata[7]  ; clk        ; 6.241 ; 6.241 ; Rise       ; clk             ;
;  odata[8]  ; clk        ; 6.355 ; 6.355 ; Rise       ; clk             ;
;  odata[9]  ; clk        ; 6.008 ; 6.008 ; Rise       ; clk             ;
;  odata[10] ; clk        ; 6.739 ; 6.739 ; Rise       ; clk             ;
;  odata[11] ; clk        ; 6.614 ; 6.614 ; Rise       ; clk             ;
;  odata[12] ; clk        ; 6.716 ; 6.716 ; Rise       ; clk             ;
;  odata[13] ; clk        ; 6.561 ; 6.561 ; Rise       ; clk             ;
;  odata[14] ; clk        ; 6.887 ; 6.887 ; Rise       ; clk             ;
;  odata[15] ; clk        ; 6.553 ; 6.553 ; Rise       ; clk             ;
;  odata[16] ; clk        ; 7.387 ; 7.387 ; Rise       ; clk             ;
;  odata[17] ; clk        ; 6.220 ; 6.220 ; Rise       ; clk             ;
;  odata[18] ; clk        ; 6.918 ; 6.918 ; Rise       ; clk             ;
;  odata[19] ; clk        ; 6.891 ; 6.891 ; Rise       ; clk             ;
;  odata[20] ; clk        ; 6.356 ; 6.356 ; Rise       ; clk             ;
;  odata[21] ; clk        ; 6.890 ; 6.890 ; Rise       ; clk             ;
;  odata[22] ; clk        ; 6.326 ; 6.326 ; Rise       ; clk             ;
;  odata[23] ; clk        ; 6.691 ; 6.691 ; Rise       ; clk             ;
;  odata[24] ; clk        ; 6.939 ; 6.939 ; Rise       ; clk             ;
;  odata[25] ; clk        ; 6.936 ; 6.936 ; Rise       ; clk             ;
;  odata[26] ; clk        ; 6.851 ; 6.851 ; Rise       ; clk             ;
;  odata[27] ; clk        ; 6.899 ; 6.899 ; Rise       ; clk             ;
;  odata[28] ; clk        ; 6.071 ; 6.071 ; Rise       ; clk             ;
;  odata[29] ; clk        ; 6.401 ; 6.401 ; Rise       ; clk             ;
;  odata[30] ; clk        ; 6.263 ; 6.263 ; Rise       ; clk             ;
;  odata[31] ; clk        ; 7.315 ; 7.315 ; Rise       ; clk             ;
;  odata[32] ; clk        ; 6.728 ; 6.728 ; Rise       ; clk             ;
;  odata[33] ; clk        ; 6.303 ; 6.303 ; Rise       ; clk             ;
;  odata[34] ; clk        ; 6.267 ; 6.267 ; Rise       ; clk             ;
;  odata[35] ; clk        ; 6.292 ; 6.292 ; Rise       ; clk             ;
;  odata[36] ; clk        ; 6.827 ; 6.827 ; Rise       ; clk             ;
;  odata[37] ; clk        ; 6.019 ; 6.019 ; Rise       ; clk             ;
;  odata[38] ; clk        ; 6.470 ; 6.470 ; Rise       ; clk             ;
;  odata[39] ; clk        ; 7.010 ; 7.010 ; Rise       ; clk             ;
;  odata[40] ; clk        ; 6.764 ; 6.764 ; Rise       ; clk             ;
;  odata[41] ; clk        ; 6.885 ; 6.885 ; Rise       ; clk             ;
;  odata[42] ; clk        ; 6.068 ; 6.068 ; Rise       ; clk             ;
;  odata[43] ; clk        ; 6.960 ; 6.960 ; Rise       ; clk             ;
;  odata[44] ; clk        ; 6.847 ; 6.847 ; Rise       ; clk             ;
;  odata[45] ; clk        ; 7.310 ; 7.310 ; Rise       ; clk             ;
;  odata[46] ; clk        ; 6.527 ; 6.527 ; Rise       ; clk             ;
;  odata[47] ; clk        ; 6.095 ; 6.095 ; Rise       ; clk             ;
;  odata[48] ; clk        ; 6.314 ; 6.314 ; Rise       ; clk             ;
;  odata[49] ; clk        ; 6.701 ; 6.701 ; Rise       ; clk             ;
;  odata[50] ; clk        ; 6.062 ; 6.062 ; Rise       ; clk             ;
;  odata[51] ; clk        ; 6.078 ; 6.078 ; Rise       ; clk             ;
;  odata[52] ; clk        ; 6.254 ; 6.254 ; Rise       ; clk             ;
;  odata[53] ; clk        ; 6.359 ; 6.359 ; Rise       ; clk             ;
;  odata[54] ; clk        ; 6.071 ; 6.071 ; Rise       ; clk             ;
;  odata[55] ; clk        ; 6.060 ; 6.060 ; Rise       ; clk             ;
;  odata[56] ; clk        ; 6.612 ; 6.612 ; Rise       ; clk             ;
;  odata[57] ; clk        ; 6.942 ; 6.942 ; Rise       ; clk             ;
;  odata[58] ; clk        ; 6.015 ; 6.015 ; Rise       ; clk             ;
;  odata[59] ; clk        ; 6.884 ; 6.884 ; Rise       ; clk             ;
;  odata[60] ; clk        ; 7.256 ; 7.256 ; Rise       ; clk             ;
;  odata[61] ; clk        ; 6.638 ; 6.638 ; Rise       ; clk             ;
;  odata[62] ; clk        ; 7.630 ; 7.630 ; Rise       ; clk             ;
;  odata[63] ; clk        ; 6.949 ; 6.949 ; Rise       ; clk             ;
; valid_out  ; clk        ; 6.048 ; 6.048 ; Rise       ; clk             ;
+------------+------------+-------+-------+------------+-----------------+


+------------------------------------------------------------------------+
; Minimum Clock to Output Times                                          ;
+------------+------------+-------+-------+------------+-----------------+
; Data Port  ; Clock Port ; Rise  ; Fall  ; Clock Edge ; Clock Reference ;
+------------+------------+-------+-------+------------+-----------------+
; odata[*]   ; clk        ; 6.008 ; 6.008 ; Rise       ; clk             ;
;  odata[0]  ; clk        ; 6.905 ; 6.905 ; Rise       ; clk             ;
;  odata[1]  ; clk        ; 6.712 ; 6.712 ; Rise       ; clk             ;
;  odata[2]  ; clk        ; 6.986 ; 6.986 ; Rise       ; clk             ;
;  odata[3]  ; clk        ; 7.356 ; 7.356 ; Rise       ; clk             ;
;  odata[4]  ; clk        ; 6.472 ; 6.472 ; Rise       ; clk             ;
;  odata[5]  ; clk        ; 7.393 ; 7.393 ; Rise       ; clk             ;
;  odata[6]  ; clk        ; 6.709 ; 6.709 ; Rise       ; clk             ;
;  odata[7]  ; clk        ; 6.241 ; 6.241 ; Rise       ; clk             ;
;  odata[8]  ; clk        ; 6.355 ; 6.355 ; Rise       ; clk             ;
;  odata[9]  ; clk        ; 6.008 ; 6.008 ; Rise       ; clk             ;
;  odata[10] ; clk        ; 6.739 ; 6.739 ; Rise       ; clk             ;
;  odata[11] ; clk        ; 6.614 ; 6.614 ; Rise       ; clk             ;
;  odata[12] ; clk        ; 6.716 ; 6.716 ; Rise       ; clk             ;
;  odata[13] ; clk        ; 6.561 ; 6.561 ; Rise       ; clk             ;
;  odata[14] ; clk        ; 6.887 ; 6.887 ; Rise       ; clk             ;
;  odata[15] ; clk        ; 6.553 ; 6.553 ; Rise       ; clk             ;
;  odata[16] ; clk        ; 7.387 ; 7.387 ; Rise       ; clk             ;
;  odata[17] ; clk        ; 6.220 ; 6.220 ; Rise       ; clk             ;
;  odata[18] ; clk        ; 6.918 ; 6.918 ; Rise       ; clk             ;
;  odata[19] ; clk        ; 6.891 ; 6.891 ; Rise       ; clk             ;
;  odata[20] ; clk        ; 6.356 ; 6.356 ; Rise       ; clk             ;
;  odata[21] ; clk        ; 6.890 ; 6.890 ; Rise       ; clk             ;
;  odata[22] ; clk        ; 6.326 ; 6.326 ; Rise       ; clk             ;
;  odata[23] ; clk        ; 6.691 ; 6.691 ; Rise       ; clk             ;
;  odata[24] ; clk        ; 6.939 ; 6.939 ; Rise       ; clk             ;
;  odata[25] ; clk        ; 6.936 ; 6.936 ; Rise       ; clk             ;
;  odata[26] ; clk        ; 6.851 ; 6.851 ; Rise       ; clk             ;
;  odata[27] ; clk        ; 6.899 ; 6.899 ; Rise       ; clk             ;
;  odata[28] ; clk        ; 6.071 ; 6.071 ; Rise       ; clk             ;
;  odata[29] ; clk        ; 6.401 ; 6.401 ; Rise       ; clk             ;
;  odata[30] ; clk        ; 6.263 ; 6.263 ; Rise       ; clk             ;
;  odata[31] ; clk        ; 7.315 ; 7.315 ; Rise       ; clk             ;
;  odata[32] ; clk        ; 6.728 ; 6.728 ; Rise       ; clk             ;
;  odata[33] ; clk        ; 6.303 ; 6.303 ; Rise       ; clk             ;
;  odata[34] ; clk        ; 6.267 ; 6.267 ; Rise       ; clk             ;
;  odata[35] ; clk        ; 6.292 ; 6.292 ; Rise       ; clk             ;
;  odata[36] ; clk        ; 6.827 ; 6.827 ; Rise       ; clk             ;
;  odata[37] ; clk        ; 6.019 ; 6.019 ; Rise       ; clk             ;
;  odata[38] ; clk        ; 6.470 ; 6.470 ; Rise       ; clk             ;
;  odata[39] ; clk        ; 7.010 ; 7.010 ; Rise       ; clk             ;
;  odata[40] ; clk        ; 6.764 ; 6.764 ; Rise       ; clk             ;
;  odata[41] ; clk        ; 6.885 ; 6.885 ; Rise       ; clk             ;
;  odata[42] ; clk        ; 6.068 ; 6.068 ; Rise       ; clk             ;
;  odata[43] ; clk        ; 6.960 ; 6.960 ; Rise       ; clk             ;
;  odata[44] ; clk        ; 6.847 ; 6.847 ; Rise       ; clk             ;
;  odata[45] ; clk        ; 7.310 ; 7.310 ; Rise       ; clk             ;
;  odata[46] ; clk        ; 6.527 ; 6.527 ; Rise       ; clk             ;
;  odata[47] ; clk        ; 6.095 ; 6.095 ; Rise       ; clk             ;
;  odata[48] ; clk        ; 6.314 ; 6.314 ; Rise       ; clk             ;
;  odata[49] ; clk        ; 6.701 ; 6.701 ; Rise       ; clk             ;
;  odata[50] ; clk        ; 6.062 ; 6.062 ; Rise       ; clk             ;
;  odata[51] ; clk        ; 6.078 ; 6.078 ; Rise       ; clk             ;
;  odata[52] ; clk        ; 6.254 ; 6.254 ; Rise       ; clk             ;
;  odata[53] ; clk        ; 6.359 ; 6.359 ; Rise       ; clk             ;
;  odata[54] ; clk        ; 6.071 ; 6.071 ; Rise       ; clk             ;
;  odata[55] ; clk        ; 6.060 ; 6.060 ; Rise       ; clk             ;
;  odata[56] ; clk        ; 6.612 ; 6.612 ; Rise       ; clk             ;
;  odata[57] ; clk        ; 6.942 ; 6.942 ; Rise       ; clk             ;
;  odata[58] ; clk        ; 6.015 ; 6.015 ; Rise       ; clk             ;
;  odata[59] ; clk        ; 6.884 ; 6.884 ; Rise       ; clk             ;
;  odata[60] ; clk        ; 7.256 ; 7.256 ; Rise       ; clk             ;
;  odata[61] ; clk        ; 6.638 ; 6.638 ; Rise       ; clk             ;
;  odata[62] ; clk        ; 7.630 ; 7.630 ; Rise       ; clk             ;
;  odata[63] ; clk        ; 6.949 ; 6.949 ; Rise       ; clk             ;
; valid_out  ; clk        ; 6.048 ; 6.048 ; Rise       ; clk             ;
+------------+------------+-------+-------+------------+-----------------+


+--------------------------------+
; Fast Model Setup Summary       ;
+-------+--------+---------------+
; Clock ; Slack  ; End Point TNS ;
+-------+--------+---------------+
; clk   ; -1.460 ; -1416.145     ;
+-------+--------+---------------+


+-------------------------------+
; Fast Model Hold Summary       ;
+-------+-------+---------------+
; Clock ; Slack ; End Point TNS ;
+-------+-------+---------------+
; clk   ; 0.215 ; 0.000         ;
+-------+-------+---------------+


+--------------------------------+
; Fast Model Recovery Summary    ;
+-------+--------+---------------+
; Clock ; Slack  ; End Point TNS ;
+-------+--------+---------------+
; clk   ; -0.908 ; -116.224      ;
+-------+--------+---------------+


+-------------------------------+
; Fast Model Removal Summary    ;
+-------+-------+---------------+
; Clock ; Slack ; End Point TNS ;
+-------+-------+---------------+
; clk   ; 1.769 ; 0.000         ;
+-------+-------+---------------+


+----------------------------------------+
; Fast Model Minimum Pulse Width Summary ;
+-------+--------+-----------------------+
; Clock ; Slack  ; End Point TNS         ;
+-------+--------+-----------------------+
; clk   ; -1.627 ; -4434.980             ;
+-------+--------+-----------------------+


+--------------------------------------------------------------------------------------------------------------------------------------------------------------------------------------------------------------------------------------------------------------------------------------------------------------------------------------------------------------------+
; Fast Model Setup: 'clk'                                                                                                                                                                                                                                                                                                                                            ;
+--------+------------------------------------------------------------------------------------------------------------------------------------------+------------------------------------------------------------------------------------------------------------------------------------------+--------------+-------------+--------------+------------+------------+
; Slack  ; From Node                                                                                                                                ; To Node                                                                                                                                  ; Launch Clock ; Latch Clock ; Relationship ; Clock Skew ; Data Delay ;
+--------+------------------------------------------------------------------------------------------------------------------------------------------+------------------------------------------------------------------------------------------------------------------------------------------+--------------+-------------+--------------+------------+------------+
; -1.460 ; feistel_algo:decrypt2|altshift_taps:L16_rtl_0|shift_taps_ghm:auto_generated|altsyncram_n761:altsyncram4|ram_block7a0~porta_datain_reg0   ; feistel_algo:decrypt2|altshift_taps:L16_rtl_0|shift_taps_ghm:auto_generated|altsyncram_n761:altsyncram4|ram_block7a0~porta_memory_reg0   ; clk          ; clk         ; 1.000        ; -0.017     ; 2.442      ;
; -1.460 ; feistel_algo:decrypt2|altshift_taps:L16_rtl_0|shift_taps_ghm:auto_generated|altsyncram_n761:altsyncram4|ram_block7a0~porta_datain_reg1   ; feistel_algo:decrypt2|altshift_taps:L16_rtl_0|shift_taps_ghm:auto_generated|altsyncram_n761:altsyncram4|ram_block7a2~porta_memory_reg0   ; clk          ; clk         ; 1.000        ; -0.017     ; 2.442      ;
; -1.460 ; feistel_algo:decrypt2|altshift_taps:L16_rtl_0|shift_taps_ghm:auto_generated|altsyncram_n761:altsyncram4|ram_block7a0~porta_datain_reg2   ; feistel_algo:decrypt2|altshift_taps:L16_rtl_0|shift_taps_ghm:auto_generated|altsyncram_n761:altsyncram4|ram_block7a4~porta_memory_reg0   ; clk          ; clk         ; 1.000        ; -0.017     ; 2.442      ;
; -1.460 ; feistel_algo:decrypt2|altshift_taps:L16_rtl_0|shift_taps_ghm:auto_generated|altsyncram_n761:altsyncram4|ram_block7a0~porta_datain_reg3   ; feistel_algo:decrypt2|altshift_taps:L16_rtl_0|shift_taps_ghm:auto_generated|altsyncram_n761:altsyncram4|ram_block7a6~porta_memory_reg0   ; clk          ; clk         ; 1.000        ; -0.017     ; 2.442      ;
; -1.460 ; feistel_algo:decrypt2|altshift_taps:L16_rtl_0|shift_taps_ghm:auto_generated|altsyncram_n761:altsyncram4|ram_block7a0~porta_datain_reg4   ; feistel_algo:decrypt2|altshift_taps:L16_rtl_0|shift_taps_ghm:auto_generated|altsyncram_n761:altsyncram4|ram_block7a7~porta_memory_reg0   ; clk          ; clk         ; 1.000        ; -0.017     ; 2.442      ;
; -1.460 ; feistel_algo:decrypt2|altshift_taps:L16_rtl_0|shift_taps_ghm:auto_generated|altsyncram_n761:altsyncram4|ram_block7a0~porta_datain_reg5   ; feistel_algo:decrypt2|altshift_taps:L16_rtl_0|shift_taps_ghm:auto_generated|altsyncram_n761:altsyncram4|ram_block7a8~porta_memory_reg0   ; clk          ; clk         ; 1.000        ; -0.017     ; 2.442      ;
; -1.460 ; feistel_algo:decrypt2|altshift_taps:L16_rtl_0|shift_taps_ghm:auto_generated|altsyncram_n761:altsyncram4|ram_block7a0~porta_datain_reg6   ; feistel_algo:decrypt2|altshift_taps:L16_rtl_0|shift_taps_ghm:auto_generated|altsyncram_n761:altsyncram4|ram_block7a10~porta_memory_reg0  ; clk          ; clk         ; 1.000        ; -0.017     ; 2.442      ;
; -1.460 ; feistel_algo:decrypt2|altshift_taps:L16_rtl_0|shift_taps_ghm:auto_generated|altsyncram_n761:altsyncram4|ram_block7a0~porta_datain_reg7   ; feistel_algo:decrypt2|altshift_taps:L16_rtl_0|shift_taps_ghm:auto_generated|altsyncram_n761:altsyncram4|ram_block7a11~porta_memory_reg0  ; clk          ; clk         ; 1.000        ; -0.017     ; 2.442      ;
; -1.460 ; feistel_algo:decrypt2|altshift_taps:L16_rtl_0|shift_taps_ghm:auto_generated|altsyncram_n761:altsyncram4|ram_block7a0~porta_datain_reg8   ; feistel_algo:decrypt2|altshift_taps:L16_rtl_0|shift_taps_ghm:auto_generated|altsyncram_n761:altsyncram4|ram_block7a15~porta_memory_reg0  ; clk          ; clk         ; 1.000        ; -0.017     ; 2.442      ;
; -1.460 ; feistel_algo:decrypt2|altshift_taps:L16_rtl_0|shift_taps_ghm:auto_generated|altsyncram_n761:altsyncram4|ram_block7a0~porta_datain_reg9   ; feistel_algo:decrypt2|altshift_taps:L16_rtl_0|shift_taps_ghm:auto_generated|altsyncram_n761:altsyncram4|ram_block7a16~porta_memory_reg0  ; clk          ; clk         ; 1.000        ; -0.017     ; 2.442      ;
; -1.460 ; feistel_algo:decrypt2|altshift_taps:L16_rtl_0|shift_taps_ghm:auto_generated|altsyncram_n761:altsyncram4|ram_block7a0~porta_datain_reg10  ; feistel_algo:decrypt2|altshift_taps:L16_rtl_0|shift_taps_ghm:auto_generated|altsyncram_n761:altsyncram4|ram_block7a18~porta_memory_reg0  ; clk          ; clk         ; 1.000        ; -0.017     ; 2.442      ;
; -1.460 ; feistel_algo:decrypt2|altshift_taps:L16_rtl_0|shift_taps_ghm:auto_generated|altsyncram_n761:altsyncram4|ram_block7a0~porta_datain_reg11  ; feistel_algo:decrypt2|altshift_taps:L16_rtl_0|shift_taps_ghm:auto_generated|altsyncram_n761:altsyncram4|ram_block7a23~porta_memory_reg0  ; clk          ; clk         ; 1.000        ; -0.017     ; 2.442      ;
; -1.460 ; feistel_algo:decrypt2|altshift_taps:L16_rtl_0|shift_taps_ghm:auto_generated|altsyncram_n761:altsyncram4|ram_block7a0~porta_datain_reg12  ; feistel_algo:decrypt2|altshift_taps:L16_rtl_0|shift_taps_ghm:auto_generated|altsyncram_n761:altsyncram4|ram_block7a24~porta_memory_reg0  ; clk          ; clk         ; 1.000        ; -0.017     ; 2.442      ;
; -1.460 ; feistel_algo:decrypt2|altshift_taps:L16_rtl_0|shift_taps_ghm:auto_generated|altsyncram_n761:altsyncram4|ram_block7a0~porta_datain_reg13  ; feistel_algo:decrypt2|altshift_taps:L16_rtl_0|shift_taps_ghm:auto_generated|altsyncram_n761:altsyncram4|ram_block7a26~porta_memory_reg0  ; clk          ; clk         ; 1.000        ; -0.017     ; 2.442      ;
; -1.460 ; feistel_algo:decrypt2|altshift_taps:L16_rtl_0|shift_taps_ghm:auto_generated|altsyncram_n761:altsyncram4|ram_block7a0~porta_datain_reg14  ; feistel_algo:decrypt2|altshift_taps:L16_rtl_0|shift_taps_ghm:auto_generated|altsyncram_n761:altsyncram4|ram_block7a28~porta_memory_reg0  ; clk          ; clk         ; 1.000        ; -0.017     ; 2.442      ;
; -1.460 ; feistel_algo:decrypt2|altshift_taps:L16_rtl_0|shift_taps_ghm:auto_generated|altsyncram_n761:altsyncram4|ram_block7a0~porta_datain_reg15  ; feistel_algo:decrypt2|altshift_taps:L16_rtl_0|shift_taps_ghm:auto_generated|altsyncram_n761:altsyncram4|ram_block7a30~porta_memory_reg0  ; clk          ; clk         ; 1.000        ; -0.017     ; 2.442      ;
; -1.460 ; feistel_algo:decrypt2|altshift_taps:L16_rtl_0|shift_taps_ghm:auto_generated|altsyncram_n761:altsyncram4|ram_block7a0~porta_datain_reg16  ; feistel_algo:decrypt2|altshift_taps:L16_rtl_0|shift_taps_ghm:auto_generated|altsyncram_n761:altsyncram4|ram_block7a31~porta_memory_reg0  ; clk          ; clk         ; 1.000        ; -0.017     ; 2.442      ;
; -1.460 ; feistel_algo:decrypt2|altshift_taps:L16_rtl_0|shift_taps_ghm:auto_generated|altsyncram_n761:altsyncram4|ram_block7a0~porta_datain_reg17  ; feistel_algo:decrypt2|altshift_taps:L16_rtl_0|shift_taps_ghm:auto_generated|altsyncram_n761:altsyncram4|ram_block7a32~porta_memory_reg0  ; clk          ; clk         ; 1.000        ; -0.017     ; 2.442      ;
; -1.460 ; feistel_algo:decrypt2|altshift_taps:L16_rtl_0|shift_taps_ghm:auto_generated|altsyncram_n761:altsyncram4|ram_block7a0~porta_datain_reg18  ; feistel_algo:decrypt2|altshift_taps:L16_rtl_0|shift_taps_ghm:auto_generated|altsyncram_n761:altsyncram4|ram_block7a34~porta_memory_reg0  ; clk          ; clk         ; 1.000        ; -0.017     ; 2.442      ;
; -1.460 ; feistel_algo:decrypt2|altshift_taps:L16_rtl_0|shift_taps_ghm:auto_generated|altsyncram_n761:altsyncram4|ram_block7a0~porta_datain_reg19  ; feistel_algo:decrypt2|altshift_taps:L16_rtl_0|shift_taps_ghm:auto_generated|altsyncram_n761:altsyncram4|ram_block7a35~porta_memory_reg0  ; clk          ; clk         ; 1.000        ; -0.017     ; 2.442      ;
; -1.460 ; feistel_algo:decrypt2|altshift_taps:L16_rtl_0|shift_taps_ghm:auto_generated|altsyncram_n761:altsyncram4|ram_block7a0~porta_datain_reg20  ; feistel_algo:decrypt2|altshift_taps:L16_rtl_0|shift_taps_ghm:auto_generated|altsyncram_n761:altsyncram4|ram_block7a36~porta_memory_reg0  ; clk          ; clk         ; 1.000        ; -0.017     ; 2.442      ;
; -1.460 ; feistel_algo:decrypt2|altshift_taps:L16_rtl_0|shift_taps_ghm:auto_generated|altsyncram_n761:altsyncram4|ram_block7a0~porta_datain_reg21  ; feistel_algo:decrypt2|altshift_taps:L16_rtl_0|shift_taps_ghm:auto_generated|altsyncram_n761:altsyncram4|ram_block7a38~porta_memory_reg0  ; clk          ; clk         ; 1.000        ; -0.017     ; 2.442      ;
; -1.460 ; feistel_algo:decrypt2|altshift_taps:L16_rtl_0|shift_taps_ghm:auto_generated|altsyncram_n761:altsyncram4|ram_block7a0~porta_datain_reg22  ; feistel_algo:decrypt2|altshift_taps:L16_rtl_0|shift_taps_ghm:auto_generated|altsyncram_n761:altsyncram4|ram_block7a39~porta_memory_reg0  ; clk          ; clk         ; 1.000        ; -0.017     ; 2.442      ;
; -1.460 ; feistel_algo:decrypt2|altshift_taps:L16_rtl_0|shift_taps_ghm:auto_generated|altsyncram_n761:altsyncram4|ram_block7a0~porta_datain_reg23  ; feistel_algo:decrypt2|altshift_taps:L16_rtl_0|shift_taps_ghm:auto_generated|altsyncram_n761:altsyncram4|ram_block7a40~porta_memory_reg0  ; clk          ; clk         ; 1.000        ; -0.017     ; 2.442      ;
; -1.460 ; feistel_algo:decrypt2|altshift_taps:L16_rtl_0|shift_taps_ghm:auto_generated|altsyncram_n761:altsyncram4|ram_block7a0~porta_datain_reg24  ; feistel_algo:decrypt2|altshift_taps:L16_rtl_0|shift_taps_ghm:auto_generated|altsyncram_n761:altsyncram4|ram_block7a42~porta_memory_reg0  ; clk          ; clk         ; 1.000        ; -0.017     ; 2.442      ;
; -1.460 ; feistel_algo:decrypt2|altshift_taps:L16_rtl_0|shift_taps_ghm:auto_generated|altsyncram_n761:altsyncram4|ram_block7a0~porta_datain_reg25  ; feistel_algo:decrypt2|altshift_taps:L16_rtl_0|shift_taps_ghm:auto_generated|altsyncram_n761:altsyncram4|ram_block7a44~porta_memory_reg0  ; clk          ; clk         ; 1.000        ; -0.017     ; 2.442      ;
; -1.460 ; feistel_algo:decrypt2|altshift_taps:L16_rtl_0|shift_taps_ghm:auto_generated|altsyncram_n761:altsyncram4|ram_block7a0~porta_datain_reg26  ; feistel_algo:decrypt2|altshift_taps:L16_rtl_0|shift_taps_ghm:auto_generated|altsyncram_n761:altsyncram4|ram_block7a46~porta_memory_reg0  ; clk          ; clk         ; 1.000        ; -0.017     ; 2.442      ;
; -1.460 ; feistel_algo:decrypt2|altshift_taps:L16_rtl_0|shift_taps_ghm:auto_generated|altsyncram_n761:altsyncram4|ram_block7a0~porta_datain_reg27  ; feistel_algo:decrypt2|altshift_taps:L16_rtl_0|shift_taps_ghm:auto_generated|altsyncram_n761:altsyncram4|ram_block7a48~porta_memory_reg0  ; clk          ; clk         ; 1.000        ; -0.017     ; 2.442      ;
; -1.460 ; feistel_algo:decrypt2|altshift_taps:L16_rtl_0|shift_taps_ghm:auto_generated|altsyncram_n761:altsyncram4|ram_block7a0~porta_datain_reg28  ; feistel_algo:decrypt2|altshift_taps:L16_rtl_0|shift_taps_ghm:auto_generated|altsyncram_n761:altsyncram4|ram_block7a50~porta_memory_reg0  ; clk          ; clk         ; 1.000        ; -0.017     ; 2.442      ;
; -1.460 ; feistel_algo:decrypt2|altshift_taps:L16_rtl_0|shift_taps_ghm:auto_generated|altsyncram_n761:altsyncram4|ram_block7a0~porta_datain_reg29  ; feistel_algo:decrypt2|altshift_taps:L16_rtl_0|shift_taps_ghm:auto_generated|altsyncram_n761:altsyncram4|ram_block7a52~porta_memory_reg0  ; clk          ; clk         ; 1.000        ; -0.017     ; 2.442      ;
; -1.460 ; feistel_algo:decrypt2|altshift_taps:L16_rtl_0|shift_taps_ghm:auto_generated|altsyncram_n761:altsyncram4|ram_block7a0~porta_datain_reg30  ; feistel_algo:decrypt2|altshift_taps:L16_rtl_0|shift_taps_ghm:auto_generated|altsyncram_n761:altsyncram4|ram_block7a54~porta_memory_reg0  ; clk          ; clk         ; 1.000        ; -0.017     ; 2.442      ;
; -1.460 ; feistel_algo:decrypt2|altshift_taps:L16_rtl_0|shift_taps_ghm:auto_generated|altsyncram_n761:altsyncram4|ram_block7a0~porta_datain_reg31  ; feistel_algo:decrypt2|altshift_taps:L16_rtl_0|shift_taps_ghm:auto_generated|altsyncram_n761:altsyncram4|ram_block7a56~porta_memory_reg0  ; clk          ; clk         ; 1.000        ; -0.017     ; 2.442      ;
; -1.460 ; feistel_algo:decrypt2|altshift_taps:L16_rtl_0|shift_taps_ghm:auto_generated|altsyncram_n761:altsyncram4|ram_block7a0~porta_datain_reg32  ; feistel_algo:decrypt2|altshift_taps:L16_rtl_0|shift_taps_ghm:auto_generated|altsyncram_n761:altsyncram4|ram_block7a57~porta_memory_reg0  ; clk          ; clk         ; 1.000        ; -0.017     ; 2.442      ;
; -1.460 ; feistel_algo:decrypt2|altshift_taps:L16_rtl_0|shift_taps_ghm:auto_generated|altsyncram_n761:altsyncram4|ram_block7a0~porta_datain_reg33  ; feistel_algo:decrypt2|altshift_taps:L16_rtl_0|shift_taps_ghm:auto_generated|altsyncram_n761:altsyncram4|ram_block7a58~porta_memory_reg0  ; clk          ; clk         ; 1.000        ; -0.017     ; 2.442      ;
; -1.460 ; feistel_algo:decrypt2|altshift_taps:L16_rtl_0|shift_taps_ghm:auto_generated|altsyncram_n761:altsyncram4|ram_block7a0~porta_datain_reg34  ; feistel_algo:decrypt2|altshift_taps:L16_rtl_0|shift_taps_ghm:auto_generated|altsyncram_n761:altsyncram4|ram_block7a60~porta_memory_reg0  ; clk          ; clk         ; 1.000        ; -0.017     ; 2.442      ;
; -1.460 ; feistel_algo:decrypt2|altshift_taps:L16_rtl_0|shift_taps_ghm:auto_generated|altsyncram_n761:altsyncram4|ram_block7a0~porta_datain_reg35  ; feistel_algo:decrypt2|altshift_taps:L16_rtl_0|shift_taps_ghm:auto_generated|altsyncram_n761:altsyncram4|ram_block7a62~porta_memory_reg0  ; clk          ; clk         ; 1.000        ; -0.017     ; 2.442      ;
; -1.460 ; feistel_algo:decrypt2|altshift_taps:L16_rtl_0|shift_taps_ghm:auto_generated|altsyncram_n761:altsyncram4|ram_block7a1~porta_datain_reg0   ; feistel_algo:decrypt2|altshift_taps:L16_rtl_0|shift_taps_ghm:auto_generated|altsyncram_n761:altsyncram4|ram_block7a1~porta_memory_reg0   ; clk          ; clk         ; 1.000        ; -0.017     ; 2.442      ;
; -1.460 ; feistel_algo:decrypt2|altshift_taps:L16_rtl_0|shift_taps_ghm:auto_generated|altsyncram_n761:altsyncram4|ram_block7a1~porta_datain_reg1   ; feistel_algo:decrypt2|altshift_taps:L16_rtl_0|shift_taps_ghm:auto_generated|altsyncram_n761:altsyncram4|ram_block7a3~porta_memory_reg0   ; clk          ; clk         ; 1.000        ; -0.017     ; 2.442      ;
; -1.460 ; feistel_algo:decrypt2|altshift_taps:L16_rtl_0|shift_taps_ghm:auto_generated|altsyncram_n761:altsyncram4|ram_block7a1~porta_datain_reg2   ; feistel_algo:decrypt2|altshift_taps:L16_rtl_0|shift_taps_ghm:auto_generated|altsyncram_n761:altsyncram4|ram_block7a5~porta_memory_reg0   ; clk          ; clk         ; 1.000        ; -0.017     ; 2.442      ;
; -1.460 ; feistel_algo:decrypt2|altshift_taps:L16_rtl_0|shift_taps_ghm:auto_generated|altsyncram_n761:altsyncram4|ram_block7a1~porta_datain_reg3   ; feistel_algo:decrypt2|altshift_taps:L16_rtl_0|shift_taps_ghm:auto_generated|altsyncram_n761:altsyncram4|ram_block7a9~porta_memory_reg0   ; clk          ; clk         ; 1.000        ; -0.017     ; 2.442      ;
; -1.460 ; feistel_algo:decrypt2|altshift_taps:L16_rtl_0|shift_taps_ghm:auto_generated|altsyncram_n761:altsyncram4|ram_block7a1~porta_datain_reg4   ; feistel_algo:decrypt2|altshift_taps:L16_rtl_0|shift_taps_ghm:auto_generated|altsyncram_n761:altsyncram4|ram_block7a12~porta_memory_reg0  ; clk          ; clk         ; 1.000        ; -0.017     ; 2.442      ;
; -1.460 ; feistel_algo:decrypt2|altshift_taps:L16_rtl_0|shift_taps_ghm:auto_generated|altsyncram_n761:altsyncram4|ram_block7a1~porta_datain_reg5   ; feistel_algo:decrypt2|altshift_taps:L16_rtl_0|shift_taps_ghm:auto_generated|altsyncram_n761:altsyncram4|ram_block7a13~porta_memory_reg0  ; clk          ; clk         ; 1.000        ; -0.017     ; 2.442      ;
; -1.460 ; feistel_algo:decrypt2|altshift_taps:L16_rtl_0|shift_taps_ghm:auto_generated|altsyncram_n761:altsyncram4|ram_block7a1~porta_datain_reg6   ; feistel_algo:decrypt2|altshift_taps:L16_rtl_0|shift_taps_ghm:auto_generated|altsyncram_n761:altsyncram4|ram_block7a14~porta_memory_reg0  ; clk          ; clk         ; 1.000        ; -0.017     ; 2.442      ;
; -1.460 ; feistel_algo:decrypt2|altshift_taps:L16_rtl_0|shift_taps_ghm:auto_generated|altsyncram_n761:altsyncram4|ram_block7a1~porta_datain_reg7   ; feistel_algo:decrypt2|altshift_taps:L16_rtl_0|shift_taps_ghm:auto_generated|altsyncram_n761:altsyncram4|ram_block7a17~porta_memory_reg0  ; clk          ; clk         ; 1.000        ; -0.017     ; 2.442      ;
; -1.460 ; feistel_algo:decrypt2|altshift_taps:L16_rtl_0|shift_taps_ghm:auto_generated|altsyncram_n761:altsyncram4|ram_block7a1~porta_datain_reg8   ; feistel_algo:decrypt2|altshift_taps:L16_rtl_0|shift_taps_ghm:auto_generated|altsyncram_n761:altsyncram4|ram_block7a19~porta_memory_reg0  ; clk          ; clk         ; 1.000        ; -0.017     ; 2.442      ;
; -1.460 ; feistel_algo:decrypt2|altshift_taps:L16_rtl_0|shift_taps_ghm:auto_generated|altsyncram_n761:altsyncram4|ram_block7a1~porta_datain_reg9   ; feistel_algo:decrypt2|altshift_taps:L16_rtl_0|shift_taps_ghm:auto_generated|altsyncram_n761:altsyncram4|ram_block7a20~porta_memory_reg0  ; clk          ; clk         ; 1.000        ; -0.017     ; 2.442      ;
; -1.460 ; feistel_algo:decrypt2|altshift_taps:L16_rtl_0|shift_taps_ghm:auto_generated|altsyncram_n761:altsyncram4|ram_block7a1~porta_datain_reg10  ; feistel_algo:decrypt2|altshift_taps:L16_rtl_0|shift_taps_ghm:auto_generated|altsyncram_n761:altsyncram4|ram_block7a21~porta_memory_reg0  ; clk          ; clk         ; 1.000        ; -0.017     ; 2.442      ;
; -1.460 ; feistel_algo:decrypt2|altshift_taps:L16_rtl_0|shift_taps_ghm:auto_generated|altsyncram_n761:altsyncram4|ram_block7a1~porta_datain_reg11  ; feistel_algo:decrypt2|altshift_taps:L16_rtl_0|shift_taps_ghm:auto_generated|altsyncram_n761:altsyncram4|ram_block7a22~porta_memory_reg0  ; clk          ; clk         ; 1.000        ; -0.017     ; 2.442      ;
; -1.460 ; feistel_algo:decrypt2|altshift_taps:L16_rtl_0|shift_taps_ghm:auto_generated|altsyncram_n761:altsyncram4|ram_block7a1~porta_datain_reg12  ; feistel_algo:decrypt2|altshift_taps:L16_rtl_0|shift_taps_ghm:auto_generated|altsyncram_n761:altsyncram4|ram_block7a25~porta_memory_reg0  ; clk          ; clk         ; 1.000        ; -0.017     ; 2.442      ;
; -1.460 ; feistel_algo:decrypt2|altshift_taps:L16_rtl_0|shift_taps_ghm:auto_generated|altsyncram_n761:altsyncram4|ram_block7a1~porta_datain_reg13  ; feistel_algo:decrypt2|altshift_taps:L16_rtl_0|shift_taps_ghm:auto_generated|altsyncram_n761:altsyncram4|ram_block7a27~porta_memory_reg0  ; clk          ; clk         ; 1.000        ; -0.017     ; 2.442      ;
; -1.460 ; feistel_algo:decrypt2|altshift_taps:L16_rtl_0|shift_taps_ghm:auto_generated|altsyncram_n761:altsyncram4|ram_block7a1~porta_datain_reg14  ; feistel_algo:decrypt2|altshift_taps:L16_rtl_0|shift_taps_ghm:auto_generated|altsyncram_n761:altsyncram4|ram_block7a29~porta_memory_reg0  ; clk          ; clk         ; 1.000        ; -0.017     ; 2.442      ;
; -1.460 ; feistel_algo:decrypt2|altshift_taps:L16_rtl_0|shift_taps_ghm:auto_generated|altsyncram_n761:altsyncram4|ram_block7a1~porta_datain_reg15  ; feistel_algo:decrypt2|altshift_taps:L16_rtl_0|shift_taps_ghm:auto_generated|altsyncram_n761:altsyncram4|ram_block7a33~porta_memory_reg0  ; clk          ; clk         ; 1.000        ; -0.017     ; 2.442      ;
; -1.460 ; feistel_algo:decrypt2|altshift_taps:L16_rtl_0|shift_taps_ghm:auto_generated|altsyncram_n761:altsyncram4|ram_block7a1~porta_datain_reg16  ; feistel_algo:decrypt2|altshift_taps:L16_rtl_0|shift_taps_ghm:auto_generated|altsyncram_n761:altsyncram4|ram_block7a37~porta_memory_reg0  ; clk          ; clk         ; 1.000        ; -0.017     ; 2.442      ;
; -1.460 ; feistel_algo:decrypt2|altshift_taps:L16_rtl_0|shift_taps_ghm:auto_generated|altsyncram_n761:altsyncram4|ram_block7a1~porta_datain_reg17  ; feistel_algo:decrypt2|altshift_taps:L16_rtl_0|shift_taps_ghm:auto_generated|altsyncram_n761:altsyncram4|ram_block7a41~porta_memory_reg0  ; clk          ; clk         ; 1.000        ; -0.017     ; 2.442      ;
; -1.460 ; feistel_algo:decrypt2|altshift_taps:L16_rtl_0|shift_taps_ghm:auto_generated|altsyncram_n761:altsyncram4|ram_block7a1~porta_datain_reg18  ; feistel_algo:decrypt2|altshift_taps:L16_rtl_0|shift_taps_ghm:auto_generated|altsyncram_n761:altsyncram4|ram_block7a43~porta_memory_reg0  ; clk          ; clk         ; 1.000        ; -0.017     ; 2.442      ;
; -1.460 ; feistel_algo:decrypt2|altshift_taps:L16_rtl_0|shift_taps_ghm:auto_generated|altsyncram_n761:altsyncram4|ram_block7a1~porta_datain_reg19  ; feistel_algo:decrypt2|altshift_taps:L16_rtl_0|shift_taps_ghm:auto_generated|altsyncram_n761:altsyncram4|ram_block7a45~porta_memory_reg0  ; clk          ; clk         ; 1.000        ; -0.017     ; 2.442      ;
; -1.460 ; feistel_algo:decrypt2|altshift_taps:L16_rtl_0|shift_taps_ghm:auto_generated|altsyncram_n761:altsyncram4|ram_block7a1~porta_datain_reg20  ; feistel_algo:decrypt2|altshift_taps:L16_rtl_0|shift_taps_ghm:auto_generated|altsyncram_n761:altsyncram4|ram_block7a47~porta_memory_reg0  ; clk          ; clk         ; 1.000        ; -0.017     ; 2.442      ;
; -1.460 ; feistel_algo:decrypt2|altshift_taps:L16_rtl_0|shift_taps_ghm:auto_generated|altsyncram_n761:altsyncram4|ram_block7a1~porta_datain_reg21  ; feistel_algo:decrypt2|altshift_taps:L16_rtl_0|shift_taps_ghm:auto_generated|altsyncram_n761:altsyncram4|ram_block7a49~porta_memory_reg0  ; clk          ; clk         ; 1.000        ; -0.017     ; 2.442      ;
; -1.460 ; feistel_algo:decrypt2|altshift_taps:L16_rtl_0|shift_taps_ghm:auto_generated|altsyncram_n761:altsyncram4|ram_block7a1~porta_datain_reg22  ; feistel_algo:decrypt2|altshift_taps:L16_rtl_0|shift_taps_ghm:auto_generated|altsyncram_n761:altsyncram4|ram_block7a51~porta_memory_reg0  ; clk          ; clk         ; 1.000        ; -0.017     ; 2.442      ;
; -1.460 ; feistel_algo:decrypt2|altshift_taps:L16_rtl_0|shift_taps_ghm:auto_generated|altsyncram_n761:altsyncram4|ram_block7a1~porta_datain_reg23  ; feistel_algo:decrypt2|altshift_taps:L16_rtl_0|shift_taps_ghm:auto_generated|altsyncram_n761:altsyncram4|ram_block7a53~porta_memory_reg0  ; clk          ; clk         ; 1.000        ; -0.017     ; 2.442      ;
; -1.460 ; feistel_algo:decrypt2|altshift_taps:L16_rtl_0|shift_taps_ghm:auto_generated|altsyncram_n761:altsyncram4|ram_block7a1~porta_datain_reg24  ; feistel_algo:decrypt2|altshift_taps:L16_rtl_0|shift_taps_ghm:auto_generated|altsyncram_n761:altsyncram4|ram_block7a55~porta_memory_reg0  ; clk          ; clk         ; 1.000        ; -0.017     ; 2.442      ;
; -1.460 ; feistel_algo:decrypt2|altshift_taps:L16_rtl_0|shift_taps_ghm:auto_generated|altsyncram_n761:altsyncram4|ram_block7a1~porta_datain_reg25  ; feistel_algo:decrypt2|altshift_taps:L16_rtl_0|shift_taps_ghm:auto_generated|altsyncram_n761:altsyncram4|ram_block7a59~porta_memory_reg0  ; clk          ; clk         ; 1.000        ; -0.017     ; 2.442      ;
; -1.460 ; feistel_algo:decrypt2|altshift_taps:L16_rtl_0|shift_taps_ghm:auto_generated|altsyncram_n761:altsyncram4|ram_block7a1~porta_datain_reg26  ; feistel_algo:decrypt2|altshift_taps:L16_rtl_0|shift_taps_ghm:auto_generated|altsyncram_n761:altsyncram4|ram_block7a61~porta_memory_reg0  ; clk          ; clk         ; 1.000        ; -0.017     ; 2.442      ;
; -1.460 ; feistel_algo:decrypt2|altshift_taps:L16_rtl_0|shift_taps_ghm:auto_generated|altsyncram_n761:altsyncram4|ram_block7a1~porta_datain_reg27  ; feistel_algo:decrypt2|altshift_taps:L16_rtl_0|shift_taps_ghm:auto_generated|altsyncram_n761:altsyncram4|ram_block7a63~porta_memory_reg0  ; clk          ; clk         ; 1.000        ; -0.017     ; 2.442      ;
; -1.460 ; feistel_algo:decrypt2|altshift_taps:L16_rtl_0|shift_taps_ghm:auto_generated|altsyncram_n761:altsyncram4|ram_block7a1~porta_datain_reg28  ; feistel_algo:decrypt2|altshift_taps:L16_rtl_0|shift_taps_ghm:auto_generated|altsyncram_n761:altsyncram4|ram_block7a67~porta_memory_reg0  ; clk          ; clk         ; 1.000        ; -0.017     ; 2.442      ;
; -1.460 ; feistel_algo:decrypt2|altshift_taps:L16_rtl_0|shift_taps_ghm:auto_generated|altsyncram_n761:altsyncram4|ram_block7a1~porta_datain_reg29  ; feistel_algo:decrypt2|altshift_taps:L16_rtl_0|shift_taps_ghm:auto_generated|altsyncram_n761:altsyncram4|ram_block7a71~porta_memory_reg0  ; clk          ; clk         ; 1.000        ; -0.017     ; 2.442      ;
; -1.460 ; feistel_algo:decrypt2|altshift_taps:L16_rtl_0|shift_taps_ghm:auto_generated|altsyncram_n761:altsyncram4|ram_block7a1~porta_datain_reg30  ; feistel_algo:decrypt2|altshift_taps:L16_rtl_0|shift_taps_ghm:auto_generated|altsyncram_n761:altsyncram4|ram_block7a75~porta_memory_reg0  ; clk          ; clk         ; 1.000        ; -0.017     ; 2.442      ;
; -1.460 ; feistel_algo:decrypt2|altshift_taps:L16_rtl_0|shift_taps_ghm:auto_generated|altsyncram_n761:altsyncram4|ram_block7a1~porta_datain_reg31  ; feistel_algo:decrypt2|altshift_taps:L16_rtl_0|shift_taps_ghm:auto_generated|altsyncram_n761:altsyncram4|ram_block7a83~porta_memory_reg0  ; clk          ; clk         ; 1.000        ; -0.017     ; 2.442      ;
; -1.460 ; feistel_algo:decrypt2|altshift_taps:L16_rtl_0|shift_taps_ghm:auto_generated|altsyncram_n761:altsyncram4|ram_block7a1~porta_datain_reg32  ; feistel_algo:decrypt2|altshift_taps:L16_rtl_0|shift_taps_ghm:auto_generated|altsyncram_n761:altsyncram4|ram_block7a91~porta_memory_reg0  ; clk          ; clk         ; 1.000        ; -0.017     ; 2.442      ;
; -1.460 ; feistel_algo:decrypt2|altshift_taps:L16_rtl_0|shift_taps_ghm:auto_generated|altsyncram_n761:altsyncram4|ram_block7a1~porta_datain_reg33  ; feistel_algo:decrypt2|altshift_taps:L16_rtl_0|shift_taps_ghm:auto_generated|altsyncram_n761:altsyncram4|ram_block7a99~porta_memory_reg0  ; clk          ; clk         ; 1.000        ; -0.017     ; 2.442      ;
; -1.460 ; feistel_algo:decrypt2|altshift_taps:L16_rtl_0|shift_taps_ghm:auto_generated|altsyncram_n761:altsyncram4|ram_block7a1~porta_datain_reg34  ; feistel_algo:decrypt2|altshift_taps:L16_rtl_0|shift_taps_ghm:auto_generated|altsyncram_n761:altsyncram4|ram_block7a125~porta_memory_reg0 ; clk          ; clk         ; 1.000        ; -0.017     ; 2.442      ;
; -1.460 ; feistel_algo:decrypt2|altshift_taps:L16_rtl_0|shift_taps_ghm:auto_generated|altsyncram_n761:altsyncram4|ram_block7a1~porta_datain_reg35  ; feistel_algo:decrypt2|altshift_taps:L16_rtl_0|shift_taps_ghm:auto_generated|altsyncram_n761:altsyncram4|ram_block7a126~porta_memory_reg0 ; clk          ; clk         ; 1.000        ; -0.017     ; 2.442      ;
; -1.460 ; feistel_algo:decrypt2|altshift_taps:L16_rtl_0|shift_taps_ghm:auto_generated|altsyncram_n761:altsyncram4|ram_block7a64~porta_datain_reg0  ; feistel_algo:decrypt2|altshift_taps:L16_rtl_0|shift_taps_ghm:auto_generated|altsyncram_n761:altsyncram4|ram_block7a64~porta_memory_reg0  ; clk          ; clk         ; 1.000        ; -0.017     ; 2.442      ;
; -1.460 ; feistel_algo:decrypt2|altshift_taps:L16_rtl_0|shift_taps_ghm:auto_generated|altsyncram_n761:altsyncram4|ram_block7a64~porta_datain_reg1  ; feistel_algo:decrypt2|altshift_taps:L16_rtl_0|shift_taps_ghm:auto_generated|altsyncram_n761:altsyncram4|ram_block7a65~porta_memory_reg0  ; clk          ; clk         ; 1.000        ; -0.017     ; 2.442      ;
; -1.460 ; feistel_algo:decrypt2|altshift_taps:L16_rtl_0|shift_taps_ghm:auto_generated|altsyncram_n761:altsyncram4|ram_block7a64~porta_datain_reg2  ; feistel_algo:decrypt2|altshift_taps:L16_rtl_0|shift_taps_ghm:auto_generated|altsyncram_n761:altsyncram4|ram_block7a68~porta_memory_reg0  ; clk          ; clk         ; 1.000        ; -0.017     ; 2.442      ;
; -1.460 ; feistel_algo:decrypt2|altshift_taps:L16_rtl_0|shift_taps_ghm:auto_generated|altsyncram_n761:altsyncram4|ram_block7a64~porta_datain_reg3  ; feistel_algo:decrypt2|altshift_taps:L16_rtl_0|shift_taps_ghm:auto_generated|altsyncram_n761:altsyncram4|ram_block7a69~porta_memory_reg0  ; clk          ; clk         ; 1.000        ; -0.017     ; 2.442      ;
; -1.460 ; feistel_algo:decrypt2|altshift_taps:L16_rtl_0|shift_taps_ghm:auto_generated|altsyncram_n761:altsyncram4|ram_block7a64~porta_datain_reg4  ; feistel_algo:decrypt2|altshift_taps:L16_rtl_0|shift_taps_ghm:auto_generated|altsyncram_n761:altsyncram4|ram_block7a70~porta_memory_reg0  ; clk          ; clk         ; 1.000        ; -0.017     ; 2.442      ;
; -1.460 ; feistel_algo:decrypt2|altshift_taps:L16_rtl_0|shift_taps_ghm:auto_generated|altsyncram_n761:altsyncram4|ram_block7a64~porta_datain_reg5  ; feistel_algo:decrypt2|altshift_taps:L16_rtl_0|shift_taps_ghm:auto_generated|altsyncram_n761:altsyncram4|ram_block7a73~porta_memory_reg0  ; clk          ; clk         ; 1.000        ; -0.017     ; 2.442      ;
; -1.460 ; feistel_algo:decrypt2|altshift_taps:L16_rtl_0|shift_taps_ghm:auto_generated|altsyncram_n761:altsyncram4|ram_block7a64~porta_datain_reg6  ; feistel_algo:decrypt2|altshift_taps:L16_rtl_0|shift_taps_ghm:auto_generated|altsyncram_n761:altsyncram4|ram_block7a76~porta_memory_reg0  ; clk          ; clk         ; 1.000        ; -0.017     ; 2.442      ;
; -1.460 ; feistel_algo:decrypt2|altshift_taps:L16_rtl_0|shift_taps_ghm:auto_generated|altsyncram_n761:altsyncram4|ram_block7a64~porta_datain_reg7  ; feistel_algo:decrypt2|altshift_taps:L16_rtl_0|shift_taps_ghm:auto_generated|altsyncram_n761:altsyncram4|ram_block7a77~porta_memory_reg0  ; clk          ; clk         ; 1.000        ; -0.017     ; 2.442      ;
; -1.460 ; feistel_algo:decrypt2|altshift_taps:L16_rtl_0|shift_taps_ghm:auto_generated|altsyncram_n761:altsyncram4|ram_block7a64~porta_datain_reg8  ; feistel_algo:decrypt2|altshift_taps:L16_rtl_0|shift_taps_ghm:auto_generated|altsyncram_n761:altsyncram4|ram_block7a79~porta_memory_reg0  ; clk          ; clk         ; 1.000        ; -0.017     ; 2.442      ;
; -1.460 ; feistel_algo:decrypt2|altshift_taps:L16_rtl_0|shift_taps_ghm:auto_generated|altsyncram_n761:altsyncram4|ram_block7a64~porta_datain_reg9  ; feistel_algo:decrypt2|altshift_taps:L16_rtl_0|shift_taps_ghm:auto_generated|altsyncram_n761:altsyncram4|ram_block7a81~porta_memory_reg0  ; clk          ; clk         ; 1.000        ; -0.017     ; 2.442      ;
; -1.460 ; feistel_algo:decrypt2|altshift_taps:L16_rtl_0|shift_taps_ghm:auto_generated|altsyncram_n761:altsyncram4|ram_block7a64~porta_datain_reg10 ; feistel_algo:decrypt2|altshift_taps:L16_rtl_0|shift_taps_ghm:auto_generated|altsyncram_n761:altsyncram4|ram_block7a84~porta_memory_reg0  ; clk          ; clk         ; 1.000        ; -0.017     ; 2.442      ;
; -1.460 ; feistel_algo:decrypt2|altshift_taps:L16_rtl_0|shift_taps_ghm:auto_generated|altsyncram_n761:altsyncram4|ram_block7a64~porta_datain_reg11 ; feistel_algo:decrypt2|altshift_taps:L16_rtl_0|shift_taps_ghm:auto_generated|altsyncram_n761:altsyncram4|ram_block7a85~porta_memory_reg0  ; clk          ; clk         ; 1.000        ; -0.017     ; 2.442      ;
; -1.460 ; feistel_algo:decrypt2|altshift_taps:L16_rtl_0|shift_taps_ghm:auto_generated|altsyncram_n761:altsyncram4|ram_block7a64~porta_datain_reg12 ; feistel_algo:decrypt2|altshift_taps:L16_rtl_0|shift_taps_ghm:auto_generated|altsyncram_n761:altsyncram4|ram_block7a87~porta_memory_reg0  ; clk          ; clk         ; 1.000        ; -0.017     ; 2.442      ;
; -1.460 ; feistel_algo:decrypt2|altshift_taps:L16_rtl_0|shift_taps_ghm:auto_generated|altsyncram_n761:altsyncram4|ram_block7a64~porta_datain_reg13 ; feistel_algo:decrypt2|altshift_taps:L16_rtl_0|shift_taps_ghm:auto_generated|altsyncram_n761:altsyncram4|ram_block7a88~porta_memory_reg0  ; clk          ; clk         ; 1.000        ; -0.017     ; 2.442      ;
; -1.460 ; feistel_algo:decrypt2|altshift_taps:L16_rtl_0|shift_taps_ghm:auto_generated|altsyncram_n761:altsyncram4|ram_block7a64~porta_datain_reg14 ; feistel_algo:decrypt2|altshift_taps:L16_rtl_0|shift_taps_ghm:auto_generated|altsyncram_n761:altsyncram4|ram_block7a89~porta_memory_reg0  ; clk          ; clk         ; 1.000        ; -0.017     ; 2.442      ;
; -1.460 ; feistel_algo:decrypt2|altshift_taps:L16_rtl_0|shift_taps_ghm:auto_generated|altsyncram_n761:altsyncram4|ram_block7a64~porta_datain_reg15 ; feistel_algo:decrypt2|altshift_taps:L16_rtl_0|shift_taps_ghm:auto_generated|altsyncram_n761:altsyncram4|ram_block7a92~porta_memory_reg0  ; clk          ; clk         ; 1.000        ; -0.017     ; 2.442      ;
; -1.460 ; feistel_algo:decrypt2|altshift_taps:L16_rtl_0|shift_taps_ghm:auto_generated|altsyncram_n761:altsyncram4|ram_block7a64~porta_datain_reg16 ; feistel_algo:decrypt2|altshift_taps:L16_rtl_0|shift_taps_ghm:auto_generated|altsyncram_n761:altsyncram4|ram_block7a93~porta_memory_reg0  ; clk          ; clk         ; 1.000        ; -0.017     ; 2.442      ;
; -1.460 ; feistel_algo:decrypt2|altshift_taps:L16_rtl_0|shift_taps_ghm:auto_generated|altsyncram_n761:altsyncram4|ram_block7a64~porta_datain_reg17 ; feistel_algo:decrypt2|altshift_taps:L16_rtl_0|shift_taps_ghm:auto_generated|altsyncram_n761:altsyncram4|ram_block7a95~porta_memory_reg0  ; clk          ; clk         ; 1.000        ; -0.017     ; 2.442      ;
; -1.460 ; feistel_algo:decrypt2|altshift_taps:L16_rtl_0|shift_taps_ghm:auto_generated|altsyncram_n761:altsyncram4|ram_block7a64~porta_datain_reg18 ; feistel_algo:decrypt2|altshift_taps:L16_rtl_0|shift_taps_ghm:auto_generated|altsyncram_n761:altsyncram4|ram_block7a96~porta_memory_reg0  ; clk          ; clk         ; 1.000        ; -0.017     ; 2.442      ;
; -1.460 ; feistel_algo:decrypt2|altshift_taps:L16_rtl_0|shift_taps_ghm:auto_generated|altsyncram_n761:altsyncram4|ram_block7a64~porta_datain_reg19 ; feistel_algo:decrypt2|altshift_taps:L16_rtl_0|shift_taps_ghm:auto_generated|altsyncram_n761:altsyncram4|ram_block7a97~porta_memory_reg0  ; clk          ; clk         ; 1.000        ; -0.017     ; 2.442      ;
; -1.460 ; feistel_algo:decrypt2|altshift_taps:L16_rtl_0|shift_taps_ghm:auto_generated|altsyncram_n761:altsyncram4|ram_block7a64~porta_datain_reg20 ; feistel_algo:decrypt2|altshift_taps:L16_rtl_0|shift_taps_ghm:auto_generated|altsyncram_n761:altsyncram4|ram_block7a100~porta_memory_reg0 ; clk          ; clk         ; 1.000        ; -0.017     ; 2.442      ;
; -1.460 ; feistel_algo:decrypt2|altshift_taps:L16_rtl_0|shift_taps_ghm:auto_generated|altsyncram_n761:altsyncram4|ram_block7a64~porta_datain_reg21 ; feistel_algo:decrypt2|altshift_taps:L16_rtl_0|shift_taps_ghm:auto_generated|altsyncram_n761:altsyncram4|ram_block7a101~porta_memory_reg0 ; clk          ; clk         ; 1.000        ; -0.017     ; 2.442      ;
; -1.460 ; feistel_algo:decrypt2|altshift_taps:L16_rtl_0|shift_taps_ghm:auto_generated|altsyncram_n761:altsyncram4|ram_block7a64~porta_datain_reg22 ; feistel_algo:decrypt2|altshift_taps:L16_rtl_0|shift_taps_ghm:auto_generated|altsyncram_n761:altsyncram4|ram_block7a103~porta_memory_reg0 ; clk          ; clk         ; 1.000        ; -0.017     ; 2.442      ;
; -1.460 ; feistel_algo:decrypt2|altshift_taps:L16_rtl_0|shift_taps_ghm:auto_generated|altsyncram_n761:altsyncram4|ram_block7a64~porta_datain_reg23 ; feistel_algo:decrypt2|altshift_taps:L16_rtl_0|shift_taps_ghm:auto_generated|altsyncram_n761:altsyncram4|ram_block7a104~porta_memory_reg0 ; clk          ; clk         ; 1.000        ; -0.017     ; 2.442      ;
; -1.460 ; feistel_algo:decrypt2|altshift_taps:L16_rtl_0|shift_taps_ghm:auto_generated|altsyncram_n761:altsyncram4|ram_block7a64~porta_datain_reg24 ; feistel_algo:decrypt2|altshift_taps:L16_rtl_0|shift_taps_ghm:auto_generated|altsyncram_n761:altsyncram4|ram_block7a107~porta_memory_reg0 ; clk          ; clk         ; 1.000        ; -0.017     ; 2.442      ;
; -1.460 ; feistel_algo:decrypt2|altshift_taps:L16_rtl_0|shift_taps_ghm:auto_generated|altsyncram_n761:altsyncram4|ram_block7a64~porta_datain_reg25 ; feistel_algo:decrypt2|altshift_taps:L16_rtl_0|shift_taps_ghm:auto_generated|altsyncram_n761:altsyncram4|ram_block7a109~porta_memory_reg0 ; clk          ; clk         ; 1.000        ; -0.017     ; 2.442      ;
; -1.460 ; feistel_algo:decrypt2|altshift_taps:L16_rtl_0|shift_taps_ghm:auto_generated|altsyncram_n761:altsyncram4|ram_block7a64~porta_datain_reg26 ; feistel_algo:decrypt2|altshift_taps:L16_rtl_0|shift_taps_ghm:auto_generated|altsyncram_n761:altsyncram4|ram_block7a111~porta_memory_reg0 ; clk          ; clk         ; 1.000        ; -0.017     ; 2.442      ;
; -1.460 ; feistel_algo:decrypt2|altshift_taps:L16_rtl_0|shift_taps_ghm:auto_generated|altsyncram_n761:altsyncram4|ram_block7a64~porta_datain_reg27 ; feistel_algo:decrypt2|altshift_taps:L16_rtl_0|shift_taps_ghm:auto_generated|altsyncram_n761:altsyncram4|ram_block7a112~porta_memory_reg0 ; clk          ; clk         ; 1.000        ; -0.017     ; 2.442      ;
+--------+------------------------------------------------------------------------------------------------------------------------------------------+------------------------------------------------------------------------------------------------------------------------------------------+--------------+-------------+--------------+------------+------------+


+-------------------------------------------------------------------------------------------------------------------------------------------------------------------------------------------------------------------------------------------------------------------------------------------------------------+
; Fast Model Hold: 'clk'                                                                                                                                                                                                                                                                                      ;
+-------+---------------------------------------------------------------------------------------------------------------+---------------------------------------------------------------------------------------------------------------+--------------+-------------+--------------+------------+------------+
; Slack ; From Node                                                                                                     ; To Node                                                                                                       ; Launch Clock ; Latch Clock ; Relationship ; Clock Skew ; Data Delay ;
+-------+---------------------------------------------------------------------------------------------------------------+---------------------------------------------------------------------------------------------------------------+--------------+-------------+--------------+------------+------------+
; 0.215 ; feistel_algo:decrypt2|altshift_taps:L16_rtl_0|shift_taps_ghm:auto_generated|cntr_kkf:cntr1|current_reg_q_w[0] ; feistel_algo:decrypt2|altshift_taps:L16_rtl_0|shift_taps_ghm:auto_generated|cntr_kkf:cntr1|current_reg_q_w[0] ; clk          ; clk         ; 0.000        ; 0.000      ; 0.367      ;
; 0.215 ; feistel_algo:decrypt2|altshift_taps:L16_rtl_0|shift_taps_ghm:auto_generated|cntr_kkf:cntr1|current_reg_q_w[1] ; feistel_algo:decrypt2|altshift_taps:L16_rtl_0|shift_taps_ghm:auto_generated|cntr_kkf:cntr1|current_reg_q_w[1] ; clk          ; clk         ; 0.000        ; 0.000      ; 0.367      ;
; 0.235 ; feistel_algo:encrypt3|L16[10]                                                                                 ; feistel_algo:encrypt3|odata[43]                                                                               ; clk          ; clk         ; 0.000        ; 0.000      ; 0.387      ;
; 0.236 ; feistel_algo:encrypt3|V[16]                                                                                   ; feistel_algo:encrypt3|valid_out                                                                               ; clk          ; clk         ; 0.000        ; 0.000      ; 0.388      ;
; 0.237 ; feistel_algo:encrypt3|R[15][23]                                                                               ; feistel_algo:encrypt3|L16[23]                                                                                 ; clk          ; clk         ; 0.000        ; 0.000      ; 0.389      ;
; 0.237 ; feistel_algo:encrypt3|R16[27]                                                                                 ; feistel_algo:encrypt3|odata[38]                                                                               ; clk          ; clk         ; 0.000        ; 0.000      ; 0.389      ;
; 0.237 ; feistel_algo:encrypt3|L16[18]                                                                                 ; feistel_algo:encrypt3|odata[45]                                                                               ; clk          ; clk         ; 0.000        ; 0.000      ; 0.389      ;
; 0.237 ; feistel_algo:encrypt3|V[13]                                                                                   ; feistel_algo:encrypt3|V[14]                                                                                   ; clk          ; clk         ; 0.000        ; 0.000      ; 0.389      ;
; 0.238 ; feistel_algo:encrypt1|L[0][8]                                                                                 ; feistel_algo:encrypt1|R[1][8]                                                                                 ; clk          ; clk         ; 0.000        ; 0.000      ; 0.390      ;
; 0.238 ; feistel_algo:encrypt1|L[11][23]                                                                               ; feistel_algo:encrypt1|R[12][23]                                                                               ; clk          ; clk         ; 0.000        ; 0.000      ; 0.390      ;
; 0.238 ; feistel_algo:decrypt2|R[1][14]                                                                                ; feistel_algo:decrypt2|L[2][14]                                                                                ; clk          ; clk         ; 0.000        ; 0.000      ; 0.390      ;
; 0.238 ; feistel_algo:decrypt2|L[4][24]                                                                                ; feistel_algo:decrypt2|R[5][24]                                                                                ; clk          ; clk         ; 0.000        ; 0.000      ; 0.390      ;
; 0.238 ; feistel_algo:encrypt3|L16[15]                                                                                 ; feistel_algo:encrypt3|odata[3]                                                                                ; clk          ; clk         ; 0.000        ; 0.000      ; 0.390      ;
; 0.238 ; feistel_algo:encrypt3|L16[13]                                                                                 ; feistel_algo:encrypt3|odata[19]                                                                               ; clk          ; clk         ; 0.000        ; 0.000      ; 0.390      ;
; 0.238 ; feistel_algo:encrypt1|V[8]                                                                                    ; feistel_algo:encrypt1|V[9]                                                                                    ; clk          ; clk         ; 0.000        ; 0.000      ; 0.390      ;
; 0.238 ; feistel_algo:decrypt2|V[2]                                                                                    ; feistel_algo:decrypt2|V[3]                                                                                    ; clk          ; clk         ; 0.000        ; 0.000      ; 0.390      ;
; 0.238 ; feistel_algo:decrypt2|V[12]                                                                                   ; feistel_algo:decrypt2|V[13]                                                                                   ; clk          ; clk         ; 0.000        ; 0.000      ; 0.390      ;
; 0.238 ; feistel_algo:encrypt3|V[10]                                                                                   ; feistel_algo:encrypt3|V[11]                                                                                   ; clk          ; clk         ; 0.000        ; 0.000      ; 0.390      ;
; 0.239 ; feistel_algo:decrypt2|R[10][1]                                                                                ; feistel_algo:decrypt2|L[11][1]                                                                                ; clk          ; clk         ; 0.000        ; 0.000      ; 0.391      ;
; 0.239 ; feistel_algo:encrypt3|L16[28]                                                                                 ; feistel_algo:encrypt3|odata[31]                                                                               ; clk          ; clk         ; 0.000        ; 0.000      ; 0.391      ;
; 0.239 ; feistel_algo:encrypt3|L16[3]                                                                                  ; feistel_algo:encrypt3|odata[33]                                                                               ; clk          ; clk         ; 0.000        ; 0.000      ; 0.391      ;
; 0.239 ; feistel_algo:encrypt3|R[14][26]                                                                               ; feistel_algo:encrypt3|L[15][26]                                                                               ; clk          ; clk         ; 0.000        ; 0.000      ; 0.391      ;
; 0.239 ; feistel_algo:encrypt1|V[0]                                                                                    ; feistel_algo:encrypt1|V[1]                                                                                    ; clk          ; clk         ; 0.000        ; 0.000      ; 0.391      ;
; 0.239 ; feistel_algo:encrypt1|V[1]                                                                                    ; feistel_algo:encrypt1|V[2]                                                                                    ; clk          ; clk         ; 0.000        ; 0.000      ; 0.391      ;
; 0.239 ; feistel_algo:encrypt1|V[9]                                                                                    ; feistel_algo:encrypt1|V[10]                                                                                   ; clk          ; clk         ; 0.000        ; 0.000      ; 0.391      ;
; 0.239 ; feistel_algo:encrypt3|V[14]                                                                                   ; feistel_algo:encrypt3|V[15]                                                                                   ; clk          ; clk         ; 0.000        ; 0.000      ; 0.391      ;
; 0.240 ; feistel_algo:encrypt3|R[1][1]                                                                                 ; feistel_algo:encrypt3|L[2][1]                                                                                 ; clk          ; clk         ; 0.000        ; 0.000      ; 0.392      ;
; 0.240 ; feistel_algo:encrypt3|R[3][30]                                                                                ; feistel_algo:encrypt3|L[4][30]                                                                                ; clk          ; clk         ; 0.000        ; 0.000      ; 0.392      ;
; 0.240 ; feistel_algo:encrypt3|L16[23]                                                                                 ; feistel_algo:encrypt3|odata[5]                                                                                ; clk          ; clk         ; 0.000        ; 0.000      ; 0.392      ;
; 0.240 ; feistel_algo:encrypt3|L16[2]                                                                                  ; feistel_algo:encrypt3|odata[41]                                                                               ; clk          ; clk         ; 0.000        ; 0.000      ; 0.392      ;
; 0.240 ; feistel_algo:encrypt1|V[2]                                                                                    ; feistel_algo:encrypt1|V[3]                                                                                    ; clk          ; clk         ; 0.000        ; 0.000      ; 0.392      ;
; 0.240 ; feistel_algo:encrypt1|V[15]                                                                                   ; feistel_algo:encrypt1|V[16]                                                                                   ; clk          ; clk         ; 0.000        ; 0.000      ; 0.392      ;
; 0.240 ; feistel_algo:encrypt1|valid_out                                                                               ; feistel_algo:decrypt2|V[0]                                                                                    ; clk          ; clk         ; 0.000        ; 0.000      ; 0.392      ;
; 0.240 ; feistel_algo:decrypt2|V[3]                                                                                    ; feistel_algo:decrypt2|V[4]                                                                                    ; clk          ; clk         ; 0.000        ; 0.000      ; 0.392      ;
; 0.240 ; feistel_algo:encrypt3|V[1]                                                                                    ; feistel_algo:encrypt3|V[2]                                                                                    ; clk          ; clk         ; 0.000        ; 0.000      ; 0.392      ;
; 0.240 ; feistel_algo:encrypt3|V[3]                                                                                    ; feistel_algo:encrypt3|V[4]                                                                                    ; clk          ; clk         ; 0.000        ; 0.000      ; 0.392      ;
; 0.240 ; feistel_algo:encrypt3|V[15]                                                                                   ; feistel_algo:encrypt3|V[16]                                                                                   ; clk          ; clk         ; 0.000        ; 0.000      ; 0.392      ;
; 0.241 ; feistel_algo:encrypt1|L[7][17]                                                                                ; feistel_algo:encrypt1|R[8][17]                                                                                ; clk          ; clk         ; 0.000        ; 0.000      ; 0.393      ;
; 0.241 ; feistel_algo:encrypt1|R[14][20]                                                                               ; feistel_algo:encrypt1|L[15][20]                                                                               ; clk          ; clk         ; 0.000        ; 0.000      ; 0.393      ;
; 0.241 ; feistel_algo:decrypt2|R[11][9]                                                                                ; feistel_algo:decrypt2|L[12][9]                                                                                ; clk          ; clk         ; 0.000        ; 0.000      ; 0.393      ;
; 0.241 ; feistel_algo:decrypt2|R[11][25]                                                                               ; feistel_algo:decrypt2|L[12][25]                                                                               ; clk          ; clk         ; 0.000        ; 0.000      ; 0.393      ;
; 0.241 ; feistel_algo:decrypt2|R[13][10]                                                                               ; feistel_algo:decrypt2|L[14][10]                                                                               ; clk          ; clk         ; 0.000        ; 0.000      ; 0.393      ;
; 0.241 ; feistel_algo:encrypt3|L16[22]                                                                                 ; feistel_algo:encrypt3|odata[13]                                                                               ; clk          ; clk         ; 0.000        ; 0.000      ; 0.393      ;
; 0.241 ; feistel_algo:encrypt3|R16[12]                                                                                 ; feistel_algo:encrypt3|odata[26]                                                                               ; clk          ; clk         ; 0.000        ; 0.000      ; 0.393      ;
; 0.241 ; feistel_algo:encrypt1|V[6]                                                                                    ; feistel_algo:encrypt1|V[7]                                                                                    ; clk          ; clk         ; 0.000        ; 0.000      ; 0.393      ;
; 0.241 ; feistel_algo:encrypt1|V[10]                                                                                   ; feistel_algo:encrypt1|V[11]                                                                                   ; clk          ; clk         ; 0.000        ; 0.000      ; 0.393      ;
; 0.241 ; feistel_algo:decrypt2|V[9]                                                                                    ; feistel_algo:decrypt2|V[10]                                                                                   ; clk          ; clk         ; 0.000        ; 0.000      ; 0.393      ;
; 0.241 ; feistel_algo:encrypt3|V[5]                                                                                    ; feistel_algo:encrypt3|V[6]                                                                                    ; clk          ; clk         ; 0.000        ; 0.000      ; 0.393      ;
; 0.241 ; feistel_algo:encrypt3|V[7]                                                                                    ; feistel_algo:encrypt3|V[8]                                                                                    ; clk          ; clk         ; 0.000        ; 0.000      ; 0.393      ;
; 0.241 ; feistel_algo:encrypt3|V[8]                                                                                    ; feistel_algo:encrypt3|V[9]                                                                                    ; clk          ; clk         ; 0.000        ; 0.000      ; 0.393      ;
; 0.242 ; feistel_algo:encrypt1|R[6][6]                                                                                 ; feistel_algo:encrypt1|L[7][6]                                                                                 ; clk          ; clk         ; 0.000        ; 0.000      ; 0.394      ;
; 0.242 ; feistel_algo:encrypt3|L[1][28]                                                                                ; feistel_algo:encrypt3|R[2][28]                                                                                ; clk          ; clk         ; 0.000        ; 0.000      ; 0.394      ;
; 0.242 ; feistel_algo:encrypt3|R[1][23]                                                                                ; feistel_algo:encrypt3|L[2][23]                                                                                ; clk          ; clk         ; 0.000        ; 0.000      ; 0.394      ;
; 0.242 ; feistel_algo:encrypt3|L[11][16]                                                                               ; feistel_algo:encrypt3|R[12][16]                                                                               ; clk          ; clk         ; 0.000        ; 0.000      ; 0.394      ;
; 0.242 ; feistel_algo:encrypt3|L16[30]                                                                                 ; feistel_algo:encrypt3|odata[15]                                                                               ; clk          ; clk         ; 0.000        ; 0.000      ; 0.394      ;
; 0.242 ; feistel_algo:encrypt1|V[7]                                                                                    ; feistel_algo:encrypt1|V[8]                                                                                    ; clk          ; clk         ; 0.000        ; 0.000      ; 0.394      ;
; 0.242 ; feistel_algo:decrypt2|V[4]                                                                                    ; feistel_algo:decrypt2|V[5]                                                                                    ; clk          ; clk         ; 0.000        ; 0.000      ; 0.394      ;
; 0.242 ; feistel_algo:decrypt2|V[13]                                                                                   ; feistel_algo:decrypt2|V[14]                                                                                   ; clk          ; clk         ; 0.000        ; 0.000      ; 0.394      ;
; 0.242 ; feistel_algo:encrypt3|V[6]                                                                                    ; feistel_algo:encrypt3|V[7]                                                                                    ; clk          ; clk         ; 0.000        ; 0.000      ; 0.394      ;
; 0.243 ; feistel_algo:encrypt1|R[2][26]                                                                                ; feistel_algo:encrypt1|L[3][26]                                                                                ; clk          ; clk         ; 0.000        ; 0.000      ; 0.395      ;
; 0.243 ; feistel_algo:decrypt2|R[3][30]                                                                                ; feistel_algo:decrypt2|L[4][30]                                                                                ; clk          ; clk         ; 0.000        ; 0.000      ; 0.395      ;
; 0.243 ; feistel_algo:decrypt2|L[12][14]                                                                               ; feistel_algo:decrypt2|R[13][14]                                                                               ; clk          ; clk         ; 0.000        ; 0.000      ; 0.395      ;
; 0.243 ; feistel_algo:encrypt3|R[4][13]                                                                                ; feistel_algo:encrypt3|L[5][13]                                                                                ; clk          ; clk         ; 0.000        ; 0.000      ; 0.395      ;
; 0.243 ; feistel_algo:encrypt3|R[5][2]                                                                                 ; feistel_algo:encrypt3|L[6][2]                                                                                 ; clk          ; clk         ; 0.000        ; 0.000      ; 0.395      ;
; 0.243 ; feistel_algo:encrypt3|R[15][14]                                                                               ; feistel_algo:encrypt3|L16[14]                                                                                 ; clk          ; clk         ; 0.000        ; 0.000      ; 0.395      ;
; 0.243 ; feistel_algo:encrypt3|R[14][12]                                                                               ; feistel_algo:encrypt3|L[15][12]                                                                               ; clk          ; clk         ; 0.000        ; 0.000      ; 0.395      ;
; 0.243 ; feistel_algo:encrypt3|L16[8]                                                                                  ; feistel_algo:encrypt3|odata[59]                                                                               ; clk          ; clk         ; 0.000        ; 0.000      ; 0.395      ;
; 0.243 ; feistel_algo:decrypt2|V[1]                                                                                    ; feistel_algo:decrypt2|V[2]                                                                                    ; clk          ; clk         ; 0.000        ; 0.000      ; 0.395      ;
; 0.243 ; feistel_algo:decrypt2|V[11]                                                                                   ; feistel_algo:decrypt2|V[12]                                                                                   ; clk          ; clk         ; 0.000        ; 0.000      ; 0.395      ;
; 0.243 ; feistel_algo:decrypt2|V[14]                                                                                   ; feistel_algo:decrypt2|V[15]                                                                                   ; clk          ; clk         ; 0.000        ; 0.000      ; 0.395      ;
; 0.243 ; feistel_algo:encrypt3|V[11]                                                                                   ; feistel_algo:encrypt3|V[12]                                                                                   ; clk          ; clk         ; 0.000        ; 0.000      ; 0.395      ;
; 0.244 ; feistel_algo:encrypt1|R[4][13]                                                                                ; feistel_algo:encrypt1|L[5][13]                                                                                ; clk          ; clk         ; 0.000        ; 0.000      ; 0.396      ;
; 0.244 ; feistel_algo:encrypt3|R16[11]                                                                                 ; feistel_algo:encrypt3|odata[34]                                                                               ; clk          ; clk         ; 0.000        ; 0.000      ; 0.396      ;
; 0.244 ; feistel_algo:encrypt1|V[4]                                                                                    ; feistel_algo:encrypt1|V[5]                                                                                    ; clk          ; clk         ; 0.000        ; 0.000      ; 0.396      ;
; 0.244 ; feistel_algo:decrypt2|V[5]                                                                                    ; feistel_algo:decrypt2|V[6]                                                                                    ; clk          ; clk         ; 0.000        ; 0.000      ; 0.396      ;
; 0.244 ; feistel_algo:decrypt2|V[15]                                                                                   ; feistel_algo:decrypt2|V[16]                                                                                   ; clk          ; clk         ; 0.000        ; 0.000      ; 0.396      ;
; 0.244 ; feistel_algo:encrypt3|V[9]                                                                                    ; feistel_algo:encrypt3|V[10]                                                                                   ; clk          ; clk         ; 0.000        ; 0.000      ; 0.396      ;
; 0.245 ; feistel_algo:encrypt1|R[4][25]                                                                                ; feistel_algo:encrypt1|L[5][25]                                                                                ; clk          ; clk         ; 0.000        ; 0.000      ; 0.397      ;
; 0.245 ; feistel_algo:encrypt1|R[9][31]                                                                                ; feistel_algo:encrypt1|L[10][31]                                                                               ; clk          ; clk         ; 0.000        ; 0.000      ; 0.397      ;
; 0.245 ; feistel_algo:decrypt2|R[12][17]                                                                               ; feistel_algo:decrypt2|L[13][17]                                                                               ; clk          ; clk         ; 0.000        ; 0.000      ; 0.397      ;
; 0.245 ; feistel_algo:encrypt3|R[1][15]                                                                                ; feistel_algo:encrypt3|L[2][15]                                                                                ; clk          ; clk         ; 0.000        ; 0.000      ; 0.397      ;
; 0.245 ; feistel_algo:encrypt3|R[13][23]                                                                               ; feistel_algo:encrypt3|L[14][23]                                                                               ; clk          ; clk         ; 0.000        ; 0.000      ; 0.397      ;
; 0.245 ; feistel_algo:encrypt3|R[15][28]                                                                               ; feistel_algo:encrypt3|L16[28]                                                                                 ; clk          ; clk         ; 0.000        ; 0.000      ; 0.397      ;
; 0.245 ; feistel_algo:encrypt1|V[13]                                                                                   ; feistel_algo:encrypt1|V[14]                                                                                   ; clk          ; clk         ; 0.000        ; 0.000      ; 0.397      ;
; 0.245 ; feistel_algo:decrypt2|V[7]                                                                                    ; feistel_algo:decrypt2|V[8]                                                                                    ; clk          ; clk         ; 0.000        ; 0.000      ; 0.397      ;
; 0.245 ; feistel_algo:decrypt2|valid_out                                                                               ; feistel_algo:encrypt3|V[0]                                                                                    ; clk          ; clk         ; 0.000        ; 0.000      ; 0.397      ;
; 0.246 ; feistel_algo:encrypt1|R[1][19]                                                                                ; feistel_algo:encrypt1|L[2][19]                                                                                ; clk          ; clk         ; 0.000        ; 0.000      ; 0.398      ;
; 0.246 ; feistel_algo:decrypt2|R[10][14]                                                                               ; feistel_algo:decrypt2|L[11][14]                                                                               ; clk          ; clk         ; 0.000        ; 0.000      ; 0.398      ;
; 0.246 ; feistel_algo:encrypt3|R[13][18]                                                                               ; feistel_algo:encrypt3|L[14][18]                                                                               ; clk          ; clk         ; 0.000        ; 0.000      ; 0.398      ;
; 0.247 ; feistel_algo:encrypt3|R[8][15]                                                                                ; feistel_algo:encrypt3|L[9][15]                                                                                ; clk          ; clk         ; 0.000        ; 0.000      ; 0.399      ;
; 0.247 ; feistel_algo:encrypt3|R[11][16]                                                                               ; feistel_algo:encrypt3|L[12][16]                                                                               ; clk          ; clk         ; 0.000        ; 0.000      ; 0.399      ;
; 0.247 ; feistel_algo:encrypt3|R[13][16]                                                                               ; feistel_algo:encrypt3|L[14][16]                                                                               ; clk          ; clk         ; 0.000        ; 0.000      ; 0.399      ;
; 0.247 ; feistel_algo:encrypt3|R[15][5]                                                                                ; feistel_algo:encrypt3|L16[5]                                                                                  ; clk          ; clk         ; 0.000        ; 0.000      ; 0.399      ;
; 0.248 ; feistel_algo:encrypt1|R[7][30]                                                                                ; feistel_algo:encrypt1|L[8][30]                                                                                ; clk          ; clk         ; 0.000        ; 0.000      ; 0.400      ;
; 0.248 ; feistel_algo:encrypt3|R[15][15]                                                                               ; feistel_algo:encrypt3|L16[15]                                                                                 ; clk          ; clk         ; 0.000        ; 0.000      ; 0.400      ;
; 0.248 ; feistel_algo:encrypt3|L16[6]                                                                                  ; feistel_algo:encrypt3|odata[9]                                                                                ; clk          ; clk         ; 0.000        ; 0.000      ; 0.400      ;
; 0.248 ; feistel_algo:encrypt3|L16[29]                                                                                 ; feistel_algo:encrypt3|odata[23]                                                                               ; clk          ; clk         ; 0.000        ; 0.000      ; 0.400      ;
; 0.249 ; feistel_algo:encrypt1|R[2][25]                                                                                ; feistel_algo:encrypt1|L[3][25]                                                                                ; clk          ; clk         ; 0.000        ; 0.000      ; 0.401      ;
; 0.249 ; feistel_algo:encrypt3|R[3][14]                                                                                ; feistel_algo:encrypt3|L[4][14]                                                                                ; clk          ; clk         ; 0.000        ; 0.000      ; 0.401      ;
; 0.251 ; feistel_algo:encrypt1|R[12][17]                                                                               ; feistel_algo:encrypt1|L[13][17]                                                                               ; clk          ; clk         ; 0.000        ; 0.000      ; 0.403      ;
+-------+---------------------------------------------------------------------------------------------------------------+---------------------------------------------------------------------------------------------------------------+--------------+-------------+--------------+------------+------------+


+-------------------------------------------------------------------------------------------------------------------------------------------------------------------------------------------------------------------------------------------------------------------------------------------+
; Fast Model Recovery: 'clk'                                                                                                                                                                                                                                                                ;
+--------+-----------------------------------------------------------------------------------+------------------------------------------------------------------------------------------------------------------------+--------------+-------------+--------------+------------+------------+
; Slack  ; From Node                                                                         ; To Node                                                                                                                ; Launch Clock ; Latch Clock ; Relationship ; Clock Skew ; Data Delay ;
+--------+-----------------------------------------------------------------------------------+------------------------------------------------------------------------------------------------------------------------+--------------+-------------+--------------+------------+------------+
; -0.908 ; feistel_algo:decrypt2|altshift_taps:L16_rtl_0|shift_taps_ghm:auto_generated|dffe6 ; feistel_algo:decrypt2|altshift_taps:L16_rtl_0|shift_taps_ghm:auto_generated|altsyncram_n761:altsyncram4|ram_block7a127 ; clk          ; clk         ; 1.000        ; 0.034      ; 1.941      ;
; -0.908 ; feistel_algo:decrypt2|altshift_taps:L16_rtl_0|shift_taps_ghm:auto_generated|dffe6 ; feistel_algo:decrypt2|altshift_taps:L16_rtl_0|shift_taps_ghm:auto_generated|altsyncram_n761:altsyncram4|ram_block7a123 ; clk          ; clk         ; 1.000        ; 0.034      ; 1.941      ;
; -0.908 ; feistel_algo:decrypt2|altshift_taps:L16_rtl_0|shift_taps_ghm:auto_generated|dffe6 ; feistel_algo:decrypt2|altshift_taps:L16_rtl_0|shift_taps_ghm:auto_generated|altsyncram_n761:altsyncram4|ram_block7a122 ; clk          ; clk         ; 1.000        ; 0.034      ; 1.941      ;
; -0.908 ; feistel_algo:decrypt2|altshift_taps:L16_rtl_0|shift_taps_ghm:auto_generated|dffe6 ; feistel_algo:decrypt2|altshift_taps:L16_rtl_0|shift_taps_ghm:auto_generated|altsyncram_n761:altsyncram4|ram_block7a121 ; clk          ; clk         ; 1.000        ; 0.034      ; 1.941      ;
; -0.908 ; feistel_algo:decrypt2|altshift_taps:L16_rtl_0|shift_taps_ghm:auto_generated|dffe6 ; feistel_algo:decrypt2|altshift_taps:L16_rtl_0|shift_taps_ghm:auto_generated|altsyncram_n761:altsyncram4|ram_block7a120 ; clk          ; clk         ; 1.000        ; 0.034      ; 1.941      ;
; -0.908 ; feistel_algo:decrypt2|altshift_taps:L16_rtl_0|shift_taps_ghm:auto_generated|dffe6 ; feistel_algo:decrypt2|altshift_taps:L16_rtl_0|shift_taps_ghm:auto_generated|altsyncram_n761:altsyncram4|ram_block7a119 ; clk          ; clk         ; 1.000        ; 0.034      ; 1.941      ;
; -0.908 ; feistel_algo:decrypt2|altshift_taps:L16_rtl_0|shift_taps_ghm:auto_generated|dffe6 ; feistel_algo:decrypt2|altshift_taps:L16_rtl_0|shift_taps_ghm:auto_generated|altsyncram_n761:altsyncram4|ram_block7a117 ; clk          ; clk         ; 1.000        ; 0.034      ; 1.941      ;
; -0.908 ; feistel_algo:decrypt2|altshift_taps:L16_rtl_0|shift_taps_ghm:auto_generated|dffe6 ; feistel_algo:decrypt2|altshift_taps:L16_rtl_0|shift_taps_ghm:auto_generated|altsyncram_n761:altsyncram4|ram_block7a115 ; clk          ; clk         ; 1.000        ; 0.034      ; 1.941      ;
; -0.908 ; feistel_algo:decrypt2|altshift_taps:L16_rtl_0|shift_taps_ghm:auto_generated|dffe6 ; feistel_algo:decrypt2|altshift_taps:L16_rtl_0|shift_taps_ghm:auto_generated|altsyncram_n761:altsyncram4|ram_block7a112 ; clk          ; clk         ; 1.000        ; 0.034      ; 1.941      ;
; -0.908 ; feistel_algo:decrypt2|altshift_taps:L16_rtl_0|shift_taps_ghm:auto_generated|dffe6 ; feistel_algo:decrypt2|altshift_taps:L16_rtl_0|shift_taps_ghm:auto_generated|altsyncram_n761:altsyncram4|ram_block7a111 ; clk          ; clk         ; 1.000        ; 0.034      ; 1.941      ;
; -0.908 ; feistel_algo:decrypt2|altshift_taps:L16_rtl_0|shift_taps_ghm:auto_generated|dffe6 ; feistel_algo:decrypt2|altshift_taps:L16_rtl_0|shift_taps_ghm:auto_generated|altsyncram_n761:altsyncram4|ram_block7a109 ; clk          ; clk         ; 1.000        ; 0.034      ; 1.941      ;
; -0.908 ; feistel_algo:decrypt2|altshift_taps:L16_rtl_0|shift_taps_ghm:auto_generated|dffe6 ; feistel_algo:decrypt2|altshift_taps:L16_rtl_0|shift_taps_ghm:auto_generated|altsyncram_n761:altsyncram4|ram_block7a107 ; clk          ; clk         ; 1.000        ; 0.034      ; 1.941      ;
; -0.908 ; feistel_algo:decrypt2|altshift_taps:L16_rtl_0|shift_taps_ghm:auto_generated|dffe6 ; feistel_algo:decrypt2|altshift_taps:L16_rtl_0|shift_taps_ghm:auto_generated|altsyncram_n761:altsyncram4|ram_block7a104 ; clk          ; clk         ; 1.000        ; 0.034      ; 1.941      ;
; -0.908 ; feistel_algo:decrypt2|altshift_taps:L16_rtl_0|shift_taps_ghm:auto_generated|dffe6 ; feistel_algo:decrypt2|altshift_taps:L16_rtl_0|shift_taps_ghm:auto_generated|altsyncram_n761:altsyncram4|ram_block7a103 ; clk          ; clk         ; 1.000        ; 0.034      ; 1.941      ;
; -0.908 ; feistel_algo:decrypt2|altshift_taps:L16_rtl_0|shift_taps_ghm:auto_generated|dffe6 ; feistel_algo:decrypt2|altshift_taps:L16_rtl_0|shift_taps_ghm:auto_generated|altsyncram_n761:altsyncram4|ram_block7a101 ; clk          ; clk         ; 1.000        ; 0.034      ; 1.941      ;
; -0.908 ; feistel_algo:decrypt2|altshift_taps:L16_rtl_0|shift_taps_ghm:auto_generated|dffe6 ; feistel_algo:decrypt2|altshift_taps:L16_rtl_0|shift_taps_ghm:auto_generated|altsyncram_n761:altsyncram4|ram_block7a100 ; clk          ; clk         ; 1.000        ; 0.034      ; 1.941      ;
; -0.908 ; feistel_algo:decrypt2|altshift_taps:L16_rtl_0|shift_taps_ghm:auto_generated|dffe6 ; feistel_algo:decrypt2|altshift_taps:L16_rtl_0|shift_taps_ghm:auto_generated|altsyncram_n761:altsyncram4|ram_block7a97  ; clk          ; clk         ; 1.000        ; 0.034      ; 1.941      ;
; -0.908 ; feistel_algo:decrypt2|altshift_taps:L16_rtl_0|shift_taps_ghm:auto_generated|dffe6 ; feistel_algo:decrypt2|altshift_taps:L16_rtl_0|shift_taps_ghm:auto_generated|altsyncram_n761:altsyncram4|ram_block7a96  ; clk          ; clk         ; 1.000        ; 0.034      ; 1.941      ;
; -0.908 ; feistel_algo:decrypt2|altshift_taps:L16_rtl_0|shift_taps_ghm:auto_generated|dffe6 ; feistel_algo:decrypt2|altshift_taps:L16_rtl_0|shift_taps_ghm:auto_generated|altsyncram_n761:altsyncram4|ram_block7a95  ; clk          ; clk         ; 1.000        ; 0.034      ; 1.941      ;
; -0.908 ; feistel_algo:decrypt2|altshift_taps:L16_rtl_0|shift_taps_ghm:auto_generated|dffe6 ; feistel_algo:decrypt2|altshift_taps:L16_rtl_0|shift_taps_ghm:auto_generated|altsyncram_n761:altsyncram4|ram_block7a93  ; clk          ; clk         ; 1.000        ; 0.034      ; 1.941      ;
; -0.908 ; feistel_algo:decrypt2|altshift_taps:L16_rtl_0|shift_taps_ghm:auto_generated|dffe6 ; feistel_algo:decrypt2|altshift_taps:L16_rtl_0|shift_taps_ghm:auto_generated|altsyncram_n761:altsyncram4|ram_block7a92  ; clk          ; clk         ; 1.000        ; 0.034      ; 1.941      ;
; -0.908 ; feistel_algo:decrypt2|altshift_taps:L16_rtl_0|shift_taps_ghm:auto_generated|dffe6 ; feistel_algo:decrypt2|altshift_taps:L16_rtl_0|shift_taps_ghm:auto_generated|altsyncram_n761:altsyncram4|ram_block7a89  ; clk          ; clk         ; 1.000        ; 0.034      ; 1.941      ;
; -0.908 ; feistel_algo:decrypt2|altshift_taps:L16_rtl_0|shift_taps_ghm:auto_generated|dffe6 ; feistel_algo:decrypt2|altshift_taps:L16_rtl_0|shift_taps_ghm:auto_generated|altsyncram_n761:altsyncram4|ram_block7a88  ; clk          ; clk         ; 1.000        ; 0.034      ; 1.941      ;
; -0.908 ; feistel_algo:decrypt2|altshift_taps:L16_rtl_0|shift_taps_ghm:auto_generated|dffe6 ; feistel_algo:decrypt2|altshift_taps:L16_rtl_0|shift_taps_ghm:auto_generated|altsyncram_n761:altsyncram4|ram_block7a87  ; clk          ; clk         ; 1.000        ; 0.034      ; 1.941      ;
; -0.908 ; feistel_algo:decrypt2|altshift_taps:L16_rtl_0|shift_taps_ghm:auto_generated|dffe6 ; feistel_algo:decrypt2|altshift_taps:L16_rtl_0|shift_taps_ghm:auto_generated|altsyncram_n761:altsyncram4|ram_block7a85  ; clk          ; clk         ; 1.000        ; 0.034      ; 1.941      ;
; -0.908 ; feistel_algo:decrypt2|altshift_taps:L16_rtl_0|shift_taps_ghm:auto_generated|dffe6 ; feistel_algo:decrypt2|altshift_taps:L16_rtl_0|shift_taps_ghm:auto_generated|altsyncram_n761:altsyncram4|ram_block7a84  ; clk          ; clk         ; 1.000        ; 0.034      ; 1.941      ;
; -0.908 ; feistel_algo:decrypt2|altshift_taps:L16_rtl_0|shift_taps_ghm:auto_generated|dffe6 ; feistel_algo:decrypt2|altshift_taps:L16_rtl_0|shift_taps_ghm:auto_generated|altsyncram_n761:altsyncram4|ram_block7a81  ; clk          ; clk         ; 1.000        ; 0.034      ; 1.941      ;
; -0.908 ; feistel_algo:decrypt2|altshift_taps:L16_rtl_0|shift_taps_ghm:auto_generated|dffe6 ; feistel_algo:decrypt2|altshift_taps:L16_rtl_0|shift_taps_ghm:auto_generated|altsyncram_n761:altsyncram4|ram_block7a79  ; clk          ; clk         ; 1.000        ; 0.034      ; 1.941      ;
; -0.908 ; feistel_algo:decrypt2|altshift_taps:L16_rtl_0|shift_taps_ghm:auto_generated|dffe6 ; feistel_algo:decrypt2|altshift_taps:L16_rtl_0|shift_taps_ghm:auto_generated|altsyncram_n761:altsyncram4|ram_block7a77  ; clk          ; clk         ; 1.000        ; 0.034      ; 1.941      ;
; -0.908 ; feistel_algo:decrypt2|altshift_taps:L16_rtl_0|shift_taps_ghm:auto_generated|dffe6 ; feistel_algo:decrypt2|altshift_taps:L16_rtl_0|shift_taps_ghm:auto_generated|altsyncram_n761:altsyncram4|ram_block7a76  ; clk          ; clk         ; 1.000        ; 0.034      ; 1.941      ;
; -0.908 ; feistel_algo:decrypt2|altshift_taps:L16_rtl_0|shift_taps_ghm:auto_generated|dffe6 ; feistel_algo:decrypt2|altshift_taps:L16_rtl_0|shift_taps_ghm:auto_generated|altsyncram_n761:altsyncram4|ram_block7a73  ; clk          ; clk         ; 1.000        ; 0.034      ; 1.941      ;
; -0.908 ; feistel_algo:decrypt2|altshift_taps:L16_rtl_0|shift_taps_ghm:auto_generated|dffe6 ; feistel_algo:decrypt2|altshift_taps:L16_rtl_0|shift_taps_ghm:auto_generated|altsyncram_n761:altsyncram4|ram_block7a70  ; clk          ; clk         ; 1.000        ; 0.034      ; 1.941      ;
; -0.908 ; feistel_algo:decrypt2|altshift_taps:L16_rtl_0|shift_taps_ghm:auto_generated|dffe6 ; feistel_algo:decrypt2|altshift_taps:L16_rtl_0|shift_taps_ghm:auto_generated|altsyncram_n761:altsyncram4|ram_block7a69  ; clk          ; clk         ; 1.000        ; 0.034      ; 1.941      ;
; -0.908 ; feistel_algo:decrypt2|altshift_taps:L16_rtl_0|shift_taps_ghm:auto_generated|dffe6 ; feistel_algo:decrypt2|altshift_taps:L16_rtl_0|shift_taps_ghm:auto_generated|altsyncram_n761:altsyncram4|ram_block7a68  ; clk          ; clk         ; 1.000        ; 0.034      ; 1.941      ;
; -0.908 ; feistel_algo:decrypt2|altshift_taps:L16_rtl_0|shift_taps_ghm:auto_generated|dffe6 ; feistel_algo:decrypt2|altshift_taps:L16_rtl_0|shift_taps_ghm:auto_generated|altsyncram_n761:altsyncram4|ram_block7a65  ; clk          ; clk         ; 1.000        ; 0.034      ; 1.941      ;
; -0.908 ; feistel_algo:decrypt2|altshift_taps:L16_rtl_0|shift_taps_ghm:auto_generated|dffe6 ; feistel_algo:decrypt2|altshift_taps:L16_rtl_0|shift_taps_ghm:auto_generated|altsyncram_n761:altsyncram4|ram_block7a64  ; clk          ; clk         ; 1.000        ; 0.034      ; 1.941      ;
; -0.908 ; feistel_algo:decrypt2|altshift_taps:L16_rtl_0|shift_taps_ghm:auto_generated|dffe6 ; feistel_algo:decrypt2|altshift_taps:L16_rtl_0|shift_taps_ghm:auto_generated|altsyncram_n761:altsyncram4|ram_block7a124 ; clk          ; clk         ; 1.000        ; 0.038      ; 1.945      ;
; -0.908 ; feistel_algo:decrypt2|altshift_taps:L16_rtl_0|shift_taps_ghm:auto_generated|dffe6 ; feistel_algo:decrypt2|altshift_taps:L16_rtl_0|shift_taps_ghm:auto_generated|altsyncram_n761:altsyncram4|ram_block7a118 ; clk          ; clk         ; 1.000        ; 0.038      ; 1.945      ;
; -0.908 ; feistel_algo:decrypt2|altshift_taps:L16_rtl_0|shift_taps_ghm:auto_generated|dffe6 ; feistel_algo:decrypt2|altshift_taps:L16_rtl_0|shift_taps_ghm:auto_generated|altsyncram_n761:altsyncram4|ram_block7a116 ; clk          ; clk         ; 1.000        ; 0.038      ; 1.945      ;
; -0.908 ; feistel_algo:decrypt2|altshift_taps:L16_rtl_0|shift_taps_ghm:auto_generated|dffe6 ; feistel_algo:decrypt2|altshift_taps:L16_rtl_0|shift_taps_ghm:auto_generated|altsyncram_n761:altsyncram4|ram_block7a114 ; clk          ; clk         ; 1.000        ; 0.038      ; 1.945      ;
; -0.908 ; feistel_algo:decrypt2|altshift_taps:L16_rtl_0|shift_taps_ghm:auto_generated|dffe6 ; feistel_algo:decrypt2|altshift_taps:L16_rtl_0|shift_taps_ghm:auto_generated|altsyncram_n761:altsyncram4|ram_block7a113 ; clk          ; clk         ; 1.000        ; 0.038      ; 1.945      ;
; -0.908 ; feistel_algo:decrypt2|altshift_taps:L16_rtl_0|shift_taps_ghm:auto_generated|dffe6 ; feistel_algo:decrypt2|altshift_taps:L16_rtl_0|shift_taps_ghm:auto_generated|altsyncram_n761:altsyncram4|ram_block7a110 ; clk          ; clk         ; 1.000        ; 0.038      ; 1.945      ;
; -0.908 ; feistel_algo:decrypt2|altshift_taps:L16_rtl_0|shift_taps_ghm:auto_generated|dffe6 ; feistel_algo:decrypt2|altshift_taps:L16_rtl_0|shift_taps_ghm:auto_generated|altsyncram_n761:altsyncram4|ram_block7a108 ; clk          ; clk         ; 1.000        ; 0.038      ; 1.945      ;
; -0.908 ; feistel_algo:decrypt2|altshift_taps:L16_rtl_0|shift_taps_ghm:auto_generated|dffe6 ; feistel_algo:decrypt2|altshift_taps:L16_rtl_0|shift_taps_ghm:auto_generated|altsyncram_n761:altsyncram4|ram_block7a106 ; clk          ; clk         ; 1.000        ; 0.038      ; 1.945      ;
; -0.908 ; feistel_algo:decrypt2|altshift_taps:L16_rtl_0|shift_taps_ghm:auto_generated|dffe6 ; feistel_algo:decrypt2|altshift_taps:L16_rtl_0|shift_taps_ghm:auto_generated|altsyncram_n761:altsyncram4|ram_block7a105 ; clk          ; clk         ; 1.000        ; 0.038      ; 1.945      ;
; -0.908 ; feistel_algo:decrypt2|altshift_taps:L16_rtl_0|shift_taps_ghm:auto_generated|dffe6 ; feistel_algo:decrypt2|altshift_taps:L16_rtl_0|shift_taps_ghm:auto_generated|altsyncram_n761:altsyncram4|ram_block7a102 ; clk          ; clk         ; 1.000        ; 0.038      ; 1.945      ;
; -0.908 ; feistel_algo:decrypt2|altshift_taps:L16_rtl_0|shift_taps_ghm:auto_generated|dffe6 ; feistel_algo:decrypt2|altshift_taps:L16_rtl_0|shift_taps_ghm:auto_generated|altsyncram_n761:altsyncram4|ram_block7a98  ; clk          ; clk         ; 1.000        ; 0.038      ; 1.945      ;
; -0.908 ; feistel_algo:decrypt2|altshift_taps:L16_rtl_0|shift_taps_ghm:auto_generated|dffe6 ; feistel_algo:decrypt2|altshift_taps:L16_rtl_0|shift_taps_ghm:auto_generated|altsyncram_n761:altsyncram4|ram_block7a94  ; clk          ; clk         ; 1.000        ; 0.038      ; 1.945      ;
; -0.908 ; feistel_algo:decrypt2|altshift_taps:L16_rtl_0|shift_taps_ghm:auto_generated|dffe6 ; feistel_algo:decrypt2|altshift_taps:L16_rtl_0|shift_taps_ghm:auto_generated|altsyncram_n761:altsyncram4|ram_block7a90  ; clk          ; clk         ; 1.000        ; 0.038      ; 1.945      ;
; -0.908 ; feistel_algo:decrypt2|altshift_taps:L16_rtl_0|shift_taps_ghm:auto_generated|dffe6 ; feistel_algo:decrypt2|altshift_taps:L16_rtl_0|shift_taps_ghm:auto_generated|altsyncram_n761:altsyncram4|ram_block7a86  ; clk          ; clk         ; 1.000        ; 0.038      ; 1.945      ;
; -0.908 ; feistel_algo:decrypt2|altshift_taps:L16_rtl_0|shift_taps_ghm:auto_generated|dffe6 ; feistel_algo:decrypt2|altshift_taps:L16_rtl_0|shift_taps_ghm:auto_generated|altsyncram_n761:altsyncram4|ram_block7a82  ; clk          ; clk         ; 1.000        ; 0.038      ; 1.945      ;
; -0.908 ; feistel_algo:decrypt2|altshift_taps:L16_rtl_0|shift_taps_ghm:auto_generated|dffe6 ; feistel_algo:decrypt2|altshift_taps:L16_rtl_0|shift_taps_ghm:auto_generated|altsyncram_n761:altsyncram4|ram_block7a80  ; clk          ; clk         ; 1.000        ; 0.038      ; 1.945      ;
; -0.908 ; feistel_algo:decrypt2|altshift_taps:L16_rtl_0|shift_taps_ghm:auto_generated|dffe6 ; feistel_algo:decrypt2|altshift_taps:L16_rtl_0|shift_taps_ghm:auto_generated|altsyncram_n761:altsyncram4|ram_block7a78  ; clk          ; clk         ; 1.000        ; 0.038      ; 1.945      ;
; -0.908 ; feistel_algo:decrypt2|altshift_taps:L16_rtl_0|shift_taps_ghm:auto_generated|dffe6 ; feistel_algo:decrypt2|altshift_taps:L16_rtl_0|shift_taps_ghm:auto_generated|altsyncram_n761:altsyncram4|ram_block7a74  ; clk          ; clk         ; 1.000        ; 0.038      ; 1.945      ;
; -0.908 ; feistel_algo:decrypt2|altshift_taps:L16_rtl_0|shift_taps_ghm:auto_generated|dffe6 ; feistel_algo:decrypt2|altshift_taps:L16_rtl_0|shift_taps_ghm:auto_generated|altsyncram_n761:altsyncram4|ram_block7a72  ; clk          ; clk         ; 1.000        ; 0.038      ; 1.945      ;
; -0.908 ; feistel_algo:decrypt2|altshift_taps:L16_rtl_0|shift_taps_ghm:auto_generated|dffe6 ; feistel_algo:decrypt2|altshift_taps:L16_rtl_0|shift_taps_ghm:auto_generated|altsyncram_n761:altsyncram4|ram_block7a66  ; clk          ; clk         ; 1.000        ; 0.038      ; 1.945      ;
; -0.908 ; feistel_algo:decrypt2|altshift_taps:L16_rtl_0|shift_taps_ghm:auto_generated|dffe6 ; feistel_algo:decrypt2|altshift_taps:L16_rtl_0|shift_taps_ghm:auto_generated|altsyncram_n761:altsyncram4|ram_block7a126 ; clk          ; clk         ; 1.000        ; 0.022      ; 1.929      ;
; -0.908 ; feistel_algo:decrypt2|altshift_taps:L16_rtl_0|shift_taps_ghm:auto_generated|dffe6 ; feistel_algo:decrypt2|altshift_taps:L16_rtl_0|shift_taps_ghm:auto_generated|altsyncram_n761:altsyncram4|ram_block7a125 ; clk          ; clk         ; 1.000        ; 0.022      ; 1.929      ;
; -0.908 ; feistel_algo:decrypt2|altshift_taps:L16_rtl_0|shift_taps_ghm:auto_generated|dffe6 ; feistel_algo:decrypt2|altshift_taps:L16_rtl_0|shift_taps_ghm:auto_generated|altsyncram_n761:altsyncram4|ram_block7a99  ; clk          ; clk         ; 1.000        ; 0.022      ; 1.929      ;
; -0.908 ; feistel_algo:decrypt2|altshift_taps:L16_rtl_0|shift_taps_ghm:auto_generated|dffe6 ; feistel_algo:decrypt2|altshift_taps:L16_rtl_0|shift_taps_ghm:auto_generated|altsyncram_n761:altsyncram4|ram_block7a91  ; clk          ; clk         ; 1.000        ; 0.022      ; 1.929      ;
; -0.908 ; feistel_algo:decrypt2|altshift_taps:L16_rtl_0|shift_taps_ghm:auto_generated|dffe6 ; feistel_algo:decrypt2|altshift_taps:L16_rtl_0|shift_taps_ghm:auto_generated|altsyncram_n761:altsyncram4|ram_block7a83  ; clk          ; clk         ; 1.000        ; 0.022      ; 1.929      ;
; -0.908 ; feistel_algo:decrypt2|altshift_taps:L16_rtl_0|shift_taps_ghm:auto_generated|dffe6 ; feistel_algo:decrypt2|altshift_taps:L16_rtl_0|shift_taps_ghm:auto_generated|altsyncram_n761:altsyncram4|ram_block7a75  ; clk          ; clk         ; 1.000        ; 0.022      ; 1.929      ;
; -0.908 ; feistel_algo:decrypt2|altshift_taps:L16_rtl_0|shift_taps_ghm:auto_generated|dffe6 ; feistel_algo:decrypt2|altshift_taps:L16_rtl_0|shift_taps_ghm:auto_generated|altsyncram_n761:altsyncram4|ram_block7a71  ; clk          ; clk         ; 1.000        ; 0.022      ; 1.929      ;
; -0.908 ; feistel_algo:decrypt2|altshift_taps:L16_rtl_0|shift_taps_ghm:auto_generated|dffe6 ; feistel_algo:decrypt2|altshift_taps:L16_rtl_0|shift_taps_ghm:auto_generated|altsyncram_n761:altsyncram4|ram_block7a67  ; clk          ; clk         ; 1.000        ; 0.022      ; 1.929      ;
; -0.908 ; feistel_algo:decrypt2|altshift_taps:L16_rtl_0|shift_taps_ghm:auto_generated|dffe6 ; feistel_algo:decrypt2|altshift_taps:L16_rtl_0|shift_taps_ghm:auto_generated|altsyncram_n761:altsyncram4|ram_block7a63  ; clk          ; clk         ; 1.000        ; 0.022      ; 1.929      ;
; -0.908 ; feistel_algo:decrypt2|altshift_taps:L16_rtl_0|shift_taps_ghm:auto_generated|dffe6 ; feistel_algo:decrypt2|altshift_taps:L16_rtl_0|shift_taps_ghm:auto_generated|altsyncram_n761:altsyncram4|ram_block7a61  ; clk          ; clk         ; 1.000        ; 0.022      ; 1.929      ;
; -0.908 ; feistel_algo:decrypt2|altshift_taps:L16_rtl_0|shift_taps_ghm:auto_generated|dffe6 ; feistel_algo:decrypt2|altshift_taps:L16_rtl_0|shift_taps_ghm:auto_generated|altsyncram_n761:altsyncram4|ram_block7a59  ; clk          ; clk         ; 1.000        ; 0.022      ; 1.929      ;
; -0.908 ; feistel_algo:decrypt2|altshift_taps:L16_rtl_0|shift_taps_ghm:auto_generated|dffe6 ; feistel_algo:decrypt2|altshift_taps:L16_rtl_0|shift_taps_ghm:auto_generated|altsyncram_n761:altsyncram4|ram_block7a55  ; clk          ; clk         ; 1.000        ; 0.022      ; 1.929      ;
; -0.908 ; feistel_algo:decrypt2|altshift_taps:L16_rtl_0|shift_taps_ghm:auto_generated|dffe6 ; feistel_algo:decrypt2|altshift_taps:L16_rtl_0|shift_taps_ghm:auto_generated|altsyncram_n761:altsyncram4|ram_block7a53  ; clk          ; clk         ; 1.000        ; 0.022      ; 1.929      ;
; -0.908 ; feistel_algo:decrypt2|altshift_taps:L16_rtl_0|shift_taps_ghm:auto_generated|dffe6 ; feistel_algo:decrypt2|altshift_taps:L16_rtl_0|shift_taps_ghm:auto_generated|altsyncram_n761:altsyncram4|ram_block7a51  ; clk          ; clk         ; 1.000        ; 0.022      ; 1.929      ;
; -0.908 ; feistel_algo:decrypt2|altshift_taps:L16_rtl_0|shift_taps_ghm:auto_generated|dffe6 ; feistel_algo:decrypt2|altshift_taps:L16_rtl_0|shift_taps_ghm:auto_generated|altsyncram_n761:altsyncram4|ram_block7a49  ; clk          ; clk         ; 1.000        ; 0.022      ; 1.929      ;
; -0.908 ; feistel_algo:decrypt2|altshift_taps:L16_rtl_0|shift_taps_ghm:auto_generated|dffe6 ; feistel_algo:decrypt2|altshift_taps:L16_rtl_0|shift_taps_ghm:auto_generated|altsyncram_n761:altsyncram4|ram_block7a47  ; clk          ; clk         ; 1.000        ; 0.022      ; 1.929      ;
; -0.908 ; feistel_algo:decrypt2|altshift_taps:L16_rtl_0|shift_taps_ghm:auto_generated|dffe6 ; feistel_algo:decrypt2|altshift_taps:L16_rtl_0|shift_taps_ghm:auto_generated|altsyncram_n761:altsyncram4|ram_block7a45  ; clk          ; clk         ; 1.000        ; 0.022      ; 1.929      ;
; -0.908 ; feistel_algo:decrypt2|altshift_taps:L16_rtl_0|shift_taps_ghm:auto_generated|dffe6 ; feistel_algo:decrypt2|altshift_taps:L16_rtl_0|shift_taps_ghm:auto_generated|altsyncram_n761:altsyncram4|ram_block7a43  ; clk          ; clk         ; 1.000        ; 0.022      ; 1.929      ;
; -0.908 ; feistel_algo:decrypt2|altshift_taps:L16_rtl_0|shift_taps_ghm:auto_generated|dffe6 ; feistel_algo:decrypt2|altshift_taps:L16_rtl_0|shift_taps_ghm:auto_generated|altsyncram_n761:altsyncram4|ram_block7a41  ; clk          ; clk         ; 1.000        ; 0.022      ; 1.929      ;
; -0.908 ; feistel_algo:decrypt2|altshift_taps:L16_rtl_0|shift_taps_ghm:auto_generated|dffe6 ; feistel_algo:decrypt2|altshift_taps:L16_rtl_0|shift_taps_ghm:auto_generated|altsyncram_n761:altsyncram4|ram_block7a37  ; clk          ; clk         ; 1.000        ; 0.022      ; 1.929      ;
; -0.908 ; feistel_algo:decrypt2|altshift_taps:L16_rtl_0|shift_taps_ghm:auto_generated|dffe6 ; feistel_algo:decrypt2|altshift_taps:L16_rtl_0|shift_taps_ghm:auto_generated|altsyncram_n761:altsyncram4|ram_block7a33  ; clk          ; clk         ; 1.000        ; 0.022      ; 1.929      ;
; -0.908 ; feistel_algo:decrypt2|altshift_taps:L16_rtl_0|shift_taps_ghm:auto_generated|dffe6 ; feistel_algo:decrypt2|altshift_taps:L16_rtl_0|shift_taps_ghm:auto_generated|altsyncram_n761:altsyncram4|ram_block7a29  ; clk          ; clk         ; 1.000        ; 0.022      ; 1.929      ;
; -0.908 ; feistel_algo:decrypt2|altshift_taps:L16_rtl_0|shift_taps_ghm:auto_generated|dffe6 ; feistel_algo:decrypt2|altshift_taps:L16_rtl_0|shift_taps_ghm:auto_generated|altsyncram_n761:altsyncram4|ram_block7a27  ; clk          ; clk         ; 1.000        ; 0.022      ; 1.929      ;
; -0.908 ; feistel_algo:decrypt2|altshift_taps:L16_rtl_0|shift_taps_ghm:auto_generated|dffe6 ; feistel_algo:decrypt2|altshift_taps:L16_rtl_0|shift_taps_ghm:auto_generated|altsyncram_n761:altsyncram4|ram_block7a25  ; clk          ; clk         ; 1.000        ; 0.022      ; 1.929      ;
; -0.908 ; feistel_algo:decrypt2|altshift_taps:L16_rtl_0|shift_taps_ghm:auto_generated|dffe6 ; feistel_algo:decrypt2|altshift_taps:L16_rtl_0|shift_taps_ghm:auto_generated|altsyncram_n761:altsyncram4|ram_block7a22  ; clk          ; clk         ; 1.000        ; 0.022      ; 1.929      ;
; -0.908 ; feistel_algo:decrypt2|altshift_taps:L16_rtl_0|shift_taps_ghm:auto_generated|dffe6 ; feistel_algo:decrypt2|altshift_taps:L16_rtl_0|shift_taps_ghm:auto_generated|altsyncram_n761:altsyncram4|ram_block7a21  ; clk          ; clk         ; 1.000        ; 0.022      ; 1.929      ;
; -0.908 ; feistel_algo:decrypt2|altshift_taps:L16_rtl_0|shift_taps_ghm:auto_generated|dffe6 ; feistel_algo:decrypt2|altshift_taps:L16_rtl_0|shift_taps_ghm:auto_generated|altsyncram_n761:altsyncram4|ram_block7a20  ; clk          ; clk         ; 1.000        ; 0.022      ; 1.929      ;
; -0.908 ; feistel_algo:decrypt2|altshift_taps:L16_rtl_0|shift_taps_ghm:auto_generated|dffe6 ; feistel_algo:decrypt2|altshift_taps:L16_rtl_0|shift_taps_ghm:auto_generated|altsyncram_n761:altsyncram4|ram_block7a19  ; clk          ; clk         ; 1.000        ; 0.022      ; 1.929      ;
; -0.908 ; feistel_algo:decrypt2|altshift_taps:L16_rtl_0|shift_taps_ghm:auto_generated|dffe6 ; feistel_algo:decrypt2|altshift_taps:L16_rtl_0|shift_taps_ghm:auto_generated|altsyncram_n761:altsyncram4|ram_block7a17  ; clk          ; clk         ; 1.000        ; 0.022      ; 1.929      ;
; -0.908 ; feistel_algo:decrypt2|altshift_taps:L16_rtl_0|shift_taps_ghm:auto_generated|dffe6 ; feistel_algo:decrypt2|altshift_taps:L16_rtl_0|shift_taps_ghm:auto_generated|altsyncram_n761:altsyncram4|ram_block7a14  ; clk          ; clk         ; 1.000        ; 0.022      ; 1.929      ;
; -0.908 ; feistel_algo:decrypt2|altshift_taps:L16_rtl_0|shift_taps_ghm:auto_generated|dffe6 ; feistel_algo:decrypt2|altshift_taps:L16_rtl_0|shift_taps_ghm:auto_generated|altsyncram_n761:altsyncram4|ram_block7a13  ; clk          ; clk         ; 1.000        ; 0.022      ; 1.929      ;
; -0.908 ; feistel_algo:decrypt2|altshift_taps:L16_rtl_0|shift_taps_ghm:auto_generated|dffe6 ; feistel_algo:decrypt2|altshift_taps:L16_rtl_0|shift_taps_ghm:auto_generated|altsyncram_n761:altsyncram4|ram_block7a12  ; clk          ; clk         ; 1.000        ; 0.022      ; 1.929      ;
; -0.908 ; feistel_algo:decrypt2|altshift_taps:L16_rtl_0|shift_taps_ghm:auto_generated|dffe6 ; feistel_algo:decrypt2|altshift_taps:L16_rtl_0|shift_taps_ghm:auto_generated|altsyncram_n761:altsyncram4|ram_block7a9   ; clk          ; clk         ; 1.000        ; 0.022      ; 1.929      ;
; -0.908 ; feistel_algo:decrypt2|altshift_taps:L16_rtl_0|shift_taps_ghm:auto_generated|dffe6 ; feistel_algo:decrypt2|altshift_taps:L16_rtl_0|shift_taps_ghm:auto_generated|altsyncram_n761:altsyncram4|ram_block7a5   ; clk          ; clk         ; 1.000        ; 0.022      ; 1.929      ;
; -0.908 ; feistel_algo:decrypt2|altshift_taps:L16_rtl_0|shift_taps_ghm:auto_generated|dffe6 ; feistel_algo:decrypt2|altshift_taps:L16_rtl_0|shift_taps_ghm:auto_generated|altsyncram_n761:altsyncram4|ram_block7a3   ; clk          ; clk         ; 1.000        ; 0.022      ; 1.929      ;
; -0.908 ; feistel_algo:decrypt2|altshift_taps:L16_rtl_0|shift_taps_ghm:auto_generated|dffe6 ; feistel_algo:decrypt2|altshift_taps:L16_rtl_0|shift_taps_ghm:auto_generated|altsyncram_n761:altsyncram4|ram_block7a1   ; clk          ; clk         ; 1.000        ; 0.022      ; 1.929      ;
; -0.908 ; feistel_algo:decrypt2|altshift_taps:L16_rtl_0|shift_taps_ghm:auto_generated|dffe6 ; feistel_algo:decrypt2|altshift_taps:L16_rtl_0|shift_taps_ghm:auto_generated|altsyncram_n761:altsyncram4|ram_block7a62  ; clk          ; clk         ; 1.000        ; 0.018      ; 1.925      ;
; -0.908 ; feistel_algo:decrypt2|altshift_taps:L16_rtl_0|shift_taps_ghm:auto_generated|dffe6 ; feistel_algo:decrypt2|altshift_taps:L16_rtl_0|shift_taps_ghm:auto_generated|altsyncram_n761:altsyncram4|ram_block7a60  ; clk          ; clk         ; 1.000        ; 0.018      ; 1.925      ;
; -0.908 ; feistel_algo:decrypt2|altshift_taps:L16_rtl_0|shift_taps_ghm:auto_generated|dffe6 ; feistel_algo:decrypt2|altshift_taps:L16_rtl_0|shift_taps_ghm:auto_generated|altsyncram_n761:altsyncram4|ram_block7a58  ; clk          ; clk         ; 1.000        ; 0.018      ; 1.925      ;
; -0.908 ; feistel_algo:decrypt2|altshift_taps:L16_rtl_0|shift_taps_ghm:auto_generated|dffe6 ; feistel_algo:decrypt2|altshift_taps:L16_rtl_0|shift_taps_ghm:auto_generated|altsyncram_n761:altsyncram4|ram_block7a57  ; clk          ; clk         ; 1.000        ; 0.018      ; 1.925      ;
; -0.908 ; feistel_algo:decrypt2|altshift_taps:L16_rtl_0|shift_taps_ghm:auto_generated|dffe6 ; feistel_algo:decrypt2|altshift_taps:L16_rtl_0|shift_taps_ghm:auto_generated|altsyncram_n761:altsyncram4|ram_block7a56  ; clk          ; clk         ; 1.000        ; 0.018      ; 1.925      ;
; -0.908 ; feistel_algo:decrypt2|altshift_taps:L16_rtl_0|shift_taps_ghm:auto_generated|dffe6 ; feistel_algo:decrypt2|altshift_taps:L16_rtl_0|shift_taps_ghm:auto_generated|altsyncram_n761:altsyncram4|ram_block7a54  ; clk          ; clk         ; 1.000        ; 0.018      ; 1.925      ;
; -0.908 ; feistel_algo:decrypt2|altshift_taps:L16_rtl_0|shift_taps_ghm:auto_generated|dffe6 ; feistel_algo:decrypt2|altshift_taps:L16_rtl_0|shift_taps_ghm:auto_generated|altsyncram_n761:altsyncram4|ram_block7a52  ; clk          ; clk         ; 1.000        ; 0.018      ; 1.925      ;
; -0.908 ; feistel_algo:decrypt2|altshift_taps:L16_rtl_0|shift_taps_ghm:auto_generated|dffe6 ; feistel_algo:decrypt2|altshift_taps:L16_rtl_0|shift_taps_ghm:auto_generated|altsyncram_n761:altsyncram4|ram_block7a50  ; clk          ; clk         ; 1.000        ; 0.018      ; 1.925      ;
+--------+-----------------------------------------------------------------------------------+------------------------------------------------------------------------------------------------------------------------+--------------+-------------+--------------+------------+------------+


+------------------------------------------------------------------------------------------------------------------------------------------------------------------------------------------------------------------------------------------------------------------------------------------+
; Fast Model Removal: 'clk'                                                                                                                                                                                                                                                                ;
+-------+-----------------------------------------------------------------------------------+------------------------------------------------------------------------------------------------------------------------+--------------+-------------+--------------+------------+------------+
; Slack ; From Node                                                                         ; To Node                                                                                                                ; Launch Clock ; Latch Clock ; Relationship ; Clock Skew ; Data Delay ;
+-------+-----------------------------------------------------------------------------------+------------------------------------------------------------------------------------------------------------------------+--------------+-------------+--------------+------------+------------+
; 1.769 ; feistel_algo:decrypt2|altshift_taps:L16_rtl_0|shift_taps_ghm:auto_generated|dffe6 ; feistel_algo:decrypt2|altshift_taps:L16_rtl_0|shift_taps_ghm:auto_generated|altsyncram_n761:altsyncram4|ram_block7a127 ; clk          ; clk         ; 0.000        ; 0.034      ; 1.941      ;
; 1.769 ; feistel_algo:decrypt2|altshift_taps:L16_rtl_0|shift_taps_ghm:auto_generated|dffe6 ; feistel_algo:decrypt2|altshift_taps:L16_rtl_0|shift_taps_ghm:auto_generated|altsyncram_n761:altsyncram4|ram_block7a123 ; clk          ; clk         ; 0.000        ; 0.034      ; 1.941      ;
; 1.769 ; feistel_algo:decrypt2|altshift_taps:L16_rtl_0|shift_taps_ghm:auto_generated|dffe6 ; feistel_algo:decrypt2|altshift_taps:L16_rtl_0|shift_taps_ghm:auto_generated|altsyncram_n761:altsyncram4|ram_block7a122 ; clk          ; clk         ; 0.000        ; 0.034      ; 1.941      ;
; 1.769 ; feistel_algo:decrypt2|altshift_taps:L16_rtl_0|shift_taps_ghm:auto_generated|dffe6 ; feistel_algo:decrypt2|altshift_taps:L16_rtl_0|shift_taps_ghm:auto_generated|altsyncram_n761:altsyncram4|ram_block7a121 ; clk          ; clk         ; 0.000        ; 0.034      ; 1.941      ;
; 1.769 ; feistel_algo:decrypt2|altshift_taps:L16_rtl_0|shift_taps_ghm:auto_generated|dffe6 ; feistel_algo:decrypt2|altshift_taps:L16_rtl_0|shift_taps_ghm:auto_generated|altsyncram_n761:altsyncram4|ram_block7a120 ; clk          ; clk         ; 0.000        ; 0.034      ; 1.941      ;
; 1.769 ; feistel_algo:decrypt2|altshift_taps:L16_rtl_0|shift_taps_ghm:auto_generated|dffe6 ; feistel_algo:decrypt2|altshift_taps:L16_rtl_0|shift_taps_ghm:auto_generated|altsyncram_n761:altsyncram4|ram_block7a119 ; clk          ; clk         ; 0.000        ; 0.034      ; 1.941      ;
; 1.769 ; feistel_algo:decrypt2|altshift_taps:L16_rtl_0|shift_taps_ghm:auto_generated|dffe6 ; feistel_algo:decrypt2|altshift_taps:L16_rtl_0|shift_taps_ghm:auto_generated|altsyncram_n761:altsyncram4|ram_block7a117 ; clk          ; clk         ; 0.000        ; 0.034      ; 1.941      ;
; 1.769 ; feistel_algo:decrypt2|altshift_taps:L16_rtl_0|shift_taps_ghm:auto_generated|dffe6 ; feistel_algo:decrypt2|altshift_taps:L16_rtl_0|shift_taps_ghm:auto_generated|altsyncram_n761:altsyncram4|ram_block7a115 ; clk          ; clk         ; 0.000        ; 0.034      ; 1.941      ;
; 1.769 ; feistel_algo:decrypt2|altshift_taps:L16_rtl_0|shift_taps_ghm:auto_generated|dffe6 ; feistel_algo:decrypt2|altshift_taps:L16_rtl_0|shift_taps_ghm:auto_generated|altsyncram_n761:altsyncram4|ram_block7a112 ; clk          ; clk         ; 0.000        ; 0.034      ; 1.941      ;
; 1.769 ; feistel_algo:decrypt2|altshift_taps:L16_rtl_0|shift_taps_ghm:auto_generated|dffe6 ; feistel_algo:decrypt2|altshift_taps:L16_rtl_0|shift_taps_ghm:auto_generated|altsyncram_n761:altsyncram4|ram_block7a111 ; clk          ; clk         ; 0.000        ; 0.034      ; 1.941      ;
; 1.769 ; feistel_algo:decrypt2|altshift_taps:L16_rtl_0|shift_taps_ghm:auto_generated|dffe6 ; feistel_algo:decrypt2|altshift_taps:L16_rtl_0|shift_taps_ghm:auto_generated|altsyncram_n761:altsyncram4|ram_block7a109 ; clk          ; clk         ; 0.000        ; 0.034      ; 1.941      ;
; 1.769 ; feistel_algo:decrypt2|altshift_taps:L16_rtl_0|shift_taps_ghm:auto_generated|dffe6 ; feistel_algo:decrypt2|altshift_taps:L16_rtl_0|shift_taps_ghm:auto_generated|altsyncram_n761:altsyncram4|ram_block7a107 ; clk          ; clk         ; 0.000        ; 0.034      ; 1.941      ;
; 1.769 ; feistel_algo:decrypt2|altshift_taps:L16_rtl_0|shift_taps_ghm:auto_generated|dffe6 ; feistel_algo:decrypt2|altshift_taps:L16_rtl_0|shift_taps_ghm:auto_generated|altsyncram_n761:altsyncram4|ram_block7a104 ; clk          ; clk         ; 0.000        ; 0.034      ; 1.941      ;
; 1.769 ; feistel_algo:decrypt2|altshift_taps:L16_rtl_0|shift_taps_ghm:auto_generated|dffe6 ; feistel_algo:decrypt2|altshift_taps:L16_rtl_0|shift_taps_ghm:auto_generated|altsyncram_n761:altsyncram4|ram_block7a103 ; clk          ; clk         ; 0.000        ; 0.034      ; 1.941      ;
; 1.769 ; feistel_algo:decrypt2|altshift_taps:L16_rtl_0|shift_taps_ghm:auto_generated|dffe6 ; feistel_algo:decrypt2|altshift_taps:L16_rtl_0|shift_taps_ghm:auto_generated|altsyncram_n761:altsyncram4|ram_block7a101 ; clk          ; clk         ; 0.000        ; 0.034      ; 1.941      ;
; 1.769 ; feistel_algo:decrypt2|altshift_taps:L16_rtl_0|shift_taps_ghm:auto_generated|dffe6 ; feistel_algo:decrypt2|altshift_taps:L16_rtl_0|shift_taps_ghm:auto_generated|altsyncram_n761:altsyncram4|ram_block7a100 ; clk          ; clk         ; 0.000        ; 0.034      ; 1.941      ;
; 1.769 ; feistel_algo:decrypt2|altshift_taps:L16_rtl_0|shift_taps_ghm:auto_generated|dffe6 ; feistel_algo:decrypt2|altshift_taps:L16_rtl_0|shift_taps_ghm:auto_generated|altsyncram_n761:altsyncram4|ram_block7a97  ; clk          ; clk         ; 0.000        ; 0.034      ; 1.941      ;
; 1.769 ; feistel_algo:decrypt2|altshift_taps:L16_rtl_0|shift_taps_ghm:auto_generated|dffe6 ; feistel_algo:decrypt2|altshift_taps:L16_rtl_0|shift_taps_ghm:auto_generated|altsyncram_n761:altsyncram4|ram_block7a96  ; clk          ; clk         ; 0.000        ; 0.034      ; 1.941      ;
; 1.769 ; feistel_algo:decrypt2|altshift_taps:L16_rtl_0|shift_taps_ghm:auto_generated|dffe6 ; feistel_algo:decrypt2|altshift_taps:L16_rtl_0|shift_taps_ghm:auto_generated|altsyncram_n761:altsyncram4|ram_block7a95  ; clk          ; clk         ; 0.000        ; 0.034      ; 1.941      ;
; 1.769 ; feistel_algo:decrypt2|altshift_taps:L16_rtl_0|shift_taps_ghm:auto_generated|dffe6 ; feistel_algo:decrypt2|altshift_taps:L16_rtl_0|shift_taps_ghm:auto_generated|altsyncram_n761:altsyncram4|ram_block7a93  ; clk          ; clk         ; 0.000        ; 0.034      ; 1.941      ;
; 1.769 ; feistel_algo:decrypt2|altshift_taps:L16_rtl_0|shift_taps_ghm:auto_generated|dffe6 ; feistel_algo:decrypt2|altshift_taps:L16_rtl_0|shift_taps_ghm:auto_generated|altsyncram_n761:altsyncram4|ram_block7a92  ; clk          ; clk         ; 0.000        ; 0.034      ; 1.941      ;
; 1.769 ; feistel_algo:decrypt2|altshift_taps:L16_rtl_0|shift_taps_ghm:auto_generated|dffe6 ; feistel_algo:decrypt2|altshift_taps:L16_rtl_0|shift_taps_ghm:auto_generated|altsyncram_n761:altsyncram4|ram_block7a89  ; clk          ; clk         ; 0.000        ; 0.034      ; 1.941      ;
; 1.769 ; feistel_algo:decrypt2|altshift_taps:L16_rtl_0|shift_taps_ghm:auto_generated|dffe6 ; feistel_algo:decrypt2|altshift_taps:L16_rtl_0|shift_taps_ghm:auto_generated|altsyncram_n761:altsyncram4|ram_block7a88  ; clk          ; clk         ; 0.000        ; 0.034      ; 1.941      ;
; 1.769 ; feistel_algo:decrypt2|altshift_taps:L16_rtl_0|shift_taps_ghm:auto_generated|dffe6 ; feistel_algo:decrypt2|altshift_taps:L16_rtl_0|shift_taps_ghm:auto_generated|altsyncram_n761:altsyncram4|ram_block7a87  ; clk          ; clk         ; 0.000        ; 0.034      ; 1.941      ;
; 1.769 ; feistel_algo:decrypt2|altshift_taps:L16_rtl_0|shift_taps_ghm:auto_generated|dffe6 ; feistel_algo:decrypt2|altshift_taps:L16_rtl_0|shift_taps_ghm:auto_generated|altsyncram_n761:altsyncram4|ram_block7a85  ; clk          ; clk         ; 0.000        ; 0.034      ; 1.941      ;
; 1.769 ; feistel_algo:decrypt2|altshift_taps:L16_rtl_0|shift_taps_ghm:auto_generated|dffe6 ; feistel_algo:decrypt2|altshift_taps:L16_rtl_0|shift_taps_ghm:auto_generated|altsyncram_n761:altsyncram4|ram_block7a84  ; clk          ; clk         ; 0.000        ; 0.034      ; 1.941      ;
; 1.769 ; feistel_algo:decrypt2|altshift_taps:L16_rtl_0|shift_taps_ghm:auto_generated|dffe6 ; feistel_algo:decrypt2|altshift_taps:L16_rtl_0|shift_taps_ghm:auto_generated|altsyncram_n761:altsyncram4|ram_block7a81  ; clk          ; clk         ; 0.000        ; 0.034      ; 1.941      ;
; 1.769 ; feistel_algo:decrypt2|altshift_taps:L16_rtl_0|shift_taps_ghm:auto_generated|dffe6 ; feistel_algo:decrypt2|altshift_taps:L16_rtl_0|shift_taps_ghm:auto_generated|altsyncram_n761:altsyncram4|ram_block7a79  ; clk          ; clk         ; 0.000        ; 0.034      ; 1.941      ;
; 1.769 ; feistel_algo:decrypt2|altshift_taps:L16_rtl_0|shift_taps_ghm:auto_generated|dffe6 ; feistel_algo:decrypt2|altshift_taps:L16_rtl_0|shift_taps_ghm:auto_generated|altsyncram_n761:altsyncram4|ram_block7a77  ; clk          ; clk         ; 0.000        ; 0.034      ; 1.941      ;
; 1.769 ; feistel_algo:decrypt2|altshift_taps:L16_rtl_0|shift_taps_ghm:auto_generated|dffe6 ; feistel_algo:decrypt2|altshift_taps:L16_rtl_0|shift_taps_ghm:auto_generated|altsyncram_n761:altsyncram4|ram_block7a76  ; clk          ; clk         ; 0.000        ; 0.034      ; 1.941      ;
; 1.769 ; feistel_algo:decrypt2|altshift_taps:L16_rtl_0|shift_taps_ghm:auto_generated|dffe6 ; feistel_algo:decrypt2|altshift_taps:L16_rtl_0|shift_taps_ghm:auto_generated|altsyncram_n761:altsyncram4|ram_block7a73  ; clk          ; clk         ; 0.000        ; 0.034      ; 1.941      ;
; 1.769 ; feistel_algo:decrypt2|altshift_taps:L16_rtl_0|shift_taps_ghm:auto_generated|dffe6 ; feistel_algo:decrypt2|altshift_taps:L16_rtl_0|shift_taps_ghm:auto_generated|altsyncram_n761:altsyncram4|ram_block7a70  ; clk          ; clk         ; 0.000        ; 0.034      ; 1.941      ;
; 1.769 ; feistel_algo:decrypt2|altshift_taps:L16_rtl_0|shift_taps_ghm:auto_generated|dffe6 ; feistel_algo:decrypt2|altshift_taps:L16_rtl_0|shift_taps_ghm:auto_generated|altsyncram_n761:altsyncram4|ram_block7a69  ; clk          ; clk         ; 0.000        ; 0.034      ; 1.941      ;
; 1.769 ; feistel_algo:decrypt2|altshift_taps:L16_rtl_0|shift_taps_ghm:auto_generated|dffe6 ; feistel_algo:decrypt2|altshift_taps:L16_rtl_0|shift_taps_ghm:auto_generated|altsyncram_n761:altsyncram4|ram_block7a68  ; clk          ; clk         ; 0.000        ; 0.034      ; 1.941      ;
; 1.769 ; feistel_algo:decrypt2|altshift_taps:L16_rtl_0|shift_taps_ghm:auto_generated|dffe6 ; feistel_algo:decrypt2|altshift_taps:L16_rtl_0|shift_taps_ghm:auto_generated|altsyncram_n761:altsyncram4|ram_block7a65  ; clk          ; clk         ; 0.000        ; 0.034      ; 1.941      ;
; 1.769 ; feistel_algo:decrypt2|altshift_taps:L16_rtl_0|shift_taps_ghm:auto_generated|dffe6 ; feistel_algo:decrypt2|altshift_taps:L16_rtl_0|shift_taps_ghm:auto_generated|altsyncram_n761:altsyncram4|ram_block7a64  ; clk          ; clk         ; 0.000        ; 0.034      ; 1.941      ;
; 1.769 ; feistel_algo:decrypt2|altshift_taps:L16_rtl_0|shift_taps_ghm:auto_generated|dffe6 ; feistel_algo:decrypt2|altshift_taps:L16_rtl_0|shift_taps_ghm:auto_generated|altsyncram_n761:altsyncram4|ram_block7a124 ; clk          ; clk         ; 0.000        ; 0.038      ; 1.945      ;
; 1.769 ; feistel_algo:decrypt2|altshift_taps:L16_rtl_0|shift_taps_ghm:auto_generated|dffe6 ; feistel_algo:decrypt2|altshift_taps:L16_rtl_0|shift_taps_ghm:auto_generated|altsyncram_n761:altsyncram4|ram_block7a118 ; clk          ; clk         ; 0.000        ; 0.038      ; 1.945      ;
; 1.769 ; feistel_algo:decrypt2|altshift_taps:L16_rtl_0|shift_taps_ghm:auto_generated|dffe6 ; feistel_algo:decrypt2|altshift_taps:L16_rtl_0|shift_taps_ghm:auto_generated|altsyncram_n761:altsyncram4|ram_block7a116 ; clk          ; clk         ; 0.000        ; 0.038      ; 1.945      ;
; 1.769 ; feistel_algo:decrypt2|altshift_taps:L16_rtl_0|shift_taps_ghm:auto_generated|dffe6 ; feistel_algo:decrypt2|altshift_taps:L16_rtl_0|shift_taps_ghm:auto_generated|altsyncram_n761:altsyncram4|ram_block7a114 ; clk          ; clk         ; 0.000        ; 0.038      ; 1.945      ;
; 1.769 ; feistel_algo:decrypt2|altshift_taps:L16_rtl_0|shift_taps_ghm:auto_generated|dffe6 ; feistel_algo:decrypt2|altshift_taps:L16_rtl_0|shift_taps_ghm:auto_generated|altsyncram_n761:altsyncram4|ram_block7a113 ; clk          ; clk         ; 0.000        ; 0.038      ; 1.945      ;
; 1.769 ; feistel_algo:decrypt2|altshift_taps:L16_rtl_0|shift_taps_ghm:auto_generated|dffe6 ; feistel_algo:decrypt2|altshift_taps:L16_rtl_0|shift_taps_ghm:auto_generated|altsyncram_n761:altsyncram4|ram_block7a110 ; clk          ; clk         ; 0.000        ; 0.038      ; 1.945      ;
; 1.769 ; feistel_algo:decrypt2|altshift_taps:L16_rtl_0|shift_taps_ghm:auto_generated|dffe6 ; feistel_algo:decrypt2|altshift_taps:L16_rtl_0|shift_taps_ghm:auto_generated|altsyncram_n761:altsyncram4|ram_block7a108 ; clk          ; clk         ; 0.000        ; 0.038      ; 1.945      ;
; 1.769 ; feistel_algo:decrypt2|altshift_taps:L16_rtl_0|shift_taps_ghm:auto_generated|dffe6 ; feistel_algo:decrypt2|altshift_taps:L16_rtl_0|shift_taps_ghm:auto_generated|altsyncram_n761:altsyncram4|ram_block7a106 ; clk          ; clk         ; 0.000        ; 0.038      ; 1.945      ;
; 1.769 ; feistel_algo:decrypt2|altshift_taps:L16_rtl_0|shift_taps_ghm:auto_generated|dffe6 ; feistel_algo:decrypt2|altshift_taps:L16_rtl_0|shift_taps_ghm:auto_generated|altsyncram_n761:altsyncram4|ram_block7a105 ; clk          ; clk         ; 0.000        ; 0.038      ; 1.945      ;
; 1.769 ; feistel_algo:decrypt2|altshift_taps:L16_rtl_0|shift_taps_ghm:auto_generated|dffe6 ; feistel_algo:decrypt2|altshift_taps:L16_rtl_0|shift_taps_ghm:auto_generated|altsyncram_n761:altsyncram4|ram_block7a102 ; clk          ; clk         ; 0.000        ; 0.038      ; 1.945      ;
; 1.769 ; feistel_algo:decrypt2|altshift_taps:L16_rtl_0|shift_taps_ghm:auto_generated|dffe6 ; feistel_algo:decrypt2|altshift_taps:L16_rtl_0|shift_taps_ghm:auto_generated|altsyncram_n761:altsyncram4|ram_block7a98  ; clk          ; clk         ; 0.000        ; 0.038      ; 1.945      ;
; 1.769 ; feistel_algo:decrypt2|altshift_taps:L16_rtl_0|shift_taps_ghm:auto_generated|dffe6 ; feistel_algo:decrypt2|altshift_taps:L16_rtl_0|shift_taps_ghm:auto_generated|altsyncram_n761:altsyncram4|ram_block7a94  ; clk          ; clk         ; 0.000        ; 0.038      ; 1.945      ;
; 1.769 ; feistel_algo:decrypt2|altshift_taps:L16_rtl_0|shift_taps_ghm:auto_generated|dffe6 ; feistel_algo:decrypt2|altshift_taps:L16_rtl_0|shift_taps_ghm:auto_generated|altsyncram_n761:altsyncram4|ram_block7a90  ; clk          ; clk         ; 0.000        ; 0.038      ; 1.945      ;
; 1.769 ; feistel_algo:decrypt2|altshift_taps:L16_rtl_0|shift_taps_ghm:auto_generated|dffe6 ; feistel_algo:decrypt2|altshift_taps:L16_rtl_0|shift_taps_ghm:auto_generated|altsyncram_n761:altsyncram4|ram_block7a86  ; clk          ; clk         ; 0.000        ; 0.038      ; 1.945      ;
; 1.769 ; feistel_algo:decrypt2|altshift_taps:L16_rtl_0|shift_taps_ghm:auto_generated|dffe6 ; feistel_algo:decrypt2|altshift_taps:L16_rtl_0|shift_taps_ghm:auto_generated|altsyncram_n761:altsyncram4|ram_block7a82  ; clk          ; clk         ; 0.000        ; 0.038      ; 1.945      ;
; 1.769 ; feistel_algo:decrypt2|altshift_taps:L16_rtl_0|shift_taps_ghm:auto_generated|dffe6 ; feistel_algo:decrypt2|altshift_taps:L16_rtl_0|shift_taps_ghm:auto_generated|altsyncram_n761:altsyncram4|ram_block7a80  ; clk          ; clk         ; 0.000        ; 0.038      ; 1.945      ;
; 1.769 ; feistel_algo:decrypt2|altshift_taps:L16_rtl_0|shift_taps_ghm:auto_generated|dffe6 ; feistel_algo:decrypt2|altshift_taps:L16_rtl_0|shift_taps_ghm:auto_generated|altsyncram_n761:altsyncram4|ram_block7a78  ; clk          ; clk         ; 0.000        ; 0.038      ; 1.945      ;
; 1.769 ; feistel_algo:decrypt2|altshift_taps:L16_rtl_0|shift_taps_ghm:auto_generated|dffe6 ; feistel_algo:decrypt2|altshift_taps:L16_rtl_0|shift_taps_ghm:auto_generated|altsyncram_n761:altsyncram4|ram_block7a74  ; clk          ; clk         ; 0.000        ; 0.038      ; 1.945      ;
; 1.769 ; feistel_algo:decrypt2|altshift_taps:L16_rtl_0|shift_taps_ghm:auto_generated|dffe6 ; feistel_algo:decrypt2|altshift_taps:L16_rtl_0|shift_taps_ghm:auto_generated|altsyncram_n761:altsyncram4|ram_block7a72  ; clk          ; clk         ; 0.000        ; 0.038      ; 1.945      ;
; 1.769 ; feistel_algo:decrypt2|altshift_taps:L16_rtl_0|shift_taps_ghm:auto_generated|dffe6 ; feistel_algo:decrypt2|altshift_taps:L16_rtl_0|shift_taps_ghm:auto_generated|altsyncram_n761:altsyncram4|ram_block7a66  ; clk          ; clk         ; 0.000        ; 0.038      ; 1.945      ;
; 1.769 ; feistel_algo:decrypt2|altshift_taps:L16_rtl_0|shift_taps_ghm:auto_generated|dffe6 ; feistel_algo:decrypt2|altshift_taps:L16_rtl_0|shift_taps_ghm:auto_generated|altsyncram_n761:altsyncram4|ram_block7a126 ; clk          ; clk         ; 0.000        ; 0.022      ; 1.929      ;
; 1.769 ; feistel_algo:decrypt2|altshift_taps:L16_rtl_0|shift_taps_ghm:auto_generated|dffe6 ; feistel_algo:decrypt2|altshift_taps:L16_rtl_0|shift_taps_ghm:auto_generated|altsyncram_n761:altsyncram4|ram_block7a125 ; clk          ; clk         ; 0.000        ; 0.022      ; 1.929      ;
; 1.769 ; feistel_algo:decrypt2|altshift_taps:L16_rtl_0|shift_taps_ghm:auto_generated|dffe6 ; feistel_algo:decrypt2|altshift_taps:L16_rtl_0|shift_taps_ghm:auto_generated|altsyncram_n761:altsyncram4|ram_block7a99  ; clk          ; clk         ; 0.000        ; 0.022      ; 1.929      ;
; 1.769 ; feistel_algo:decrypt2|altshift_taps:L16_rtl_0|shift_taps_ghm:auto_generated|dffe6 ; feistel_algo:decrypt2|altshift_taps:L16_rtl_0|shift_taps_ghm:auto_generated|altsyncram_n761:altsyncram4|ram_block7a91  ; clk          ; clk         ; 0.000        ; 0.022      ; 1.929      ;
; 1.769 ; feistel_algo:decrypt2|altshift_taps:L16_rtl_0|shift_taps_ghm:auto_generated|dffe6 ; feistel_algo:decrypt2|altshift_taps:L16_rtl_0|shift_taps_ghm:auto_generated|altsyncram_n761:altsyncram4|ram_block7a83  ; clk          ; clk         ; 0.000        ; 0.022      ; 1.929      ;
; 1.769 ; feistel_algo:decrypt2|altshift_taps:L16_rtl_0|shift_taps_ghm:auto_generated|dffe6 ; feistel_algo:decrypt2|altshift_taps:L16_rtl_0|shift_taps_ghm:auto_generated|altsyncram_n761:altsyncram4|ram_block7a75  ; clk          ; clk         ; 0.000        ; 0.022      ; 1.929      ;
; 1.769 ; feistel_algo:decrypt2|altshift_taps:L16_rtl_0|shift_taps_ghm:auto_generated|dffe6 ; feistel_algo:decrypt2|altshift_taps:L16_rtl_0|shift_taps_ghm:auto_generated|altsyncram_n761:altsyncram4|ram_block7a71  ; clk          ; clk         ; 0.000        ; 0.022      ; 1.929      ;
; 1.769 ; feistel_algo:decrypt2|altshift_taps:L16_rtl_0|shift_taps_ghm:auto_generated|dffe6 ; feistel_algo:decrypt2|altshift_taps:L16_rtl_0|shift_taps_ghm:auto_generated|altsyncram_n761:altsyncram4|ram_block7a67  ; clk          ; clk         ; 0.000        ; 0.022      ; 1.929      ;
; 1.769 ; feistel_algo:decrypt2|altshift_taps:L16_rtl_0|shift_taps_ghm:auto_generated|dffe6 ; feistel_algo:decrypt2|altshift_taps:L16_rtl_0|shift_taps_ghm:auto_generated|altsyncram_n761:altsyncram4|ram_block7a63  ; clk          ; clk         ; 0.000        ; 0.022      ; 1.929      ;
; 1.769 ; feistel_algo:decrypt2|altshift_taps:L16_rtl_0|shift_taps_ghm:auto_generated|dffe6 ; feistel_algo:decrypt2|altshift_taps:L16_rtl_0|shift_taps_ghm:auto_generated|altsyncram_n761:altsyncram4|ram_block7a61  ; clk          ; clk         ; 0.000        ; 0.022      ; 1.929      ;
; 1.769 ; feistel_algo:decrypt2|altshift_taps:L16_rtl_0|shift_taps_ghm:auto_generated|dffe6 ; feistel_algo:decrypt2|altshift_taps:L16_rtl_0|shift_taps_ghm:auto_generated|altsyncram_n761:altsyncram4|ram_block7a59  ; clk          ; clk         ; 0.000        ; 0.022      ; 1.929      ;
; 1.769 ; feistel_algo:decrypt2|altshift_taps:L16_rtl_0|shift_taps_ghm:auto_generated|dffe6 ; feistel_algo:decrypt2|altshift_taps:L16_rtl_0|shift_taps_ghm:auto_generated|altsyncram_n761:altsyncram4|ram_block7a55  ; clk          ; clk         ; 0.000        ; 0.022      ; 1.929      ;
; 1.769 ; feistel_algo:decrypt2|altshift_taps:L16_rtl_0|shift_taps_ghm:auto_generated|dffe6 ; feistel_algo:decrypt2|altshift_taps:L16_rtl_0|shift_taps_ghm:auto_generated|altsyncram_n761:altsyncram4|ram_block7a53  ; clk          ; clk         ; 0.000        ; 0.022      ; 1.929      ;
; 1.769 ; feistel_algo:decrypt2|altshift_taps:L16_rtl_0|shift_taps_ghm:auto_generated|dffe6 ; feistel_algo:decrypt2|altshift_taps:L16_rtl_0|shift_taps_ghm:auto_generated|altsyncram_n761:altsyncram4|ram_block7a51  ; clk          ; clk         ; 0.000        ; 0.022      ; 1.929      ;
; 1.769 ; feistel_algo:decrypt2|altshift_taps:L16_rtl_0|shift_taps_ghm:auto_generated|dffe6 ; feistel_algo:decrypt2|altshift_taps:L16_rtl_0|shift_taps_ghm:auto_generated|altsyncram_n761:altsyncram4|ram_block7a49  ; clk          ; clk         ; 0.000        ; 0.022      ; 1.929      ;
; 1.769 ; feistel_algo:decrypt2|altshift_taps:L16_rtl_0|shift_taps_ghm:auto_generated|dffe6 ; feistel_algo:decrypt2|altshift_taps:L16_rtl_0|shift_taps_ghm:auto_generated|altsyncram_n761:altsyncram4|ram_block7a47  ; clk          ; clk         ; 0.000        ; 0.022      ; 1.929      ;
; 1.769 ; feistel_algo:decrypt2|altshift_taps:L16_rtl_0|shift_taps_ghm:auto_generated|dffe6 ; feistel_algo:decrypt2|altshift_taps:L16_rtl_0|shift_taps_ghm:auto_generated|altsyncram_n761:altsyncram4|ram_block7a45  ; clk          ; clk         ; 0.000        ; 0.022      ; 1.929      ;
; 1.769 ; feistel_algo:decrypt2|altshift_taps:L16_rtl_0|shift_taps_ghm:auto_generated|dffe6 ; feistel_algo:decrypt2|altshift_taps:L16_rtl_0|shift_taps_ghm:auto_generated|altsyncram_n761:altsyncram4|ram_block7a43  ; clk          ; clk         ; 0.000        ; 0.022      ; 1.929      ;
; 1.769 ; feistel_algo:decrypt2|altshift_taps:L16_rtl_0|shift_taps_ghm:auto_generated|dffe6 ; feistel_algo:decrypt2|altshift_taps:L16_rtl_0|shift_taps_ghm:auto_generated|altsyncram_n761:altsyncram4|ram_block7a41  ; clk          ; clk         ; 0.000        ; 0.022      ; 1.929      ;
; 1.769 ; feistel_algo:decrypt2|altshift_taps:L16_rtl_0|shift_taps_ghm:auto_generated|dffe6 ; feistel_algo:decrypt2|altshift_taps:L16_rtl_0|shift_taps_ghm:auto_generated|altsyncram_n761:altsyncram4|ram_block7a37  ; clk          ; clk         ; 0.000        ; 0.022      ; 1.929      ;
; 1.769 ; feistel_algo:decrypt2|altshift_taps:L16_rtl_0|shift_taps_ghm:auto_generated|dffe6 ; feistel_algo:decrypt2|altshift_taps:L16_rtl_0|shift_taps_ghm:auto_generated|altsyncram_n761:altsyncram4|ram_block7a33  ; clk          ; clk         ; 0.000        ; 0.022      ; 1.929      ;
; 1.769 ; feistel_algo:decrypt2|altshift_taps:L16_rtl_0|shift_taps_ghm:auto_generated|dffe6 ; feistel_algo:decrypt2|altshift_taps:L16_rtl_0|shift_taps_ghm:auto_generated|altsyncram_n761:altsyncram4|ram_block7a29  ; clk          ; clk         ; 0.000        ; 0.022      ; 1.929      ;
; 1.769 ; feistel_algo:decrypt2|altshift_taps:L16_rtl_0|shift_taps_ghm:auto_generated|dffe6 ; feistel_algo:decrypt2|altshift_taps:L16_rtl_0|shift_taps_ghm:auto_generated|altsyncram_n761:altsyncram4|ram_block7a27  ; clk          ; clk         ; 0.000        ; 0.022      ; 1.929      ;
; 1.769 ; feistel_algo:decrypt2|altshift_taps:L16_rtl_0|shift_taps_ghm:auto_generated|dffe6 ; feistel_algo:decrypt2|altshift_taps:L16_rtl_0|shift_taps_ghm:auto_generated|altsyncram_n761:altsyncram4|ram_block7a25  ; clk          ; clk         ; 0.000        ; 0.022      ; 1.929      ;
; 1.769 ; feistel_algo:decrypt2|altshift_taps:L16_rtl_0|shift_taps_ghm:auto_generated|dffe6 ; feistel_algo:decrypt2|altshift_taps:L16_rtl_0|shift_taps_ghm:auto_generated|altsyncram_n761:altsyncram4|ram_block7a22  ; clk          ; clk         ; 0.000        ; 0.022      ; 1.929      ;
; 1.769 ; feistel_algo:decrypt2|altshift_taps:L16_rtl_0|shift_taps_ghm:auto_generated|dffe6 ; feistel_algo:decrypt2|altshift_taps:L16_rtl_0|shift_taps_ghm:auto_generated|altsyncram_n761:altsyncram4|ram_block7a21  ; clk          ; clk         ; 0.000        ; 0.022      ; 1.929      ;
; 1.769 ; feistel_algo:decrypt2|altshift_taps:L16_rtl_0|shift_taps_ghm:auto_generated|dffe6 ; feistel_algo:decrypt2|altshift_taps:L16_rtl_0|shift_taps_ghm:auto_generated|altsyncram_n761:altsyncram4|ram_block7a20  ; clk          ; clk         ; 0.000        ; 0.022      ; 1.929      ;
; 1.769 ; feistel_algo:decrypt2|altshift_taps:L16_rtl_0|shift_taps_ghm:auto_generated|dffe6 ; feistel_algo:decrypt2|altshift_taps:L16_rtl_0|shift_taps_ghm:auto_generated|altsyncram_n761:altsyncram4|ram_block7a19  ; clk          ; clk         ; 0.000        ; 0.022      ; 1.929      ;
; 1.769 ; feistel_algo:decrypt2|altshift_taps:L16_rtl_0|shift_taps_ghm:auto_generated|dffe6 ; feistel_algo:decrypt2|altshift_taps:L16_rtl_0|shift_taps_ghm:auto_generated|altsyncram_n761:altsyncram4|ram_block7a17  ; clk          ; clk         ; 0.000        ; 0.022      ; 1.929      ;
; 1.769 ; feistel_algo:decrypt2|altshift_taps:L16_rtl_0|shift_taps_ghm:auto_generated|dffe6 ; feistel_algo:decrypt2|altshift_taps:L16_rtl_0|shift_taps_ghm:auto_generated|altsyncram_n761:altsyncram4|ram_block7a14  ; clk          ; clk         ; 0.000        ; 0.022      ; 1.929      ;
; 1.769 ; feistel_algo:decrypt2|altshift_taps:L16_rtl_0|shift_taps_ghm:auto_generated|dffe6 ; feistel_algo:decrypt2|altshift_taps:L16_rtl_0|shift_taps_ghm:auto_generated|altsyncram_n761:altsyncram4|ram_block7a13  ; clk          ; clk         ; 0.000        ; 0.022      ; 1.929      ;
; 1.769 ; feistel_algo:decrypt2|altshift_taps:L16_rtl_0|shift_taps_ghm:auto_generated|dffe6 ; feistel_algo:decrypt2|altshift_taps:L16_rtl_0|shift_taps_ghm:auto_generated|altsyncram_n761:altsyncram4|ram_block7a12  ; clk          ; clk         ; 0.000        ; 0.022      ; 1.929      ;
; 1.769 ; feistel_algo:decrypt2|altshift_taps:L16_rtl_0|shift_taps_ghm:auto_generated|dffe6 ; feistel_algo:decrypt2|altshift_taps:L16_rtl_0|shift_taps_ghm:auto_generated|altsyncram_n761:altsyncram4|ram_block7a9   ; clk          ; clk         ; 0.000        ; 0.022      ; 1.929      ;
; 1.769 ; feistel_algo:decrypt2|altshift_taps:L16_rtl_0|shift_taps_ghm:auto_generated|dffe6 ; feistel_algo:decrypt2|altshift_taps:L16_rtl_0|shift_taps_ghm:auto_generated|altsyncram_n761:altsyncram4|ram_block7a5   ; clk          ; clk         ; 0.000        ; 0.022      ; 1.929      ;
; 1.769 ; feistel_algo:decrypt2|altshift_taps:L16_rtl_0|shift_taps_ghm:auto_generated|dffe6 ; feistel_algo:decrypt2|altshift_taps:L16_rtl_0|shift_taps_ghm:auto_generated|altsyncram_n761:altsyncram4|ram_block7a3   ; clk          ; clk         ; 0.000        ; 0.022      ; 1.929      ;
; 1.769 ; feistel_algo:decrypt2|altshift_taps:L16_rtl_0|shift_taps_ghm:auto_generated|dffe6 ; feistel_algo:decrypt2|altshift_taps:L16_rtl_0|shift_taps_ghm:auto_generated|altsyncram_n761:altsyncram4|ram_block7a1   ; clk          ; clk         ; 0.000        ; 0.022      ; 1.929      ;
; 1.769 ; feistel_algo:decrypt2|altshift_taps:L16_rtl_0|shift_taps_ghm:auto_generated|dffe6 ; feistel_algo:decrypt2|altshift_taps:L16_rtl_0|shift_taps_ghm:auto_generated|altsyncram_n761:altsyncram4|ram_block7a62  ; clk          ; clk         ; 0.000        ; 0.018      ; 1.925      ;
; 1.769 ; feistel_algo:decrypt2|altshift_taps:L16_rtl_0|shift_taps_ghm:auto_generated|dffe6 ; feistel_algo:decrypt2|altshift_taps:L16_rtl_0|shift_taps_ghm:auto_generated|altsyncram_n761:altsyncram4|ram_block7a60  ; clk          ; clk         ; 0.000        ; 0.018      ; 1.925      ;
; 1.769 ; feistel_algo:decrypt2|altshift_taps:L16_rtl_0|shift_taps_ghm:auto_generated|dffe6 ; feistel_algo:decrypt2|altshift_taps:L16_rtl_0|shift_taps_ghm:auto_generated|altsyncram_n761:altsyncram4|ram_block7a58  ; clk          ; clk         ; 0.000        ; 0.018      ; 1.925      ;
; 1.769 ; feistel_algo:decrypt2|altshift_taps:L16_rtl_0|shift_taps_ghm:auto_generated|dffe6 ; feistel_algo:decrypt2|altshift_taps:L16_rtl_0|shift_taps_ghm:auto_generated|altsyncram_n761:altsyncram4|ram_block7a57  ; clk          ; clk         ; 0.000        ; 0.018      ; 1.925      ;
; 1.769 ; feistel_algo:decrypt2|altshift_taps:L16_rtl_0|shift_taps_ghm:auto_generated|dffe6 ; feistel_algo:decrypt2|altshift_taps:L16_rtl_0|shift_taps_ghm:auto_generated|altsyncram_n761:altsyncram4|ram_block7a56  ; clk          ; clk         ; 0.000        ; 0.018      ; 1.925      ;
; 1.769 ; feistel_algo:decrypt2|altshift_taps:L16_rtl_0|shift_taps_ghm:auto_generated|dffe6 ; feistel_algo:decrypt2|altshift_taps:L16_rtl_0|shift_taps_ghm:auto_generated|altsyncram_n761:altsyncram4|ram_block7a54  ; clk          ; clk         ; 0.000        ; 0.018      ; 1.925      ;
; 1.769 ; feistel_algo:decrypt2|altshift_taps:L16_rtl_0|shift_taps_ghm:auto_generated|dffe6 ; feistel_algo:decrypt2|altshift_taps:L16_rtl_0|shift_taps_ghm:auto_generated|altsyncram_n761:altsyncram4|ram_block7a52  ; clk          ; clk         ; 0.000        ; 0.018      ; 1.925      ;
; 1.769 ; feistel_algo:decrypt2|altshift_taps:L16_rtl_0|shift_taps_ghm:auto_generated|dffe6 ; feistel_algo:decrypt2|altshift_taps:L16_rtl_0|shift_taps_ghm:auto_generated|altsyncram_n761:altsyncram4|ram_block7a50  ; clk          ; clk         ; 0.000        ; 0.018      ; 1.925      ;
+-------+-----------------------------------------------------------------------------------+------------------------------------------------------------------------------------------------------------------------+--------------+-------------+--------------+------------+------------+


+---------------------------------------------------------------------------------------------------------------------------------------------------------------------------------------------------------------------------+
; Fast Model Minimum Pulse Width: 'clk'                                                                                                                                                                                     ;
+--------+--------------+----------------+------------------+-------+------------+------------------------------------------------------------------------------------------------------------------------------------------+
; Slack  ; Actual Width ; Required Width ; Type             ; Clock ; Clock Edge ; Target                                                                                                                                   ;
+--------+--------------+----------------+------------------+-------+------------+------------------------------------------------------------------------------------------------------------------------------------------+
; -1.627 ; 0.500        ; 2.127          ; High Pulse Width ; clk   ; Rise       ; feistel_algo:decrypt2|altshift_taps:L16_rtl_0|shift_taps_ghm:auto_generated|altsyncram_n761:altsyncram4|ram_block7a0                     ;
; -1.627 ; 0.500        ; 2.127          ; Low Pulse Width  ; clk   ; Rise       ; feistel_algo:decrypt2|altshift_taps:L16_rtl_0|shift_taps_ghm:auto_generated|altsyncram_n761:altsyncram4|ram_block7a0                     ;
; -1.627 ; 0.500        ; 2.127          ; High Pulse Width ; clk   ; Rise       ; feistel_algo:decrypt2|altshift_taps:L16_rtl_0|shift_taps_ghm:auto_generated|altsyncram_n761:altsyncram4|ram_block7a0~porta_address_reg0  ;
; -1.627 ; 0.500        ; 2.127          ; Low Pulse Width  ; clk   ; Rise       ; feistel_algo:decrypt2|altshift_taps:L16_rtl_0|shift_taps_ghm:auto_generated|altsyncram_n761:altsyncram4|ram_block7a0~porta_address_reg0  ;
; -1.627 ; 0.500        ; 2.127          ; High Pulse Width ; clk   ; Rise       ; feistel_algo:decrypt2|altshift_taps:L16_rtl_0|shift_taps_ghm:auto_generated|altsyncram_n761:altsyncram4|ram_block7a0~porta_address_reg1  ;
; -1.627 ; 0.500        ; 2.127          ; Low Pulse Width  ; clk   ; Rise       ; feistel_algo:decrypt2|altshift_taps:L16_rtl_0|shift_taps_ghm:auto_generated|altsyncram_n761:altsyncram4|ram_block7a0~porta_address_reg1  ;
; -1.627 ; 0.500        ; 2.127          ; High Pulse Width ; clk   ; Rise       ; feistel_algo:decrypt2|altshift_taps:L16_rtl_0|shift_taps_ghm:auto_generated|altsyncram_n761:altsyncram4|ram_block7a0~porta_datain_reg0   ;
; -1.627 ; 0.500        ; 2.127          ; Low Pulse Width  ; clk   ; Rise       ; feistel_algo:decrypt2|altshift_taps:L16_rtl_0|shift_taps_ghm:auto_generated|altsyncram_n761:altsyncram4|ram_block7a0~porta_datain_reg0   ;
; -1.627 ; 0.500        ; 2.127          ; High Pulse Width ; clk   ; Rise       ; feistel_algo:decrypt2|altshift_taps:L16_rtl_0|shift_taps_ghm:auto_generated|altsyncram_n761:altsyncram4|ram_block7a0~porta_datain_reg1   ;
; -1.627 ; 0.500        ; 2.127          ; Low Pulse Width  ; clk   ; Rise       ; feistel_algo:decrypt2|altshift_taps:L16_rtl_0|shift_taps_ghm:auto_generated|altsyncram_n761:altsyncram4|ram_block7a0~porta_datain_reg1   ;
; -1.627 ; 0.500        ; 2.127          ; High Pulse Width ; clk   ; Rise       ; feistel_algo:decrypt2|altshift_taps:L16_rtl_0|shift_taps_ghm:auto_generated|altsyncram_n761:altsyncram4|ram_block7a0~porta_datain_reg10  ;
; -1.627 ; 0.500        ; 2.127          ; Low Pulse Width  ; clk   ; Rise       ; feistel_algo:decrypt2|altshift_taps:L16_rtl_0|shift_taps_ghm:auto_generated|altsyncram_n761:altsyncram4|ram_block7a0~porta_datain_reg10  ;
; -1.627 ; 0.500        ; 2.127          ; High Pulse Width ; clk   ; Rise       ; feistel_algo:decrypt2|altshift_taps:L16_rtl_0|shift_taps_ghm:auto_generated|altsyncram_n761:altsyncram4|ram_block7a0~porta_datain_reg11  ;
; -1.627 ; 0.500        ; 2.127          ; Low Pulse Width  ; clk   ; Rise       ; feistel_algo:decrypt2|altshift_taps:L16_rtl_0|shift_taps_ghm:auto_generated|altsyncram_n761:altsyncram4|ram_block7a0~porta_datain_reg11  ;
; -1.627 ; 0.500        ; 2.127          ; High Pulse Width ; clk   ; Rise       ; feistel_algo:decrypt2|altshift_taps:L16_rtl_0|shift_taps_ghm:auto_generated|altsyncram_n761:altsyncram4|ram_block7a0~porta_datain_reg12  ;
; -1.627 ; 0.500        ; 2.127          ; Low Pulse Width  ; clk   ; Rise       ; feistel_algo:decrypt2|altshift_taps:L16_rtl_0|shift_taps_ghm:auto_generated|altsyncram_n761:altsyncram4|ram_block7a0~porta_datain_reg12  ;
; -1.627 ; 0.500        ; 2.127          ; High Pulse Width ; clk   ; Rise       ; feistel_algo:decrypt2|altshift_taps:L16_rtl_0|shift_taps_ghm:auto_generated|altsyncram_n761:altsyncram4|ram_block7a0~porta_datain_reg13  ;
; -1.627 ; 0.500        ; 2.127          ; Low Pulse Width  ; clk   ; Rise       ; feistel_algo:decrypt2|altshift_taps:L16_rtl_0|shift_taps_ghm:auto_generated|altsyncram_n761:altsyncram4|ram_block7a0~porta_datain_reg13  ;
; -1.627 ; 0.500        ; 2.127          ; High Pulse Width ; clk   ; Rise       ; feistel_algo:decrypt2|altshift_taps:L16_rtl_0|shift_taps_ghm:auto_generated|altsyncram_n761:altsyncram4|ram_block7a0~porta_datain_reg14  ;
; -1.627 ; 0.500        ; 2.127          ; Low Pulse Width  ; clk   ; Rise       ; feistel_algo:decrypt2|altshift_taps:L16_rtl_0|shift_taps_ghm:auto_generated|altsyncram_n761:altsyncram4|ram_block7a0~porta_datain_reg14  ;
; -1.627 ; 0.500        ; 2.127          ; High Pulse Width ; clk   ; Rise       ; feistel_algo:decrypt2|altshift_taps:L16_rtl_0|shift_taps_ghm:auto_generated|altsyncram_n761:altsyncram4|ram_block7a0~porta_datain_reg15  ;
; -1.627 ; 0.500        ; 2.127          ; Low Pulse Width  ; clk   ; Rise       ; feistel_algo:decrypt2|altshift_taps:L16_rtl_0|shift_taps_ghm:auto_generated|altsyncram_n761:altsyncram4|ram_block7a0~porta_datain_reg15  ;
; -1.627 ; 0.500        ; 2.127          ; High Pulse Width ; clk   ; Rise       ; feistel_algo:decrypt2|altshift_taps:L16_rtl_0|shift_taps_ghm:auto_generated|altsyncram_n761:altsyncram4|ram_block7a0~porta_datain_reg16  ;
; -1.627 ; 0.500        ; 2.127          ; Low Pulse Width  ; clk   ; Rise       ; feistel_algo:decrypt2|altshift_taps:L16_rtl_0|shift_taps_ghm:auto_generated|altsyncram_n761:altsyncram4|ram_block7a0~porta_datain_reg16  ;
; -1.627 ; 0.500        ; 2.127          ; High Pulse Width ; clk   ; Rise       ; feistel_algo:decrypt2|altshift_taps:L16_rtl_0|shift_taps_ghm:auto_generated|altsyncram_n761:altsyncram4|ram_block7a0~porta_datain_reg17  ;
; -1.627 ; 0.500        ; 2.127          ; Low Pulse Width  ; clk   ; Rise       ; feistel_algo:decrypt2|altshift_taps:L16_rtl_0|shift_taps_ghm:auto_generated|altsyncram_n761:altsyncram4|ram_block7a0~porta_datain_reg17  ;
; -1.627 ; 0.500        ; 2.127          ; High Pulse Width ; clk   ; Rise       ; feistel_algo:decrypt2|altshift_taps:L16_rtl_0|shift_taps_ghm:auto_generated|altsyncram_n761:altsyncram4|ram_block7a0~porta_datain_reg18  ;
; -1.627 ; 0.500        ; 2.127          ; Low Pulse Width  ; clk   ; Rise       ; feistel_algo:decrypt2|altshift_taps:L16_rtl_0|shift_taps_ghm:auto_generated|altsyncram_n761:altsyncram4|ram_block7a0~porta_datain_reg18  ;
; -1.627 ; 0.500        ; 2.127          ; High Pulse Width ; clk   ; Rise       ; feistel_algo:decrypt2|altshift_taps:L16_rtl_0|shift_taps_ghm:auto_generated|altsyncram_n761:altsyncram4|ram_block7a0~porta_datain_reg19  ;
; -1.627 ; 0.500        ; 2.127          ; Low Pulse Width  ; clk   ; Rise       ; feistel_algo:decrypt2|altshift_taps:L16_rtl_0|shift_taps_ghm:auto_generated|altsyncram_n761:altsyncram4|ram_block7a0~porta_datain_reg19  ;
; -1.627 ; 0.500        ; 2.127          ; High Pulse Width ; clk   ; Rise       ; feistel_algo:decrypt2|altshift_taps:L16_rtl_0|shift_taps_ghm:auto_generated|altsyncram_n761:altsyncram4|ram_block7a0~porta_datain_reg2   ;
; -1.627 ; 0.500        ; 2.127          ; Low Pulse Width  ; clk   ; Rise       ; feistel_algo:decrypt2|altshift_taps:L16_rtl_0|shift_taps_ghm:auto_generated|altsyncram_n761:altsyncram4|ram_block7a0~porta_datain_reg2   ;
; -1.627 ; 0.500        ; 2.127          ; High Pulse Width ; clk   ; Rise       ; feistel_algo:decrypt2|altshift_taps:L16_rtl_0|shift_taps_ghm:auto_generated|altsyncram_n761:altsyncram4|ram_block7a0~porta_datain_reg20  ;
; -1.627 ; 0.500        ; 2.127          ; Low Pulse Width  ; clk   ; Rise       ; feistel_algo:decrypt2|altshift_taps:L16_rtl_0|shift_taps_ghm:auto_generated|altsyncram_n761:altsyncram4|ram_block7a0~porta_datain_reg20  ;
; -1.627 ; 0.500        ; 2.127          ; High Pulse Width ; clk   ; Rise       ; feistel_algo:decrypt2|altshift_taps:L16_rtl_0|shift_taps_ghm:auto_generated|altsyncram_n761:altsyncram4|ram_block7a0~porta_datain_reg21  ;
; -1.627 ; 0.500        ; 2.127          ; Low Pulse Width  ; clk   ; Rise       ; feistel_algo:decrypt2|altshift_taps:L16_rtl_0|shift_taps_ghm:auto_generated|altsyncram_n761:altsyncram4|ram_block7a0~porta_datain_reg21  ;
; -1.627 ; 0.500        ; 2.127          ; High Pulse Width ; clk   ; Rise       ; feistel_algo:decrypt2|altshift_taps:L16_rtl_0|shift_taps_ghm:auto_generated|altsyncram_n761:altsyncram4|ram_block7a0~porta_datain_reg22  ;
; -1.627 ; 0.500        ; 2.127          ; Low Pulse Width  ; clk   ; Rise       ; feistel_algo:decrypt2|altshift_taps:L16_rtl_0|shift_taps_ghm:auto_generated|altsyncram_n761:altsyncram4|ram_block7a0~porta_datain_reg22  ;
; -1.627 ; 0.500        ; 2.127          ; High Pulse Width ; clk   ; Rise       ; feistel_algo:decrypt2|altshift_taps:L16_rtl_0|shift_taps_ghm:auto_generated|altsyncram_n761:altsyncram4|ram_block7a0~porta_datain_reg23  ;
; -1.627 ; 0.500        ; 2.127          ; Low Pulse Width  ; clk   ; Rise       ; feistel_algo:decrypt2|altshift_taps:L16_rtl_0|shift_taps_ghm:auto_generated|altsyncram_n761:altsyncram4|ram_block7a0~porta_datain_reg23  ;
; -1.627 ; 0.500        ; 2.127          ; High Pulse Width ; clk   ; Rise       ; feistel_algo:decrypt2|altshift_taps:L16_rtl_0|shift_taps_ghm:auto_generated|altsyncram_n761:altsyncram4|ram_block7a0~porta_datain_reg24  ;
; -1.627 ; 0.500        ; 2.127          ; Low Pulse Width  ; clk   ; Rise       ; feistel_algo:decrypt2|altshift_taps:L16_rtl_0|shift_taps_ghm:auto_generated|altsyncram_n761:altsyncram4|ram_block7a0~porta_datain_reg24  ;
; -1.627 ; 0.500        ; 2.127          ; High Pulse Width ; clk   ; Rise       ; feistel_algo:decrypt2|altshift_taps:L16_rtl_0|shift_taps_ghm:auto_generated|altsyncram_n761:altsyncram4|ram_block7a0~porta_datain_reg25  ;
; -1.627 ; 0.500        ; 2.127          ; Low Pulse Width  ; clk   ; Rise       ; feistel_algo:decrypt2|altshift_taps:L16_rtl_0|shift_taps_ghm:auto_generated|altsyncram_n761:altsyncram4|ram_block7a0~porta_datain_reg25  ;
; -1.627 ; 0.500        ; 2.127          ; High Pulse Width ; clk   ; Rise       ; feistel_algo:decrypt2|altshift_taps:L16_rtl_0|shift_taps_ghm:auto_generated|altsyncram_n761:altsyncram4|ram_block7a0~porta_datain_reg26  ;
; -1.627 ; 0.500        ; 2.127          ; Low Pulse Width  ; clk   ; Rise       ; feistel_algo:decrypt2|altshift_taps:L16_rtl_0|shift_taps_ghm:auto_generated|altsyncram_n761:altsyncram4|ram_block7a0~porta_datain_reg26  ;
; -1.627 ; 0.500        ; 2.127          ; High Pulse Width ; clk   ; Rise       ; feistel_algo:decrypt2|altshift_taps:L16_rtl_0|shift_taps_ghm:auto_generated|altsyncram_n761:altsyncram4|ram_block7a0~porta_datain_reg27  ;
; -1.627 ; 0.500        ; 2.127          ; Low Pulse Width  ; clk   ; Rise       ; feistel_algo:decrypt2|altshift_taps:L16_rtl_0|shift_taps_ghm:auto_generated|altsyncram_n761:altsyncram4|ram_block7a0~porta_datain_reg27  ;
; -1.627 ; 0.500        ; 2.127          ; High Pulse Width ; clk   ; Rise       ; feistel_algo:decrypt2|altshift_taps:L16_rtl_0|shift_taps_ghm:auto_generated|altsyncram_n761:altsyncram4|ram_block7a0~porta_datain_reg28  ;
; -1.627 ; 0.500        ; 2.127          ; Low Pulse Width  ; clk   ; Rise       ; feistel_algo:decrypt2|altshift_taps:L16_rtl_0|shift_taps_ghm:auto_generated|altsyncram_n761:altsyncram4|ram_block7a0~porta_datain_reg28  ;
; -1.627 ; 0.500        ; 2.127          ; High Pulse Width ; clk   ; Rise       ; feistel_algo:decrypt2|altshift_taps:L16_rtl_0|shift_taps_ghm:auto_generated|altsyncram_n761:altsyncram4|ram_block7a0~porta_datain_reg29  ;
; -1.627 ; 0.500        ; 2.127          ; Low Pulse Width  ; clk   ; Rise       ; feistel_algo:decrypt2|altshift_taps:L16_rtl_0|shift_taps_ghm:auto_generated|altsyncram_n761:altsyncram4|ram_block7a0~porta_datain_reg29  ;
; -1.627 ; 0.500        ; 2.127          ; High Pulse Width ; clk   ; Rise       ; feistel_algo:decrypt2|altshift_taps:L16_rtl_0|shift_taps_ghm:auto_generated|altsyncram_n761:altsyncram4|ram_block7a0~porta_datain_reg3   ;
; -1.627 ; 0.500        ; 2.127          ; Low Pulse Width  ; clk   ; Rise       ; feistel_algo:decrypt2|altshift_taps:L16_rtl_0|shift_taps_ghm:auto_generated|altsyncram_n761:altsyncram4|ram_block7a0~porta_datain_reg3   ;
; -1.627 ; 0.500        ; 2.127          ; High Pulse Width ; clk   ; Rise       ; feistel_algo:decrypt2|altshift_taps:L16_rtl_0|shift_taps_ghm:auto_generated|altsyncram_n761:altsyncram4|ram_block7a0~porta_datain_reg30  ;
; -1.627 ; 0.500        ; 2.127          ; Low Pulse Width  ; clk   ; Rise       ; feistel_algo:decrypt2|altshift_taps:L16_rtl_0|shift_taps_ghm:auto_generated|altsyncram_n761:altsyncram4|ram_block7a0~porta_datain_reg30  ;
; -1.627 ; 0.500        ; 2.127          ; High Pulse Width ; clk   ; Rise       ; feistel_algo:decrypt2|altshift_taps:L16_rtl_0|shift_taps_ghm:auto_generated|altsyncram_n761:altsyncram4|ram_block7a0~porta_datain_reg31  ;
; -1.627 ; 0.500        ; 2.127          ; Low Pulse Width  ; clk   ; Rise       ; feistel_algo:decrypt2|altshift_taps:L16_rtl_0|shift_taps_ghm:auto_generated|altsyncram_n761:altsyncram4|ram_block7a0~porta_datain_reg31  ;
; -1.627 ; 0.500        ; 2.127          ; High Pulse Width ; clk   ; Rise       ; feistel_algo:decrypt2|altshift_taps:L16_rtl_0|shift_taps_ghm:auto_generated|altsyncram_n761:altsyncram4|ram_block7a0~porta_datain_reg32  ;
; -1.627 ; 0.500        ; 2.127          ; Low Pulse Width  ; clk   ; Rise       ; feistel_algo:decrypt2|altshift_taps:L16_rtl_0|shift_taps_ghm:auto_generated|altsyncram_n761:altsyncram4|ram_block7a0~porta_datain_reg32  ;
; -1.627 ; 0.500        ; 2.127          ; High Pulse Width ; clk   ; Rise       ; feistel_algo:decrypt2|altshift_taps:L16_rtl_0|shift_taps_ghm:auto_generated|altsyncram_n761:altsyncram4|ram_block7a0~porta_datain_reg33  ;
; -1.627 ; 0.500        ; 2.127          ; Low Pulse Width  ; clk   ; Rise       ; feistel_algo:decrypt2|altshift_taps:L16_rtl_0|shift_taps_ghm:auto_generated|altsyncram_n761:altsyncram4|ram_block7a0~porta_datain_reg33  ;
; -1.627 ; 0.500        ; 2.127          ; High Pulse Width ; clk   ; Rise       ; feistel_algo:decrypt2|altshift_taps:L16_rtl_0|shift_taps_ghm:auto_generated|altsyncram_n761:altsyncram4|ram_block7a0~porta_datain_reg34  ;
; -1.627 ; 0.500        ; 2.127          ; Low Pulse Width  ; clk   ; Rise       ; feistel_algo:decrypt2|altshift_taps:L16_rtl_0|shift_taps_ghm:auto_generated|altsyncram_n761:altsyncram4|ram_block7a0~porta_datain_reg34  ;
; -1.627 ; 0.500        ; 2.127          ; High Pulse Width ; clk   ; Rise       ; feistel_algo:decrypt2|altshift_taps:L16_rtl_0|shift_taps_ghm:auto_generated|altsyncram_n761:altsyncram4|ram_block7a0~porta_datain_reg35  ;
; -1.627 ; 0.500        ; 2.127          ; Low Pulse Width  ; clk   ; Rise       ; feistel_algo:decrypt2|altshift_taps:L16_rtl_0|shift_taps_ghm:auto_generated|altsyncram_n761:altsyncram4|ram_block7a0~porta_datain_reg35  ;
; -1.627 ; 0.500        ; 2.127          ; High Pulse Width ; clk   ; Rise       ; feistel_algo:decrypt2|altshift_taps:L16_rtl_0|shift_taps_ghm:auto_generated|altsyncram_n761:altsyncram4|ram_block7a0~porta_datain_reg4   ;
; -1.627 ; 0.500        ; 2.127          ; Low Pulse Width  ; clk   ; Rise       ; feistel_algo:decrypt2|altshift_taps:L16_rtl_0|shift_taps_ghm:auto_generated|altsyncram_n761:altsyncram4|ram_block7a0~porta_datain_reg4   ;
; -1.627 ; 0.500        ; 2.127          ; High Pulse Width ; clk   ; Rise       ; feistel_algo:decrypt2|altshift_taps:L16_rtl_0|shift_taps_ghm:auto_generated|altsyncram_n761:altsyncram4|ram_block7a0~porta_datain_reg5   ;
; -1.627 ; 0.500        ; 2.127          ; Low Pulse Width  ; clk   ; Rise       ; feistel_algo:decrypt2|altshift_taps:L16_rtl_0|shift_taps_ghm:auto_generated|altsyncram_n761:altsyncram4|ram_block7a0~porta_datain_reg5   ;
; -1.627 ; 0.500        ; 2.127          ; High Pulse Width ; clk   ; Rise       ; feistel_algo:decrypt2|altshift_taps:L16_rtl_0|shift_taps_ghm:auto_generated|altsyncram_n761:altsyncram4|ram_block7a0~porta_datain_reg6   ;
; -1.627 ; 0.500        ; 2.127          ; Low Pulse Width  ; clk   ; Rise       ; feistel_algo:decrypt2|altshift_taps:L16_rtl_0|shift_taps_ghm:auto_generated|altsyncram_n761:altsyncram4|ram_block7a0~porta_datain_reg6   ;
; -1.627 ; 0.500        ; 2.127          ; High Pulse Width ; clk   ; Rise       ; feistel_algo:decrypt2|altshift_taps:L16_rtl_0|shift_taps_ghm:auto_generated|altsyncram_n761:altsyncram4|ram_block7a0~porta_datain_reg7   ;
; -1.627 ; 0.500        ; 2.127          ; Low Pulse Width  ; clk   ; Rise       ; feistel_algo:decrypt2|altshift_taps:L16_rtl_0|shift_taps_ghm:auto_generated|altsyncram_n761:altsyncram4|ram_block7a0~porta_datain_reg7   ;
; -1.627 ; 0.500        ; 2.127          ; High Pulse Width ; clk   ; Rise       ; feistel_algo:decrypt2|altshift_taps:L16_rtl_0|shift_taps_ghm:auto_generated|altsyncram_n761:altsyncram4|ram_block7a0~porta_datain_reg8   ;
; -1.627 ; 0.500        ; 2.127          ; Low Pulse Width  ; clk   ; Rise       ; feistel_algo:decrypt2|altshift_taps:L16_rtl_0|shift_taps_ghm:auto_generated|altsyncram_n761:altsyncram4|ram_block7a0~porta_datain_reg8   ;
; -1.627 ; 0.500        ; 2.127          ; High Pulse Width ; clk   ; Rise       ; feistel_algo:decrypt2|altshift_taps:L16_rtl_0|shift_taps_ghm:auto_generated|altsyncram_n761:altsyncram4|ram_block7a0~porta_datain_reg9   ;
; -1.627 ; 0.500        ; 2.127          ; Low Pulse Width  ; clk   ; Rise       ; feistel_algo:decrypt2|altshift_taps:L16_rtl_0|shift_taps_ghm:auto_generated|altsyncram_n761:altsyncram4|ram_block7a0~porta_datain_reg9   ;
; -1.627 ; 0.500        ; 2.127          ; High Pulse Width ; clk   ; Rise       ; feistel_algo:decrypt2|altshift_taps:L16_rtl_0|shift_taps_ghm:auto_generated|altsyncram_n761:altsyncram4|ram_block7a0~porta_memory_reg0   ;
; -1.627 ; 0.500        ; 2.127          ; Low Pulse Width  ; clk   ; Rise       ; feistel_algo:decrypt2|altshift_taps:L16_rtl_0|shift_taps_ghm:auto_generated|altsyncram_n761:altsyncram4|ram_block7a0~porta_memory_reg0   ;
; -1.627 ; 0.500        ; 2.127          ; High Pulse Width ; clk   ; Rise       ; feistel_algo:decrypt2|altshift_taps:L16_rtl_0|shift_taps_ghm:auto_generated|altsyncram_n761:altsyncram4|ram_block7a0~portb_address_reg0  ;
; -1.627 ; 0.500        ; 2.127          ; Low Pulse Width  ; clk   ; Rise       ; feistel_algo:decrypt2|altshift_taps:L16_rtl_0|shift_taps_ghm:auto_generated|altsyncram_n761:altsyncram4|ram_block7a0~portb_address_reg0  ;
; -1.627 ; 0.500        ; 2.127          ; High Pulse Width ; clk   ; Rise       ; feistel_algo:decrypt2|altshift_taps:L16_rtl_0|shift_taps_ghm:auto_generated|altsyncram_n761:altsyncram4|ram_block7a0~portb_address_reg1  ;
; -1.627 ; 0.500        ; 2.127          ; Low Pulse Width  ; clk   ; Rise       ; feistel_algo:decrypt2|altshift_taps:L16_rtl_0|shift_taps_ghm:auto_generated|altsyncram_n761:altsyncram4|ram_block7a0~portb_address_reg1  ;
; -1.627 ; 0.500        ; 2.127          ; High Pulse Width ; clk   ; Rise       ; feistel_algo:decrypt2|altshift_taps:L16_rtl_0|shift_taps_ghm:auto_generated|altsyncram_n761:altsyncram4|ram_block7a1                     ;
; -1.627 ; 0.500        ; 2.127          ; Low Pulse Width  ; clk   ; Rise       ; feistel_algo:decrypt2|altshift_taps:L16_rtl_0|shift_taps_ghm:auto_generated|altsyncram_n761:altsyncram4|ram_block7a1                     ;
; -1.627 ; 0.500        ; 2.127          ; High Pulse Width ; clk   ; Rise       ; feistel_algo:decrypt2|altshift_taps:L16_rtl_0|shift_taps_ghm:auto_generated|altsyncram_n761:altsyncram4|ram_block7a10                    ;
; -1.627 ; 0.500        ; 2.127          ; Low Pulse Width  ; clk   ; Rise       ; feistel_algo:decrypt2|altshift_taps:L16_rtl_0|shift_taps_ghm:auto_generated|altsyncram_n761:altsyncram4|ram_block7a10                    ;
; -1.627 ; 0.500        ; 2.127          ; High Pulse Width ; clk   ; Rise       ; feistel_algo:decrypt2|altshift_taps:L16_rtl_0|shift_taps_ghm:auto_generated|altsyncram_n761:altsyncram4|ram_block7a100                   ;
; -1.627 ; 0.500        ; 2.127          ; Low Pulse Width  ; clk   ; Rise       ; feistel_algo:decrypt2|altshift_taps:L16_rtl_0|shift_taps_ghm:auto_generated|altsyncram_n761:altsyncram4|ram_block7a100                   ;
; -1.627 ; 0.500        ; 2.127          ; High Pulse Width ; clk   ; Rise       ; feistel_algo:decrypt2|altshift_taps:L16_rtl_0|shift_taps_ghm:auto_generated|altsyncram_n761:altsyncram4|ram_block7a100~porta_memory_reg0 ;
; -1.627 ; 0.500        ; 2.127          ; Low Pulse Width  ; clk   ; Rise       ; feistel_algo:decrypt2|altshift_taps:L16_rtl_0|shift_taps_ghm:auto_generated|altsyncram_n761:altsyncram4|ram_block7a100~porta_memory_reg0 ;
; -1.627 ; 0.500        ; 2.127          ; High Pulse Width ; clk   ; Rise       ; feistel_algo:decrypt2|altshift_taps:L16_rtl_0|shift_taps_ghm:auto_generated|altsyncram_n761:altsyncram4|ram_block7a101                   ;
; -1.627 ; 0.500        ; 2.127          ; Low Pulse Width  ; clk   ; Rise       ; feistel_algo:decrypt2|altshift_taps:L16_rtl_0|shift_taps_ghm:auto_generated|altsyncram_n761:altsyncram4|ram_block7a101                   ;
; -1.627 ; 0.500        ; 2.127          ; High Pulse Width ; clk   ; Rise       ; feistel_algo:decrypt2|altshift_taps:L16_rtl_0|shift_taps_ghm:auto_generated|altsyncram_n761:altsyncram4|ram_block7a101~porta_memory_reg0 ;
; -1.627 ; 0.500        ; 2.127          ; Low Pulse Width  ; clk   ; Rise       ; feistel_algo:decrypt2|altshift_taps:L16_rtl_0|shift_taps_ghm:auto_generated|altsyncram_n761:altsyncram4|ram_block7a101~porta_memory_reg0 ;
; -1.627 ; 0.500        ; 2.127          ; High Pulse Width ; clk   ; Rise       ; feistel_algo:decrypt2|altshift_taps:L16_rtl_0|shift_taps_ghm:auto_generated|altsyncram_n761:altsyncram4|ram_block7a102                   ;
; -1.627 ; 0.500        ; 2.127          ; Low Pulse Width  ; clk   ; Rise       ; feistel_algo:decrypt2|altshift_taps:L16_rtl_0|shift_taps_ghm:auto_generated|altsyncram_n761:altsyncram4|ram_block7a102                   ;
; -1.627 ; 0.500        ; 2.127          ; High Pulse Width ; clk   ; Rise       ; feistel_algo:decrypt2|altshift_taps:L16_rtl_0|shift_taps_ghm:auto_generated|altsyncram_n761:altsyncram4|ram_block7a102~porta_memory_reg0 ;
; -1.627 ; 0.500        ; 2.127          ; Low Pulse Width  ; clk   ; Rise       ; feistel_algo:decrypt2|altshift_taps:L16_rtl_0|shift_taps_ghm:auto_generated|altsyncram_n761:altsyncram4|ram_block7a102~porta_memory_reg0 ;
+--------+--------------+----------------+------------------+-------+------------+------------------------------------------------------------------------------------------------------------------------------------------+


+------------------------------------------------------------------------+
; Setup Times                                                            ;
+------------+------------+-------+-------+------------+-----------------+
; Data Port  ; Clock Port ; Rise  ; Fall  ; Clock Edge ; Clock Reference ;
+------------+------------+-------+-------+------------+-----------------+
; idata[*]   ; clk        ; 2.201 ; 2.201 ; Rise       ; clk             ;
;  idata[0]  ; clk        ; 1.870 ; 1.870 ; Rise       ; clk             ;
;  idata[1]  ; clk        ; 1.910 ; 1.910 ; Rise       ; clk             ;
;  idata[2]  ; clk        ; 1.972 ; 1.972 ; Rise       ; clk             ;
;  idata[3]  ; clk        ; 2.172 ; 2.172 ; Rise       ; clk             ;
;  idata[4]  ; clk        ; 1.869 ; 1.869 ; Rise       ; clk             ;
;  idata[5]  ; clk        ; 1.869 ; 1.869 ; Rise       ; clk             ;
;  idata[6]  ; clk        ; 1.622 ; 1.622 ; Rise       ; clk             ;
;  idata[7]  ; clk        ; 2.006 ; 2.006 ; Rise       ; clk             ;
;  idata[8]  ; clk        ; 1.732 ; 1.732 ; Rise       ; clk             ;
;  idata[9]  ; clk        ; 0.103 ; 0.103 ; Rise       ; clk             ;
;  idata[10] ; clk        ; 2.097 ; 2.097 ; Rise       ; clk             ;
;  idata[11] ; clk        ; 1.810 ; 1.810 ; Rise       ; clk             ;
;  idata[12] ; clk        ; 1.616 ; 1.616 ; Rise       ; clk             ;
;  idata[13] ; clk        ; 0.319 ; 0.319 ; Rise       ; clk             ;
;  idata[14] ; clk        ; 1.956 ; 1.956 ; Rise       ; clk             ;
;  idata[15] ; clk        ; 2.020 ; 2.020 ; Rise       ; clk             ;
;  idata[16] ; clk        ; 1.677 ; 1.677 ; Rise       ; clk             ;
;  idata[17] ; clk        ; 0.032 ; 0.032 ; Rise       ; clk             ;
;  idata[18] ; clk        ; 1.892 ; 1.892 ; Rise       ; clk             ;
;  idata[19] ; clk        ; 2.051 ; 2.051 ; Rise       ; clk             ;
;  idata[20] ; clk        ; 1.918 ; 1.918 ; Rise       ; clk             ;
;  idata[21] ; clk        ; 1.820 ; 1.820 ; Rise       ; clk             ;
;  idata[22] ; clk        ; 1.980 ; 1.980 ; Rise       ; clk             ;
;  idata[23] ; clk        ; 1.934 ; 1.934 ; Rise       ; clk             ;
;  idata[24] ; clk        ; 1.879 ; 1.879 ; Rise       ; clk             ;
;  idata[25] ; clk        ; 0.118 ; 0.118 ; Rise       ; clk             ;
;  idata[26] ; clk        ; 1.613 ; 1.613 ; Rise       ; clk             ;
;  idata[27] ; clk        ; 1.863 ; 1.863 ; Rise       ; clk             ;
;  idata[28] ; clk        ; 1.924 ; 1.924 ; Rise       ; clk             ;
;  idata[29] ; clk        ; 1.856 ; 1.856 ; Rise       ; clk             ;
;  idata[30] ; clk        ; 1.635 ; 1.635 ; Rise       ; clk             ;
;  idata[31] ; clk        ; 1.983 ; 1.983 ; Rise       ; clk             ;
;  idata[32] ; clk        ; 1.862 ; 1.862 ; Rise       ; clk             ;
;  idata[33] ; clk        ; 1.681 ; 1.681 ; Rise       ; clk             ;
;  idata[34] ; clk        ; 1.583 ; 1.583 ; Rise       ; clk             ;
;  idata[35] ; clk        ; 2.015 ; 2.015 ; Rise       ; clk             ;
;  idata[36] ; clk        ; 1.861 ; 1.861 ; Rise       ; clk             ;
;  idata[37] ; clk        ; 2.107 ; 2.107 ; Rise       ; clk             ;
;  idata[38] ; clk        ; 1.603 ; 1.603 ; Rise       ; clk             ;
;  idata[39] ; clk        ; 1.927 ; 1.927 ; Rise       ; clk             ;
;  idata[40] ; clk        ; 1.810 ; 1.810 ; Rise       ; clk             ;
;  idata[41] ; clk        ; 2.015 ; 2.015 ; Rise       ; clk             ;
;  idata[42] ; clk        ; 1.958 ; 1.958 ; Rise       ; clk             ;
;  idata[43] ; clk        ; 1.901 ; 1.901 ; Rise       ; clk             ;
;  idata[44] ; clk        ; 1.908 ; 1.908 ; Rise       ; clk             ;
;  idata[45] ; clk        ; 2.102 ; 2.102 ; Rise       ; clk             ;
;  idata[46] ; clk        ; 1.858 ; 1.858 ; Rise       ; clk             ;
;  idata[47] ; clk        ; 1.887 ; 1.887 ; Rise       ; clk             ;
;  idata[48] ; clk        ; 1.640 ; 1.640 ; Rise       ; clk             ;
;  idata[49] ; clk        ; 1.691 ; 1.691 ; Rise       ; clk             ;
;  idata[50] ; clk        ; 1.881 ; 1.881 ; Rise       ; clk             ;
;  idata[51] ; clk        ; 2.026 ; 2.026 ; Rise       ; clk             ;
;  idata[52] ; clk        ; 1.603 ; 1.603 ; Rise       ; clk             ;
;  idata[53] ; clk        ; 1.893 ; 1.893 ; Rise       ; clk             ;
;  idata[54] ; clk        ; 1.781 ; 1.781 ; Rise       ; clk             ;
;  idata[55] ; clk        ; 1.895 ; 1.895 ; Rise       ; clk             ;
;  idata[56] ; clk        ; 1.972 ; 1.972 ; Rise       ; clk             ;
;  idata[57] ; clk        ; 1.933 ; 1.933 ; Rise       ; clk             ;
;  idata[58] ; clk        ; 1.823 ; 1.823 ; Rise       ; clk             ;
;  idata[59] ; clk        ; 2.154 ; 2.154 ; Rise       ; clk             ;
;  idata[60] ; clk        ; 1.737 ; 1.737 ; Rise       ; clk             ;
;  idata[61] ; clk        ; 2.201 ; 2.201 ; Rise       ; clk             ;
;  idata[62] ; clk        ; 1.713 ; 1.713 ; Rise       ; clk             ;
;  idata[63] ; clk        ; 1.936 ; 1.936 ; Rise       ; clk             ;
; key1[*]    ; clk        ; 4.806 ; 4.806 ; Rise       ; clk             ;
;  key1[1]   ; clk        ; 3.978 ; 3.978 ; Rise       ; clk             ;
;  key1[2]   ; clk        ; 4.521 ; 4.521 ; Rise       ; clk             ;
;  key1[3]   ; clk        ; 4.521 ; 4.521 ; Rise       ; clk             ;
;  key1[4]   ; clk        ; 3.960 ; 3.960 ; Rise       ; clk             ;
;  key1[5]   ; clk        ; 3.966 ; 3.966 ; Rise       ; clk             ;
;  key1[6]   ; clk        ; 4.174 ; 4.174 ; Rise       ; clk             ;
;  key1[7]   ; clk        ; 4.173 ; 4.173 ; Rise       ; clk             ;
;  key1[9]   ; clk        ; 3.835 ; 3.835 ; Rise       ; clk             ;
;  key1[10]  ; clk        ; 3.727 ; 3.727 ; Rise       ; clk             ;
;  key1[11]  ; clk        ; 3.850 ; 3.850 ; Rise       ; clk             ;
;  key1[12]  ; clk        ; 3.814 ; 3.814 ; Rise       ; clk             ;
;  key1[13]  ; clk        ; 3.675 ; 3.675 ; Rise       ; clk             ;
;  key1[14]  ; clk        ; 4.556 ; 4.556 ; Rise       ; clk             ;
;  key1[15]  ; clk        ; 4.250 ; 4.250 ; Rise       ; clk             ;
;  key1[17]  ; clk        ; 4.026 ; 4.026 ; Rise       ; clk             ;
;  key1[18]  ; clk        ; 4.057 ; 4.057 ; Rise       ; clk             ;
;  key1[19]  ; clk        ; 4.119 ; 4.119 ; Rise       ; clk             ;
;  key1[20]  ; clk        ; 4.234 ; 4.234 ; Rise       ; clk             ;
;  key1[21]  ; clk        ; 4.262 ; 4.262 ; Rise       ; clk             ;
;  key1[22]  ; clk        ; 3.659 ; 3.659 ; Rise       ; clk             ;
;  key1[23]  ; clk        ; 3.826 ; 3.826 ; Rise       ; clk             ;
;  key1[25]  ; clk        ; 4.447 ; 4.447 ; Rise       ; clk             ;
;  key1[26]  ; clk        ; 4.006 ; 4.006 ; Rise       ; clk             ;
;  key1[27]  ; clk        ; 4.235 ; 4.235 ; Rise       ; clk             ;
;  key1[28]  ; clk        ; 4.107 ; 4.107 ; Rise       ; clk             ;
;  key1[29]  ; clk        ; 4.456 ; 4.456 ; Rise       ; clk             ;
;  key1[30]  ; clk        ; 3.957 ; 3.957 ; Rise       ; clk             ;
;  key1[31]  ; clk        ; 1.368 ; 1.368 ; Rise       ; clk             ;
;  key1[33]  ; clk        ; 4.614 ; 4.614 ; Rise       ; clk             ;
;  key1[34]  ; clk        ; 4.260 ; 4.260 ; Rise       ; clk             ;
;  key1[35]  ; clk        ; 4.087 ; 4.087 ; Rise       ; clk             ;
;  key1[36]  ; clk        ; 4.020 ; 4.020 ; Rise       ; clk             ;
;  key1[37]  ; clk        ; 3.857 ; 3.857 ; Rise       ; clk             ;
;  key1[38]  ; clk        ; 3.888 ; 3.888 ; Rise       ; clk             ;
;  key1[39]  ; clk        ; 4.082 ; 4.082 ; Rise       ; clk             ;
;  key1[41]  ; clk        ; 4.236 ; 4.236 ; Rise       ; clk             ;
;  key1[42]  ; clk        ; 3.735 ; 3.735 ; Rise       ; clk             ;
;  key1[43]  ; clk        ; 4.140 ; 4.140 ; Rise       ; clk             ;
;  key1[44]  ; clk        ; 3.732 ; 3.732 ; Rise       ; clk             ;
;  key1[45]  ; clk        ; 3.668 ; 3.668 ; Rise       ; clk             ;
;  key1[46]  ; clk        ; 4.098 ; 4.098 ; Rise       ; clk             ;
;  key1[47]  ; clk        ; 3.864 ; 3.864 ; Rise       ; clk             ;
;  key1[49]  ; clk        ; 3.878 ; 3.878 ; Rise       ; clk             ;
;  key1[50]  ; clk        ; 3.691 ; 3.691 ; Rise       ; clk             ;
;  key1[51]  ; clk        ; 1.953 ; 1.953 ; Rise       ; clk             ;
;  key1[52]  ; clk        ; 4.154 ; 4.154 ; Rise       ; clk             ;
;  key1[53]  ; clk        ; 4.005 ; 4.005 ; Rise       ; clk             ;
;  key1[54]  ; clk        ; 3.671 ; 3.671 ; Rise       ; clk             ;
;  key1[55]  ; clk        ; 4.063 ; 4.063 ; Rise       ; clk             ;
;  key1[57]  ; clk        ; 3.894 ; 3.894 ; Rise       ; clk             ;
;  key1[58]  ; clk        ; 4.131 ; 4.131 ; Rise       ; clk             ;
;  key1[59]  ; clk        ; 4.806 ; 4.806 ; Rise       ; clk             ;
;  key1[60]  ; clk        ; 3.836 ; 3.836 ; Rise       ; clk             ;
;  key1[61]  ; clk        ; 3.820 ; 3.820 ; Rise       ; clk             ;
;  key1[62]  ; clk        ; 4.173 ; 4.173 ; Rise       ; clk             ;
;  key1[63]  ; clk        ; 3.888 ; 3.888 ; Rise       ; clk             ;
; key2[*]    ; clk        ; 4.202 ; 4.202 ; Rise       ; clk             ;
;  key2[1]   ; clk        ; 3.682 ; 3.682 ; Rise       ; clk             ;
;  key2[2]   ; clk        ; 3.950 ; 3.950 ; Rise       ; clk             ;
;  key2[3]   ; clk        ; 3.613 ; 3.613 ; Rise       ; clk             ;
;  key2[4]   ; clk        ; 3.726 ; 3.726 ; Rise       ; clk             ;
;  key2[5]   ; clk        ; 3.546 ; 3.546 ; Rise       ; clk             ;
;  key2[6]   ; clk        ; 3.703 ; 3.703 ; Rise       ; clk             ;
;  key2[7]   ; clk        ; 3.768 ; 3.768 ; Rise       ; clk             ;
;  key2[9]   ; clk        ; 4.089 ; 4.089 ; Rise       ; clk             ;
;  key2[10]  ; clk        ; 3.818 ; 3.818 ; Rise       ; clk             ;
;  key2[11]  ; clk        ; 3.987 ; 3.987 ; Rise       ; clk             ;
;  key2[12]  ; clk        ; 3.980 ; 3.980 ; Rise       ; clk             ;
;  key2[13]  ; clk        ; 4.008 ; 4.008 ; Rise       ; clk             ;
;  key2[14]  ; clk        ; 3.716 ; 3.716 ; Rise       ; clk             ;
;  key2[15]  ; clk        ; 4.079 ; 4.079 ; Rise       ; clk             ;
;  key2[17]  ; clk        ; 3.989 ; 3.989 ; Rise       ; clk             ;
;  key2[18]  ; clk        ; 3.812 ; 3.812 ; Rise       ; clk             ;
;  key2[19]  ; clk        ; 3.894 ; 3.894 ; Rise       ; clk             ;
;  key2[20]  ; clk        ; 3.787 ; 3.787 ; Rise       ; clk             ;
;  key2[21]  ; clk        ; 3.644 ; 3.644 ; Rise       ; clk             ;
;  key2[22]  ; clk        ; 4.138 ; 4.138 ; Rise       ; clk             ;
;  key2[23]  ; clk        ; 4.202 ; 4.202 ; Rise       ; clk             ;
;  key2[25]  ; clk        ; 3.840 ; 3.840 ; Rise       ; clk             ;
;  key2[26]  ; clk        ; 3.958 ; 3.958 ; Rise       ; clk             ;
;  key2[27]  ; clk        ; 3.624 ; 3.624 ; Rise       ; clk             ;
;  key2[28]  ; clk        ; 4.030 ; 4.030 ; Rise       ; clk             ;
;  key2[29]  ; clk        ; 3.512 ; 3.512 ; Rise       ; clk             ;
;  key2[30]  ; clk        ; 3.963 ; 3.963 ; Rise       ; clk             ;
;  key2[31]  ; clk        ; 3.763 ; 3.763 ; Rise       ; clk             ;
;  key2[33]  ; clk        ; 3.915 ; 3.915 ; Rise       ; clk             ;
;  key2[34]  ; clk        ; 3.743 ; 3.743 ; Rise       ; clk             ;
;  key2[35]  ; clk        ; 3.985 ; 3.985 ; Rise       ; clk             ;
;  key2[36]  ; clk        ; 4.090 ; 4.090 ; Rise       ; clk             ;
;  key2[37]  ; clk        ; 3.877 ; 3.877 ; Rise       ; clk             ;
;  key2[38]  ; clk        ; 3.633 ; 3.633 ; Rise       ; clk             ;
;  key2[39]  ; clk        ; 4.102 ; 4.102 ; Rise       ; clk             ;
;  key2[41]  ; clk        ; 3.777 ; 3.777 ; Rise       ; clk             ;
;  key2[42]  ; clk        ; 3.870 ; 3.870 ; Rise       ; clk             ;
;  key2[43]  ; clk        ; 3.805 ; 3.805 ; Rise       ; clk             ;
;  key2[44]  ; clk        ; 3.667 ; 3.667 ; Rise       ; clk             ;
;  key2[45]  ; clk        ; 3.800 ; 3.800 ; Rise       ; clk             ;
;  key2[46]  ; clk        ; 3.577 ; 3.577 ; Rise       ; clk             ;
;  key2[47]  ; clk        ; 3.840 ; 3.840 ; Rise       ; clk             ;
;  key2[49]  ; clk        ; 3.533 ; 3.533 ; Rise       ; clk             ;
;  key2[50]  ; clk        ; 4.110 ; 4.110 ; Rise       ; clk             ;
;  key2[51]  ; clk        ; 3.867 ; 3.867 ; Rise       ; clk             ;
;  key2[52]  ; clk        ; 3.754 ; 3.754 ; Rise       ; clk             ;
;  key2[53]  ; clk        ; 3.365 ; 3.365 ; Rise       ; clk             ;
;  key2[54]  ; clk        ; 4.049 ; 4.049 ; Rise       ; clk             ;
;  key2[55]  ; clk        ; 4.147 ; 4.147 ; Rise       ; clk             ;
;  key2[57]  ; clk        ; 4.098 ; 4.098 ; Rise       ; clk             ;
;  key2[58]  ; clk        ; 3.588 ; 3.588 ; Rise       ; clk             ;
;  key2[59]  ; clk        ; 3.931 ; 3.931 ; Rise       ; clk             ;
;  key2[60]  ; clk        ; 4.183 ; 4.183 ; Rise       ; clk             ;
;  key2[61]  ; clk        ; 3.937 ; 3.937 ; Rise       ; clk             ;
;  key2[62]  ; clk        ; 3.922 ; 3.922 ; Rise       ; clk             ;
;  key2[63]  ; clk        ; 4.077 ; 4.077 ; Rise       ; clk             ;
; key3[*]    ; clk        ; 4.420 ; 4.420 ; Rise       ; clk             ;
;  key3[1]   ; clk        ; 3.521 ; 3.521 ; Rise       ; clk             ;
;  key3[2]   ; clk        ; 3.928 ; 3.928 ; Rise       ; clk             ;
;  key3[3]   ; clk        ; 3.800 ; 3.800 ; Rise       ; clk             ;
;  key3[4]   ; clk        ; 3.964 ; 3.964 ; Rise       ; clk             ;
;  key3[5]   ; clk        ; 3.716 ; 3.716 ; Rise       ; clk             ;
;  key3[6]   ; clk        ; 3.873 ; 3.873 ; Rise       ; clk             ;
;  key3[7]   ; clk        ; 4.386 ; 4.386 ; Rise       ; clk             ;
;  key3[9]   ; clk        ; 3.795 ; 3.795 ; Rise       ; clk             ;
;  key3[10]  ; clk        ; 4.129 ; 4.129 ; Rise       ; clk             ;
;  key3[11]  ; clk        ; 3.875 ; 3.875 ; Rise       ; clk             ;
;  key3[12]  ; clk        ; 4.260 ; 4.260 ; Rise       ; clk             ;
;  key3[13]  ; clk        ; 3.813 ; 3.813 ; Rise       ; clk             ;
;  key3[14]  ; clk        ; 3.814 ; 3.814 ; Rise       ; clk             ;
;  key3[15]  ; clk        ; 3.765 ; 3.765 ; Rise       ; clk             ;
;  key3[17]  ; clk        ; 3.932 ; 3.932 ; Rise       ; clk             ;
;  key3[18]  ; clk        ; 4.163 ; 4.163 ; Rise       ; clk             ;
;  key3[19]  ; clk        ; 3.359 ; 3.359 ; Rise       ; clk             ;
;  key3[20]  ; clk        ; 3.714 ; 3.714 ; Rise       ; clk             ;
;  key3[21]  ; clk        ; 3.793 ; 3.793 ; Rise       ; clk             ;
;  key3[22]  ; clk        ; 4.202 ; 4.202 ; Rise       ; clk             ;
;  key3[23]  ; clk        ; 3.957 ; 3.957 ; Rise       ; clk             ;
;  key3[25]  ; clk        ; 3.990 ; 3.990 ; Rise       ; clk             ;
;  key3[26]  ; clk        ; 3.923 ; 3.923 ; Rise       ; clk             ;
;  key3[27]  ; clk        ; 4.039 ; 4.039 ; Rise       ; clk             ;
;  key3[28]  ; clk        ; 1.106 ; 1.106 ; Rise       ; clk             ;
;  key3[29]  ; clk        ; 3.865 ; 3.865 ; Rise       ; clk             ;
;  key3[30]  ; clk        ; 3.825 ; 3.825 ; Rise       ; clk             ;
;  key3[31]  ; clk        ; 3.844 ; 3.844 ; Rise       ; clk             ;
;  key3[33]  ; clk        ; 4.278 ; 4.278 ; Rise       ; clk             ;
;  key3[34]  ; clk        ; 3.944 ; 3.944 ; Rise       ; clk             ;
;  key3[35]  ; clk        ; 4.090 ; 4.090 ; Rise       ; clk             ;
;  key3[36]  ; clk        ; 3.968 ; 3.968 ; Rise       ; clk             ;
;  key3[37]  ; clk        ; 4.116 ; 4.116 ; Rise       ; clk             ;
;  key3[38]  ; clk        ; 3.701 ; 3.701 ; Rise       ; clk             ;
;  key3[39]  ; clk        ; 4.258 ; 4.258 ; Rise       ; clk             ;
;  key3[41]  ; clk        ; 3.942 ; 3.942 ; Rise       ; clk             ;
;  key3[42]  ; clk        ; 4.019 ; 4.019 ; Rise       ; clk             ;
;  key3[43]  ; clk        ; 3.729 ; 3.729 ; Rise       ; clk             ;
;  key3[44]  ; clk        ; 3.927 ; 3.927 ; Rise       ; clk             ;
;  key3[45]  ; clk        ; 3.894 ; 3.894 ; Rise       ; clk             ;
;  key3[46]  ; clk        ; 3.806 ; 3.806 ; Rise       ; clk             ;
;  key3[47]  ; clk        ; 1.046 ; 1.046 ; Rise       ; clk             ;
;  key3[49]  ; clk        ; 3.982 ; 3.982 ; Rise       ; clk             ;
;  key3[50]  ; clk        ; 4.157 ; 4.157 ; Rise       ; clk             ;
;  key3[51]  ; clk        ; 3.838 ; 3.838 ; Rise       ; clk             ;
;  key3[52]  ; clk        ; 3.493 ; 3.493 ; Rise       ; clk             ;
;  key3[53]  ; clk        ; 3.763 ; 3.763 ; Rise       ; clk             ;
;  key3[54]  ; clk        ; 3.852 ; 3.852 ; Rise       ; clk             ;
;  key3[55]  ; clk        ; 3.795 ; 3.795 ; Rise       ; clk             ;
;  key3[57]  ; clk        ; 3.896 ; 3.896 ; Rise       ; clk             ;
;  key3[58]  ; clk        ; 4.353 ; 4.353 ; Rise       ; clk             ;
;  key3[59]  ; clk        ; 4.281 ; 4.281 ; Rise       ; clk             ;
;  key3[60]  ; clk        ; 4.420 ; 4.420 ; Rise       ; clk             ;
;  key3[61]  ; clk        ; 3.645 ; 3.645 ; Rise       ; clk             ;
;  key3[62]  ; clk        ; 4.056 ; 4.056 ; Rise       ; clk             ;
;  key3[63]  ; clk        ; 3.971 ; 3.971 ; Rise       ; clk             ;
; valid_in   ; clk        ; 1.688 ; 1.688 ; Rise       ; clk             ;
+------------+------------+-------+-------+------------+-----------------+


+--------------------------------------------------------------------------+
; Hold Times                                                               ;
+------------+------------+--------+--------+------------+-----------------+
; Data Port  ; Clock Port ; Rise   ; Fall   ; Clock Edge ; Clock Reference ;
+------------+------------+--------+--------+------------+-----------------+
; idata[*]   ; clk        ; 0.088  ; 0.088  ; Rise       ; clk             ;
;  idata[0]  ; clk        ; -1.750 ; -1.750 ; Rise       ; clk             ;
;  idata[1]  ; clk        ; -1.790 ; -1.790 ; Rise       ; clk             ;
;  idata[2]  ; clk        ; -1.852 ; -1.852 ; Rise       ; clk             ;
;  idata[3]  ; clk        ; -2.052 ; -2.052 ; Rise       ; clk             ;
;  idata[4]  ; clk        ; -1.749 ; -1.749 ; Rise       ; clk             ;
;  idata[5]  ; clk        ; -1.749 ; -1.749 ; Rise       ; clk             ;
;  idata[6]  ; clk        ; -1.502 ; -1.502 ; Rise       ; clk             ;
;  idata[7]  ; clk        ; -1.886 ; -1.886 ; Rise       ; clk             ;
;  idata[8]  ; clk        ; -1.612 ; -1.612 ; Rise       ; clk             ;
;  idata[9]  ; clk        ; 0.017  ; 0.017  ; Rise       ; clk             ;
;  idata[10] ; clk        ; -1.977 ; -1.977 ; Rise       ; clk             ;
;  idata[11] ; clk        ; -1.690 ; -1.690 ; Rise       ; clk             ;
;  idata[12] ; clk        ; -1.496 ; -1.496 ; Rise       ; clk             ;
;  idata[13] ; clk        ; -0.199 ; -0.199 ; Rise       ; clk             ;
;  idata[14] ; clk        ; -1.836 ; -1.836 ; Rise       ; clk             ;
;  idata[15] ; clk        ; -1.900 ; -1.900 ; Rise       ; clk             ;
;  idata[16] ; clk        ; -1.557 ; -1.557 ; Rise       ; clk             ;
;  idata[17] ; clk        ; 0.088  ; 0.088  ; Rise       ; clk             ;
;  idata[18] ; clk        ; -1.772 ; -1.772 ; Rise       ; clk             ;
;  idata[19] ; clk        ; -1.931 ; -1.931 ; Rise       ; clk             ;
;  idata[20] ; clk        ; -1.798 ; -1.798 ; Rise       ; clk             ;
;  idata[21] ; clk        ; -1.700 ; -1.700 ; Rise       ; clk             ;
;  idata[22] ; clk        ; -1.860 ; -1.860 ; Rise       ; clk             ;
;  idata[23] ; clk        ; -1.814 ; -1.814 ; Rise       ; clk             ;
;  idata[24] ; clk        ; -1.759 ; -1.759 ; Rise       ; clk             ;
;  idata[25] ; clk        ; 0.002  ; 0.002  ; Rise       ; clk             ;
;  idata[26] ; clk        ; -1.493 ; -1.493 ; Rise       ; clk             ;
;  idata[27] ; clk        ; -1.743 ; -1.743 ; Rise       ; clk             ;
;  idata[28] ; clk        ; -1.804 ; -1.804 ; Rise       ; clk             ;
;  idata[29] ; clk        ; -1.736 ; -1.736 ; Rise       ; clk             ;
;  idata[30] ; clk        ; -1.515 ; -1.515 ; Rise       ; clk             ;
;  idata[31] ; clk        ; -1.863 ; -1.863 ; Rise       ; clk             ;
;  idata[32] ; clk        ; -1.742 ; -1.742 ; Rise       ; clk             ;
;  idata[33] ; clk        ; -1.561 ; -1.561 ; Rise       ; clk             ;
;  idata[34] ; clk        ; -1.463 ; -1.463 ; Rise       ; clk             ;
;  idata[35] ; clk        ; -1.895 ; -1.895 ; Rise       ; clk             ;
;  idata[36] ; clk        ; -1.741 ; -1.741 ; Rise       ; clk             ;
;  idata[37] ; clk        ; -1.987 ; -1.987 ; Rise       ; clk             ;
;  idata[38] ; clk        ; -1.483 ; -1.483 ; Rise       ; clk             ;
;  idata[39] ; clk        ; -1.807 ; -1.807 ; Rise       ; clk             ;
;  idata[40] ; clk        ; -1.690 ; -1.690 ; Rise       ; clk             ;
;  idata[41] ; clk        ; -1.895 ; -1.895 ; Rise       ; clk             ;
;  idata[42] ; clk        ; -1.838 ; -1.838 ; Rise       ; clk             ;
;  idata[43] ; clk        ; -1.781 ; -1.781 ; Rise       ; clk             ;
;  idata[44] ; clk        ; -1.788 ; -1.788 ; Rise       ; clk             ;
;  idata[45] ; clk        ; -1.982 ; -1.982 ; Rise       ; clk             ;
;  idata[46] ; clk        ; -1.738 ; -1.738 ; Rise       ; clk             ;
;  idata[47] ; clk        ; -1.767 ; -1.767 ; Rise       ; clk             ;
;  idata[48] ; clk        ; -1.520 ; -1.520 ; Rise       ; clk             ;
;  idata[49] ; clk        ; -1.571 ; -1.571 ; Rise       ; clk             ;
;  idata[50] ; clk        ; -1.761 ; -1.761 ; Rise       ; clk             ;
;  idata[51] ; clk        ; -1.906 ; -1.906 ; Rise       ; clk             ;
;  idata[52] ; clk        ; -1.483 ; -1.483 ; Rise       ; clk             ;
;  idata[53] ; clk        ; -1.773 ; -1.773 ; Rise       ; clk             ;
;  idata[54] ; clk        ; -1.661 ; -1.661 ; Rise       ; clk             ;
;  idata[55] ; clk        ; -1.775 ; -1.775 ; Rise       ; clk             ;
;  idata[56] ; clk        ; -1.852 ; -1.852 ; Rise       ; clk             ;
;  idata[57] ; clk        ; -1.813 ; -1.813 ; Rise       ; clk             ;
;  idata[58] ; clk        ; -1.703 ; -1.703 ; Rise       ; clk             ;
;  idata[59] ; clk        ; -2.034 ; -2.034 ; Rise       ; clk             ;
;  idata[60] ; clk        ; -1.617 ; -1.617 ; Rise       ; clk             ;
;  idata[61] ; clk        ; -2.081 ; -2.081 ; Rise       ; clk             ;
;  idata[62] ; clk        ; -1.593 ; -1.593 ; Rise       ; clk             ;
;  idata[63] ; clk        ; -1.816 ; -1.816 ; Rise       ; clk             ;
; key1[*]    ; clk        ; 0.212  ; 0.212  ; Rise       ; clk             ;
;  key1[1]   ; clk        ; -2.290 ; -2.290 ; Rise       ; clk             ;
;  key1[2]   ; clk        ; -2.101 ; -2.101 ; Rise       ; clk             ;
;  key1[3]   ; clk        ; -2.308 ; -2.308 ; Rise       ; clk             ;
;  key1[4]   ; clk        ; -2.250 ; -2.250 ; Rise       ; clk             ;
;  key1[5]   ; clk        ; -2.474 ; -2.474 ; Rise       ; clk             ;
;  key1[6]   ; clk        ; -2.257 ; -2.257 ; Rise       ; clk             ;
;  key1[7]   ; clk        ; -2.145 ; -2.145 ; Rise       ; clk             ;
;  key1[9]   ; clk        ; -2.481 ; -2.481 ; Rise       ; clk             ;
;  key1[10]  ; clk        ; -2.315 ; -2.315 ; Rise       ; clk             ;
;  key1[11]  ; clk        ; -2.296 ; -2.296 ; Rise       ; clk             ;
;  key1[12]  ; clk        ; -2.396 ; -2.396 ; Rise       ; clk             ;
;  key1[13]  ; clk        ; -2.137 ; -2.137 ; Rise       ; clk             ;
;  key1[14]  ; clk        ; -2.435 ; -2.435 ; Rise       ; clk             ;
;  key1[15]  ; clk        ; -2.417 ; -2.417 ; Rise       ; clk             ;
;  key1[17]  ; clk        ; -2.360 ; -2.360 ; Rise       ; clk             ;
;  key1[18]  ; clk        ; -2.516 ; -2.516 ; Rise       ; clk             ;
;  key1[19]  ; clk        ; -2.416 ; -2.416 ; Rise       ; clk             ;
;  key1[20]  ; clk        ; -2.408 ; -2.408 ; Rise       ; clk             ;
;  key1[21]  ; clk        ; -2.260 ; -2.260 ; Rise       ; clk             ;
;  key1[22]  ; clk        ; -2.180 ; -2.180 ; Rise       ; clk             ;
;  key1[23]  ; clk        ; -2.493 ; -2.493 ; Rise       ; clk             ;
;  key1[25]  ; clk        ; -2.310 ; -2.310 ; Rise       ; clk             ;
;  key1[26]  ; clk        ; -2.552 ; -2.552 ; Rise       ; clk             ;
;  key1[27]  ; clk        ; -2.554 ; -2.554 ; Rise       ; clk             ;
;  key1[28]  ; clk        ; -2.507 ; -2.507 ; Rise       ; clk             ;
;  key1[29]  ; clk        ; -2.409 ; -2.409 ; Rise       ; clk             ;
;  key1[30]  ; clk        ; -2.075 ; -2.075 ; Rise       ; clk             ;
;  key1[31]  ; clk        ; -0.053 ; -0.053 ; Rise       ; clk             ;
;  key1[33]  ; clk        ; -2.237 ; -2.237 ; Rise       ; clk             ;
;  key1[34]  ; clk        ; -2.183 ; -2.183 ; Rise       ; clk             ;
;  key1[35]  ; clk        ; -2.146 ; -2.146 ; Rise       ; clk             ;
;  key1[36]  ; clk        ; -2.722 ; -2.722 ; Rise       ; clk             ;
;  key1[37]  ; clk        ; -2.119 ; -2.119 ; Rise       ; clk             ;
;  key1[38]  ; clk        ; -2.465 ; -2.465 ; Rise       ; clk             ;
;  key1[39]  ; clk        ; -2.342 ; -2.342 ; Rise       ; clk             ;
;  key1[41]  ; clk        ; -2.192 ; -2.192 ; Rise       ; clk             ;
;  key1[42]  ; clk        ; -2.546 ; -2.546 ; Rise       ; clk             ;
;  key1[43]  ; clk        ; -2.405 ; -2.405 ; Rise       ; clk             ;
;  key1[44]  ; clk        ; -2.445 ; -2.445 ; Rise       ; clk             ;
;  key1[45]  ; clk        ; -2.295 ; -2.295 ; Rise       ; clk             ;
;  key1[46]  ; clk        ; -2.341 ; -2.341 ; Rise       ; clk             ;
;  key1[47]  ; clk        ; -2.341 ; -2.341 ; Rise       ; clk             ;
;  key1[49]  ; clk        ; -2.228 ; -2.228 ; Rise       ; clk             ;
;  key1[50]  ; clk        ; -2.188 ; -2.188 ; Rise       ; clk             ;
;  key1[51]  ; clk        ; 0.212  ; 0.212  ; Rise       ; clk             ;
;  key1[52]  ; clk        ; -2.188 ; -2.188 ; Rise       ; clk             ;
;  key1[53]  ; clk        ; -2.343 ; -2.343 ; Rise       ; clk             ;
;  key1[54]  ; clk        ; -2.362 ; -2.362 ; Rise       ; clk             ;
;  key1[55]  ; clk        ; -2.438 ; -2.438 ; Rise       ; clk             ;
;  key1[57]  ; clk        ; -2.184 ; -2.184 ; Rise       ; clk             ;
;  key1[58]  ; clk        ; -2.489 ; -2.489 ; Rise       ; clk             ;
;  key1[59]  ; clk        ; -2.267 ; -2.267 ; Rise       ; clk             ;
;  key1[60]  ; clk        ; -2.339 ; -2.339 ; Rise       ; clk             ;
;  key1[61]  ; clk        ; -2.423 ; -2.423 ; Rise       ; clk             ;
;  key1[62]  ; clk        ; -2.344 ; -2.344 ; Rise       ; clk             ;
;  key1[63]  ; clk        ; -2.514 ; -2.514 ; Rise       ; clk             ;
; key2[*]    ; clk        ; -1.775 ; -1.775 ; Rise       ; clk             ;
;  key2[1]   ; clk        ; -2.263 ; -2.263 ; Rise       ; clk             ;
;  key2[2]   ; clk        ; -2.248 ; -2.248 ; Rise       ; clk             ;
;  key2[3]   ; clk        ; -1.981 ; -1.981 ; Rise       ; clk             ;
;  key2[4]   ; clk        ; -2.350 ; -2.350 ; Rise       ; clk             ;
;  key2[5]   ; clk        ; -2.459 ; -2.459 ; Rise       ; clk             ;
;  key2[6]   ; clk        ; -2.621 ; -2.621 ; Rise       ; clk             ;
;  key2[7]   ; clk        ; -2.430 ; -2.430 ; Rise       ; clk             ;
;  key2[9]   ; clk        ; -2.153 ; -2.153 ; Rise       ; clk             ;
;  key2[10]  ; clk        ; -2.130 ; -2.130 ; Rise       ; clk             ;
;  key2[11]  ; clk        ; -2.028 ; -2.028 ; Rise       ; clk             ;
;  key2[12]  ; clk        ; -2.359 ; -2.359 ; Rise       ; clk             ;
;  key2[13]  ; clk        ; -2.441 ; -2.441 ; Rise       ; clk             ;
;  key2[14]  ; clk        ; -2.191 ; -2.191 ; Rise       ; clk             ;
;  key2[15]  ; clk        ; -2.315 ; -2.315 ; Rise       ; clk             ;
;  key2[17]  ; clk        ; -2.193 ; -2.193 ; Rise       ; clk             ;
;  key2[18]  ; clk        ; -2.028 ; -2.028 ; Rise       ; clk             ;
;  key2[19]  ; clk        ; -1.775 ; -1.775 ; Rise       ; clk             ;
;  key2[20]  ; clk        ; -2.390 ; -2.390 ; Rise       ; clk             ;
;  key2[21]  ; clk        ; -2.229 ; -2.229 ; Rise       ; clk             ;
;  key2[22]  ; clk        ; -2.562 ; -2.562 ; Rise       ; clk             ;
;  key2[23]  ; clk        ; -2.306 ; -2.306 ; Rise       ; clk             ;
;  key2[25]  ; clk        ; -2.020 ; -2.020 ; Rise       ; clk             ;
;  key2[26]  ; clk        ; -2.298 ; -2.298 ; Rise       ; clk             ;
;  key2[27]  ; clk        ; -2.154 ; -2.154 ; Rise       ; clk             ;
;  key2[28]  ; clk        ; -2.490 ; -2.490 ; Rise       ; clk             ;
;  key2[29]  ; clk        ; -2.136 ; -2.136 ; Rise       ; clk             ;
;  key2[30]  ; clk        ; -2.520 ; -2.520 ; Rise       ; clk             ;
;  key2[31]  ; clk        ; -2.337 ; -2.337 ; Rise       ; clk             ;
;  key2[33]  ; clk        ; -2.017 ; -2.017 ; Rise       ; clk             ;
;  key2[34]  ; clk        ; -2.243 ; -2.243 ; Rise       ; clk             ;
;  key2[35]  ; clk        ; -2.097 ; -2.097 ; Rise       ; clk             ;
;  key2[36]  ; clk        ; -2.022 ; -2.022 ; Rise       ; clk             ;
;  key2[37]  ; clk        ; -2.340 ; -2.340 ; Rise       ; clk             ;
;  key2[38]  ; clk        ; -2.311 ; -2.311 ; Rise       ; clk             ;
;  key2[39]  ; clk        ; -2.181 ; -2.181 ; Rise       ; clk             ;
;  key2[41]  ; clk        ; -2.238 ; -2.238 ; Rise       ; clk             ;
;  key2[42]  ; clk        ; -1.815 ; -1.815 ; Rise       ; clk             ;
;  key2[43]  ; clk        ; -2.082 ; -2.082 ; Rise       ; clk             ;
;  key2[44]  ; clk        ; -1.975 ; -1.975 ; Rise       ; clk             ;
;  key2[45]  ; clk        ; -2.345 ; -2.345 ; Rise       ; clk             ;
;  key2[46]  ; clk        ; -2.335 ; -2.335 ; Rise       ; clk             ;
;  key2[47]  ; clk        ; -2.271 ; -2.271 ; Rise       ; clk             ;
;  key2[49]  ; clk        ; -2.175 ; -2.175 ; Rise       ; clk             ;
;  key2[50]  ; clk        ; -2.188 ; -2.188 ; Rise       ; clk             ;
;  key2[51]  ; clk        ; -2.113 ; -2.113 ; Rise       ; clk             ;
;  key2[52]  ; clk        ; -1.871 ; -1.871 ; Rise       ; clk             ;
;  key2[53]  ; clk        ; -2.310 ; -2.310 ; Rise       ; clk             ;
;  key2[54]  ; clk        ; -2.421 ; -2.421 ; Rise       ; clk             ;
;  key2[55]  ; clk        ; -2.579 ; -2.579 ; Rise       ; clk             ;
;  key2[57]  ; clk        ; -2.434 ; -2.434 ; Rise       ; clk             ;
;  key2[58]  ; clk        ; -2.199 ; -2.199 ; Rise       ; clk             ;
;  key2[59]  ; clk        ; -2.263 ; -2.263 ; Rise       ; clk             ;
;  key2[60]  ; clk        ; -1.907 ; -1.907 ; Rise       ; clk             ;
;  key2[61]  ; clk        ; -2.479 ; -2.479 ; Rise       ; clk             ;
;  key2[62]  ; clk        ; -2.194 ; -2.194 ; Rise       ; clk             ;
;  key2[63]  ; clk        ; -2.264 ; -2.264 ; Rise       ; clk             ;
; key3[*]    ; clk        ; 0.282  ; 0.282  ; Rise       ; clk             ;
;  key3[1]   ; clk        ; -2.278 ; -2.278 ; Rise       ; clk             ;
;  key3[2]   ; clk        ; -2.240 ; -2.240 ; Rise       ; clk             ;
;  key3[3]   ; clk        ; -1.965 ; -1.965 ; Rise       ; clk             ;
;  key3[4]   ; clk        ; -2.470 ; -2.470 ; Rise       ; clk             ;
;  key3[5]   ; clk        ; -2.338 ; -2.338 ; Rise       ; clk             ;
;  key3[6]   ; clk        ; -2.346 ; -2.346 ; Rise       ; clk             ;
;  key3[7]   ; clk        ; -2.239 ; -2.239 ; Rise       ; clk             ;
;  key3[9]   ; clk        ; -2.012 ; -2.012 ; Rise       ; clk             ;
;  key3[10]  ; clk        ; -2.365 ; -2.365 ; Rise       ; clk             ;
;  key3[11]  ; clk        ; -2.202 ; -2.202 ; Rise       ; clk             ;
;  key3[12]  ; clk        ; -2.510 ; -2.510 ; Rise       ; clk             ;
;  key3[13]  ; clk        ; -1.991 ; -1.991 ; Rise       ; clk             ;
;  key3[14]  ; clk        ; -2.173 ; -2.173 ; Rise       ; clk             ;
;  key3[15]  ; clk        ; -2.346 ; -2.346 ; Rise       ; clk             ;
;  key3[17]  ; clk        ; -2.305 ; -2.305 ; Rise       ; clk             ;
;  key3[18]  ; clk        ; -1.695 ; -1.695 ; Rise       ; clk             ;
;  key3[19]  ; clk        ; -2.229 ; -2.229 ; Rise       ; clk             ;
;  key3[20]  ; clk        ; -2.002 ; -2.002 ; Rise       ; clk             ;
;  key3[21]  ; clk        ; -2.144 ; -2.144 ; Rise       ; clk             ;
;  key3[22]  ; clk        ; -2.429 ; -2.429 ; Rise       ; clk             ;
;  key3[23]  ; clk        ; -2.166 ; -2.166 ; Rise       ; clk             ;
;  key3[25]  ; clk        ; -2.257 ; -2.257 ; Rise       ; clk             ;
;  key3[26]  ; clk        ; -2.288 ; -2.288 ; Rise       ; clk             ;
;  key3[27]  ; clk        ; -2.277 ; -2.277 ; Rise       ; clk             ;
;  key3[28]  ; clk        ; 0.045  ; 0.045  ; Rise       ; clk             ;
;  key3[29]  ; clk        ; -2.067 ; -2.067 ; Rise       ; clk             ;
;  key3[30]  ; clk        ; -2.106 ; -2.106 ; Rise       ; clk             ;
;  key3[31]  ; clk        ; -2.573 ; -2.573 ; Rise       ; clk             ;
;  key3[33]  ; clk        ; -2.336 ; -2.336 ; Rise       ; clk             ;
;  key3[34]  ; clk        ; -1.777 ; -1.777 ; Rise       ; clk             ;
;  key3[35]  ; clk        ; -2.113 ; -2.113 ; Rise       ; clk             ;
;  key3[36]  ; clk        ; -2.062 ; -2.062 ; Rise       ; clk             ;
;  key3[37]  ; clk        ; -2.324 ; -2.324 ; Rise       ; clk             ;
;  key3[38]  ; clk        ; -2.087 ; -2.087 ; Rise       ; clk             ;
;  key3[39]  ; clk        ; -2.170 ; -2.170 ; Rise       ; clk             ;
;  key3[41]  ; clk        ; -2.062 ; -2.062 ; Rise       ; clk             ;
;  key3[42]  ; clk        ; -2.508 ; -2.508 ; Rise       ; clk             ;
;  key3[43]  ; clk        ; -2.071 ; -2.071 ; Rise       ; clk             ;
;  key3[44]  ; clk        ; -2.161 ; -2.161 ; Rise       ; clk             ;
;  key3[45]  ; clk        ; -2.186 ; -2.186 ; Rise       ; clk             ;
;  key3[46]  ; clk        ; -2.055 ; -2.055 ; Rise       ; clk             ;
;  key3[47]  ; clk        ; 0.282  ; 0.282  ; Rise       ; clk             ;
;  key3[49]  ; clk        ; -2.181 ; -2.181 ; Rise       ; clk             ;
;  key3[50]  ; clk        ; -2.162 ; -2.162 ; Rise       ; clk             ;
;  key3[51]  ; clk        ; -1.885 ; -1.885 ; Rise       ; clk             ;
;  key3[52]  ; clk        ; -2.111 ; -2.111 ; Rise       ; clk             ;
;  key3[53]  ; clk        ; -2.315 ; -2.315 ; Rise       ; clk             ;
;  key3[54]  ; clk        ; -2.386 ; -2.386 ; Rise       ; clk             ;
;  key3[55]  ; clk        ; -2.291 ; -2.291 ; Rise       ; clk             ;
;  key3[57]  ; clk        ; -1.875 ; -1.875 ; Rise       ; clk             ;
;  key3[58]  ; clk        ; -2.116 ; -2.116 ; Rise       ; clk             ;
;  key3[59]  ; clk        ; -2.245 ; -2.245 ; Rise       ; clk             ;
;  key3[60]  ; clk        ; -2.368 ; -2.368 ; Rise       ; clk             ;
;  key3[61]  ; clk        ; -2.470 ; -2.470 ; Rise       ; clk             ;
;  key3[62]  ; clk        ; -2.198 ; -2.198 ; Rise       ; clk             ;
;  key3[63]  ; clk        ; -2.376 ; -2.376 ; Rise       ; clk             ;
; valid_in   ; clk        ; -1.568 ; -1.568 ; Rise       ; clk             ;
+------------+------------+--------+--------+------------+-----------------+


+------------------------------------------------------------------------+
; Clock to Output Times                                                  ;
+------------+------------+-------+-------+------------+-----------------+
; Data Port  ; Clock Port ; Rise  ; Fall  ; Clock Edge ; Clock Reference ;
+------------+------------+-------+-------+------------+-----------------+
; odata[*]   ; clk        ; 4.268 ; 4.268 ; Rise       ; clk             ;
;  odata[0]  ; clk        ; 3.871 ; 3.871 ; Rise       ; clk             ;
;  odata[1]  ; clk        ; 3.815 ; 3.815 ; Rise       ; clk             ;
;  odata[2]  ; clk        ; 3.940 ; 3.940 ; Rise       ; clk             ;
;  odata[3]  ; clk        ; 4.129 ; 4.129 ; Rise       ; clk             ;
;  odata[4]  ; clk        ; 3.647 ; 3.647 ; Rise       ; clk             ;
;  odata[5]  ; clk        ; 4.155 ; 4.155 ; Rise       ; clk             ;
;  odata[6]  ; clk        ; 3.773 ; 3.773 ; Rise       ; clk             ;
;  odata[7]  ; clk        ; 3.531 ; 3.531 ; Rise       ; clk             ;
;  odata[8]  ; clk        ; 3.610 ; 3.610 ; Rise       ; clk             ;
;  odata[9]  ; clk        ; 3.420 ; 3.420 ; Rise       ; clk             ;
;  odata[10] ; clk        ; 3.838 ; 3.838 ; Rise       ; clk             ;
;  odata[11] ; clk        ; 3.733 ; 3.733 ; Rise       ; clk             ;
;  odata[12] ; clk        ; 3.820 ; 3.820 ; Rise       ; clk             ;
;  odata[13] ; clk        ; 3.690 ; 3.690 ; Rise       ; clk             ;
;  odata[14] ; clk        ; 3.844 ; 3.844 ; Rise       ; clk             ;
;  odata[15] ; clk        ; 3.684 ; 3.684 ; Rise       ; clk             ;
;  odata[16] ; clk        ; 4.155 ; 4.155 ; Rise       ; clk             ;
;  odata[17] ; clk        ; 3.517 ; 3.517 ; Rise       ; clk             ;
;  odata[18] ; clk        ; 3.879 ; 3.879 ; Rise       ; clk             ;
;  odata[19] ; clk        ; 3.857 ; 3.857 ; Rise       ; clk             ;
;  odata[20] ; clk        ; 3.610 ; 3.610 ; Rise       ; clk             ;
;  odata[21] ; clk        ; 3.860 ; 3.860 ; Rise       ; clk             ;
;  odata[22] ; clk        ; 3.581 ; 3.581 ; Rise       ; clk             ;
;  odata[23] ; clk        ; 3.735 ; 3.735 ; Rise       ; clk             ;
;  odata[24] ; clk        ; 3.881 ; 3.881 ; Rise       ; clk             ;
;  odata[25] ; clk        ; 3.911 ; 3.911 ; Rise       ; clk             ;
;  odata[26] ; clk        ; 3.824 ; 3.824 ; Rise       ; clk             ;
;  odata[27] ; clk        ; 3.867 ; 3.867 ; Rise       ; clk             ;
;  odata[28] ; clk        ; 3.464 ; 3.464 ; Rise       ; clk             ;
;  odata[29] ; clk        ; 3.634 ; 3.634 ; Rise       ; clk             ;
;  odata[30] ; clk        ; 3.554 ; 3.554 ; Rise       ; clk             ;
;  odata[31] ; clk        ; 4.111 ; 4.111 ; Rise       ; clk             ;
;  odata[32] ; clk        ; 3.789 ; 3.789 ; Rise       ; clk             ;
;  odata[33] ; clk        ; 3.583 ; 3.583 ; Rise       ; clk             ;
;  odata[34] ; clk        ; 3.556 ; 3.556 ; Rise       ; clk             ;
;  odata[35] ; clk        ; 3.570 ; 3.570 ; Rise       ; clk             ;
;  odata[36] ; clk        ; 3.804 ; 3.804 ; Rise       ; clk             ;
;  odata[37] ; clk        ; 3.432 ; 3.432 ; Rise       ; clk             ;
;  odata[38] ; clk        ; 3.644 ; 3.644 ; Rise       ; clk             ;
;  odata[39] ; clk        ; 3.954 ; 3.954 ; Rise       ; clk             ;
;  odata[40] ; clk        ; 3.819 ; 3.819 ; Rise       ; clk             ;
;  odata[41] ; clk        ; 3.853 ; 3.853 ; Rise       ; clk             ;
;  odata[42] ; clk        ; 3.463 ; 3.463 ; Rise       ; clk             ;
;  odata[43] ; clk        ; 3.927 ; 3.927 ; Rise       ; clk             ;
;  odata[44] ; clk        ; 3.828 ; 3.828 ; Rise       ; clk             ;
;  odata[45] ; clk        ; 4.101 ; 4.101 ; Rise       ; clk             ;
;  odata[46] ; clk        ; 3.655 ; 3.655 ; Rise       ; clk             ;
;  odata[47] ; clk        ; 3.489 ; 3.489 ; Rise       ; clk             ;
;  odata[48] ; clk        ; 3.569 ; 3.569 ; Rise       ; clk             ;
;  odata[49] ; clk        ; 3.806 ; 3.806 ; Rise       ; clk             ;
;  odata[50] ; clk        ; 3.457 ; 3.457 ; Rise       ; clk             ;
;  odata[51] ; clk        ; 3.473 ; 3.473 ; Rise       ; clk             ;
;  odata[52] ; clk        ; 3.542 ; 3.542 ; Rise       ; clk             ;
;  odata[53] ; clk        ; 3.613 ; 3.613 ; Rise       ; clk             ;
;  odata[54] ; clk        ; 3.464 ; 3.464 ; Rise       ; clk             ;
;  odata[55] ; clk        ; 3.453 ; 3.453 ; Rise       ; clk             ;
;  odata[56] ; clk        ; 3.706 ; 3.706 ; Rise       ; clk             ;
;  odata[57] ; clk        ; 3.909 ; 3.909 ; Rise       ; clk             ;
;  odata[58] ; clk        ; 3.426 ; 3.426 ; Rise       ; clk             ;
;  odata[59] ; clk        ; 3.856 ; 3.856 ; Rise       ; clk             ;
;  odata[60] ; clk        ; 4.049 ; 4.049 ; Rise       ; clk             ;
;  odata[61] ; clk        ; 3.731 ; 3.731 ; Rise       ; clk             ;
;  odata[62] ; clk        ; 4.268 ; 4.268 ; Rise       ; clk             ;
;  odata[63] ; clk        ; 3.897 ; 3.897 ; Rise       ; clk             ;
; valid_out  ; clk        ; 3.460 ; 3.460 ; Rise       ; clk             ;
+------------+------------+-------+-------+------------+-----------------+


+------------------------------------------------------------------------+
; Minimum Clock to Output Times                                          ;
+------------+------------+-------+-------+------------+-----------------+
; Data Port  ; Clock Port ; Rise  ; Fall  ; Clock Edge ; Clock Reference ;
+------------+------------+-------+-------+------------+-----------------+
; odata[*]   ; clk        ; 3.420 ; 3.420 ; Rise       ; clk             ;
;  odata[0]  ; clk        ; 3.871 ; 3.871 ; Rise       ; clk             ;
;  odata[1]  ; clk        ; 3.815 ; 3.815 ; Rise       ; clk             ;
;  odata[2]  ; clk        ; 3.940 ; 3.940 ; Rise       ; clk             ;
;  odata[3]  ; clk        ; 4.129 ; 4.129 ; Rise       ; clk             ;
;  odata[4]  ; clk        ; 3.647 ; 3.647 ; Rise       ; clk             ;
;  odata[5]  ; clk        ; 4.155 ; 4.155 ; Rise       ; clk             ;
;  odata[6]  ; clk        ; 3.773 ; 3.773 ; Rise       ; clk             ;
;  odata[7]  ; clk        ; 3.531 ; 3.531 ; Rise       ; clk             ;
;  odata[8]  ; clk        ; 3.610 ; 3.610 ; Rise       ; clk             ;
;  odata[9]  ; clk        ; 3.420 ; 3.420 ; Rise       ; clk             ;
;  odata[10] ; clk        ; 3.838 ; 3.838 ; Rise       ; clk             ;
;  odata[11] ; clk        ; 3.733 ; 3.733 ; Rise       ; clk             ;
;  odata[12] ; clk        ; 3.820 ; 3.820 ; Rise       ; clk             ;
;  odata[13] ; clk        ; 3.690 ; 3.690 ; Rise       ; clk             ;
;  odata[14] ; clk        ; 3.844 ; 3.844 ; Rise       ; clk             ;
;  odata[15] ; clk        ; 3.684 ; 3.684 ; Rise       ; clk             ;
;  odata[16] ; clk        ; 4.155 ; 4.155 ; Rise       ; clk             ;
;  odata[17] ; clk        ; 3.517 ; 3.517 ; Rise       ; clk             ;
;  odata[18] ; clk        ; 3.879 ; 3.879 ; Rise       ; clk             ;
;  odata[19] ; clk        ; 3.857 ; 3.857 ; Rise       ; clk             ;
;  odata[20] ; clk        ; 3.610 ; 3.610 ; Rise       ; clk             ;
;  odata[21] ; clk        ; 3.860 ; 3.860 ; Rise       ; clk             ;
;  odata[22] ; clk        ; 3.581 ; 3.581 ; Rise       ; clk             ;
;  odata[23] ; clk        ; 3.735 ; 3.735 ; Rise       ; clk             ;
;  odata[24] ; clk        ; 3.881 ; 3.881 ; Rise       ; clk             ;
;  odata[25] ; clk        ; 3.911 ; 3.911 ; Rise       ; clk             ;
;  odata[26] ; clk        ; 3.824 ; 3.824 ; Rise       ; clk             ;
;  odata[27] ; clk        ; 3.867 ; 3.867 ; Rise       ; clk             ;
;  odata[28] ; clk        ; 3.464 ; 3.464 ; Rise       ; clk             ;
;  odata[29] ; clk        ; 3.634 ; 3.634 ; Rise       ; clk             ;
;  odata[30] ; clk        ; 3.554 ; 3.554 ; Rise       ; clk             ;
;  odata[31] ; clk        ; 4.111 ; 4.111 ; Rise       ; clk             ;
;  odata[32] ; clk        ; 3.789 ; 3.789 ; Rise       ; clk             ;
;  odata[33] ; clk        ; 3.583 ; 3.583 ; Rise       ; clk             ;
;  odata[34] ; clk        ; 3.556 ; 3.556 ; Rise       ; clk             ;
;  odata[35] ; clk        ; 3.570 ; 3.570 ; Rise       ; clk             ;
;  odata[36] ; clk        ; 3.804 ; 3.804 ; Rise       ; clk             ;
;  odata[37] ; clk        ; 3.432 ; 3.432 ; Rise       ; clk             ;
;  odata[38] ; clk        ; 3.644 ; 3.644 ; Rise       ; clk             ;
;  odata[39] ; clk        ; 3.954 ; 3.954 ; Rise       ; clk             ;
;  odata[40] ; clk        ; 3.819 ; 3.819 ; Rise       ; clk             ;
;  odata[41] ; clk        ; 3.853 ; 3.853 ; Rise       ; clk             ;
;  odata[42] ; clk        ; 3.463 ; 3.463 ; Rise       ; clk             ;
;  odata[43] ; clk        ; 3.927 ; 3.927 ; Rise       ; clk             ;
;  odata[44] ; clk        ; 3.828 ; 3.828 ; Rise       ; clk             ;
;  odata[45] ; clk        ; 4.101 ; 4.101 ; Rise       ; clk             ;
;  odata[46] ; clk        ; 3.655 ; 3.655 ; Rise       ; clk             ;
;  odata[47] ; clk        ; 3.489 ; 3.489 ; Rise       ; clk             ;
;  odata[48] ; clk        ; 3.569 ; 3.569 ; Rise       ; clk             ;
;  odata[49] ; clk        ; 3.806 ; 3.806 ; Rise       ; clk             ;
;  odata[50] ; clk        ; 3.457 ; 3.457 ; Rise       ; clk             ;
;  odata[51] ; clk        ; 3.473 ; 3.473 ; Rise       ; clk             ;
;  odata[52] ; clk        ; 3.542 ; 3.542 ; Rise       ; clk             ;
;  odata[53] ; clk        ; 3.613 ; 3.613 ; Rise       ; clk             ;
;  odata[54] ; clk        ; 3.464 ; 3.464 ; Rise       ; clk             ;
;  odata[55] ; clk        ; 3.453 ; 3.453 ; Rise       ; clk             ;
;  odata[56] ; clk        ; 3.706 ; 3.706 ; Rise       ; clk             ;
;  odata[57] ; clk        ; 3.909 ; 3.909 ; Rise       ; clk             ;
;  odata[58] ; clk        ; 3.426 ; 3.426 ; Rise       ; clk             ;
;  odata[59] ; clk        ; 3.856 ; 3.856 ; Rise       ; clk             ;
;  odata[60] ; clk        ; 4.049 ; 4.049 ; Rise       ; clk             ;
;  odata[61] ; clk        ; 3.731 ; 3.731 ; Rise       ; clk             ;
;  odata[62] ; clk        ; 4.268 ; 4.268 ; Rise       ; clk             ;
;  odata[63] ; clk        ; 3.897 ; 3.897 ; Rise       ; clk             ;
; valid_out  ; clk        ; 3.460 ; 3.460 ; Rise       ; clk             ;
+------------+------------+-------+-------+------------+-----------------+


+---------------------------------------------------------------------------------+
; Multicorner Timing Analysis Summary                                             ;
+------------------+-----------+-------+----------+---------+---------------------+
; Clock            ; Setup     ; Hold  ; Recovery ; Removal ; Minimum Pulse Width ;
+------------------+-----------+-------+----------+---------+---------------------+
; Worst-case Slack ; -3.934    ; 0.215 ; -2.135   ; 1.769   ; -1.627              ;
;  clk             ; -3.934    ; 0.215 ; -2.135   ; 1.769   ; -1.627              ;
; Design-wide TNS  ; -5811.788 ; 0.0   ; -273.28  ; 0.0     ; -4434.98            ;
;  clk             ; -5811.788 ; 0.000 ; -273.280 ; 0.000   ; -4434.980           ;
+------------------+-----------+-------+----------+---------+---------------------+


+------------------------------------------------------------------------+
; Setup Times                                                            ;
+------------+------------+-------+-------+------------+-----------------+
; Data Port  ; Clock Port ; Rise  ; Fall  ; Clock Edge ; Clock Reference ;
+------------+------------+-------+-------+------------+-----------------+
; idata[*]   ; clk        ; 4.073 ; 4.073 ; Rise       ; clk             ;
;  idata[0]  ; clk        ; 3.405 ; 3.405 ; Rise       ; clk             ;
;  idata[1]  ; clk        ; 3.462 ; 3.462 ; Rise       ; clk             ;
;  idata[2]  ; clk        ; 3.551 ; 3.551 ; Rise       ; clk             ;
;  idata[3]  ; clk        ; 3.958 ; 3.958 ; Rise       ; clk             ;
;  idata[4]  ; clk        ; 3.395 ; 3.395 ; Rise       ; clk             ;
;  idata[5]  ; clk        ; 3.480 ; 3.480 ; Rise       ; clk             ;
;  idata[6]  ; clk        ; 2.871 ; 2.871 ; Rise       ; clk             ;
;  idata[7]  ; clk        ; 3.650 ; 3.650 ; Rise       ; clk             ;
;  idata[8]  ; clk        ; 3.110 ; 3.110 ; Rise       ; clk             ;
;  idata[9]  ; clk        ; 0.737 ; 0.737 ; Rise       ; clk             ;
;  idata[10] ; clk        ; 3.892 ; 3.892 ; Rise       ; clk             ;
;  idata[11] ; clk        ; 3.230 ; 3.230 ; Rise       ; clk             ;
;  idata[12] ; clk        ; 2.832 ; 2.832 ; Rise       ; clk             ;
;  idata[13] ; clk        ; 1.069 ; 1.069 ; Rise       ; clk             ;
;  idata[14] ; clk        ; 3.621 ; 3.621 ; Rise       ; clk             ;
;  idata[15] ; clk        ; 3.719 ; 3.719 ; Rise       ; clk             ;
;  idata[16] ; clk        ; 3.047 ; 3.047 ; Rise       ; clk             ;
;  idata[17] ; clk        ; 0.521 ; 0.521 ; Rise       ; clk             ;
;  idata[18] ; clk        ; 3.505 ; 3.505 ; Rise       ; clk             ;
;  idata[19] ; clk        ; 3.758 ; 3.758 ; Rise       ; clk             ;
;  idata[20] ; clk        ; 3.468 ; 3.468 ; Rise       ; clk             ;
;  idata[21] ; clk        ; 3.248 ; 3.248 ; Rise       ; clk             ;
;  idata[22] ; clk        ; 3.629 ; 3.629 ; Rise       ; clk             ;
;  idata[23] ; clk        ; 3.516 ; 3.516 ; Rise       ; clk             ;
;  idata[24] ; clk        ; 3.434 ; 3.434 ; Rise       ; clk             ;
;  idata[25] ; clk        ; 0.647 ; 0.647 ; Rise       ; clk             ;
;  idata[26] ; clk        ; 2.860 ; 2.860 ; Rise       ; clk             ;
;  idata[27] ; clk        ; 3.397 ; 3.397 ; Rise       ; clk             ;
;  idata[28] ; clk        ; 3.538 ; 3.538 ; Rise       ; clk             ;
;  idata[29] ; clk        ; 3.392 ; 3.392 ; Rise       ; clk             ;
;  idata[30] ; clk        ; 2.851 ; 2.851 ; Rise       ; clk             ;
;  idata[31] ; clk        ; 3.662 ; 3.662 ; Rise       ; clk             ;
;  idata[32] ; clk        ; 3.467 ; 3.467 ; Rise       ; clk             ;
;  idata[33] ; clk        ; 3.053 ; 3.053 ; Rise       ; clk             ;
;  idata[34] ; clk        ; 2.829 ; 2.829 ; Rise       ; clk             ;
;  idata[35] ; clk        ; 3.732 ; 3.732 ; Rise       ; clk             ;
;  idata[36] ; clk        ; 3.465 ; 3.465 ; Rise       ; clk             ;
;  idata[37] ; clk        ; 3.854 ; 3.854 ; Rise       ; clk             ;
;  idata[38] ; clk        ; 2.850 ; 2.850 ; Rise       ; clk             ;
;  idata[39] ; clk        ; 3.483 ; 3.483 ; Rise       ; clk             ;
;  idata[40] ; clk        ; 3.242 ; 3.242 ; Rise       ; clk             ;
;  idata[41] ; clk        ; 3.719 ; 3.719 ; Rise       ; clk             ;
;  idata[42] ; clk        ; 3.575 ; 3.575 ; Rise       ; clk             ;
;  idata[43] ; clk        ; 3.453 ; 3.453 ; Rise       ; clk             ;
;  idata[44] ; clk        ; 3.511 ; 3.511 ; Rise       ; clk             ;
;  idata[45] ; clk        ; 3.847 ; 3.847 ; Rise       ; clk             ;
;  idata[46] ; clk        ; 3.394 ; 3.394 ; Rise       ; clk             ;
;  idata[47] ; clk        ; 3.494 ; 3.494 ; Rise       ; clk             ;
;  idata[48] ; clk        ; 2.887 ; 2.887 ; Rise       ; clk             ;
;  idata[49] ; clk        ; 3.064 ; 3.064 ; Rise       ; clk             ;
;  idata[50] ; clk        ; 3.432 ; 3.432 ; Rise       ; clk             ;
;  idata[51] ; clk        ; 3.734 ; 3.734 ; Rise       ; clk             ;
;  idata[52] ; clk        ; 2.850 ; 2.850 ; Rise       ; clk             ;
;  idata[53] ; clk        ; 3.444 ; 3.444 ; Rise       ; clk             ;
;  idata[54] ; clk        ; 3.278 ; 3.278 ; Rise       ; clk             ;
;  idata[55] ; clk        ; 3.509 ; 3.509 ; Rise       ; clk             ;
;  idata[56] ; clk        ; 3.579 ; 3.579 ; Rise       ; clk             ;
;  idata[57] ; clk        ; 3.583 ; 3.583 ; Rise       ; clk             ;
;  idata[58] ; clk        ; 3.251 ; 3.251 ; Rise       ; clk             ;
;  idata[59] ; clk        ; 3.976 ; 3.976 ; Rise       ; clk             ;
;  idata[60] ; clk        ; 3.112 ; 3.112 ; Rise       ; clk             ;
;  idata[61] ; clk        ; 4.073 ; 4.073 ; Rise       ; clk             ;
;  idata[62] ; clk        ; 3.086 ; 3.086 ; Rise       ; clk             ;
;  idata[63] ; clk        ; 3.516 ; 3.516 ; Rise       ; clk             ;
; key1[*]    ; clk        ; 9.851 ; 9.851 ; Rise       ; clk             ;
;  key1[1]   ; clk        ; 7.996 ; 7.996 ; Rise       ; clk             ;
;  key1[2]   ; clk        ; 9.167 ; 9.167 ; Rise       ; clk             ;
;  key1[3]   ; clk        ; 9.112 ; 9.112 ; Rise       ; clk             ;
;  key1[4]   ; clk        ; 8.041 ; 8.041 ; Rise       ; clk             ;
;  key1[5]   ; clk        ; 7.963 ; 7.963 ; Rise       ; clk             ;
;  key1[6]   ; clk        ; 8.376 ; 8.376 ; Rise       ; clk             ;
;  key1[7]   ; clk        ; 8.601 ; 8.601 ; Rise       ; clk             ;
;  key1[9]   ; clk        ; 7.851 ; 7.851 ; Rise       ; clk             ;
;  key1[10]  ; clk        ; 7.589 ; 7.589 ; Rise       ; clk             ;
;  key1[11]  ; clk        ; 7.682 ; 7.682 ; Rise       ; clk             ;
;  key1[12]  ; clk        ; 7.908 ; 7.908 ; Rise       ; clk             ;
;  key1[13]  ; clk        ; 7.402 ; 7.402 ; Rise       ; clk             ;
;  key1[14]  ; clk        ; 9.202 ; 9.202 ; Rise       ; clk             ;
;  key1[15]  ; clk        ; 8.718 ; 8.718 ; Rise       ; clk             ;
;  key1[17]  ; clk        ; 8.106 ; 8.106 ; Rise       ; clk             ;
;  key1[18]  ; clk        ; 8.195 ; 8.195 ; Rise       ; clk             ;
;  key1[19]  ; clk        ; 8.377 ; 8.377 ; Rise       ; clk             ;
;  key1[20]  ; clk        ; 8.522 ; 8.522 ; Rise       ; clk             ;
;  key1[21]  ; clk        ; 8.710 ; 8.710 ; Rise       ; clk             ;
;  key1[22]  ; clk        ; 7.448 ; 7.448 ; Rise       ; clk             ;
;  key1[23]  ; clk        ; 7.862 ; 7.862 ; Rise       ; clk             ;
;  key1[25]  ; clk        ; 9.025 ; 9.025 ; Rise       ; clk             ;
;  key1[26]  ; clk        ; 8.014 ; 8.014 ; Rise       ; clk             ;
;  key1[27]  ; clk        ; 8.527 ; 8.527 ; Rise       ; clk             ;
;  key1[28]  ; clk        ; 8.374 ; 8.374 ; Rise       ; clk             ;
;  key1[29]  ; clk        ; 9.022 ; 9.022 ; Rise       ; clk             ;
;  key1[30]  ; clk        ; 8.088 ; 8.088 ; Rise       ; clk             ;
;  key1[31]  ; clk        ; 3.745 ; 3.745 ; Rise       ; clk             ;
;  key1[33]  ; clk        ; 9.571 ; 9.571 ; Rise       ; clk             ;
;  key1[34]  ; clk        ; 8.630 ; 8.630 ; Rise       ; clk             ;
;  key1[35]  ; clk        ; 8.209 ; 8.209 ; Rise       ; clk             ;
;  key1[36]  ; clk        ; 7.940 ; 7.940 ; Rise       ; clk             ;
;  key1[37]  ; clk        ; 7.884 ; 7.884 ; Rise       ; clk             ;
;  key1[38]  ; clk        ; 7.845 ; 7.845 ; Rise       ; clk             ;
;  key1[39]  ; clk        ; 8.311 ; 8.311 ; Rise       ; clk             ;
;  key1[41]  ; clk        ; 8.484 ; 8.484 ; Rise       ; clk             ;
;  key1[42]  ; clk        ; 7.450 ; 7.450 ; Rise       ; clk             ;
;  key1[43]  ; clk        ; 8.258 ; 8.258 ; Rise       ; clk             ;
;  key1[44]  ; clk        ; 7.451 ; 7.451 ; Rise       ; clk             ;
;  key1[45]  ; clk        ; 7.400 ; 7.400 ; Rise       ; clk             ;
;  key1[46]  ; clk        ; 8.418 ; 8.418 ; Rise       ; clk             ;
;  key1[47]  ; clk        ; 7.978 ; 7.978 ; Rise       ; clk             ;
;  key1[49]  ; clk        ; 7.760 ; 7.760 ; Rise       ; clk             ;
;  key1[50]  ; clk        ; 7.304 ; 7.304 ; Rise       ; clk             ;
;  key1[51]  ; clk        ; 4.875 ; 4.875 ; Rise       ; clk             ;
;  key1[52]  ; clk        ; 8.363 ; 8.363 ; Rise       ; clk             ;
;  key1[53]  ; clk        ; 8.004 ; 8.004 ; Rise       ; clk             ;
;  key1[54]  ; clk        ; 7.440 ; 7.440 ; Rise       ; clk             ;
;  key1[55]  ; clk        ; 8.338 ; 8.338 ; Rise       ; clk             ;
;  key1[57]  ; clk        ; 7.988 ; 7.988 ; Rise       ; clk             ;
;  key1[58]  ; clk        ; 8.438 ; 8.438 ; Rise       ; clk             ;
;  key1[59]  ; clk        ; 9.851 ; 9.851 ; Rise       ; clk             ;
;  key1[60]  ; clk        ; 7.692 ; 7.692 ; Rise       ; clk             ;
;  key1[61]  ; clk        ; 7.850 ; 7.850 ; Rise       ; clk             ;
;  key1[62]  ; clk        ; 8.396 ; 8.396 ; Rise       ; clk             ;
;  key1[63]  ; clk        ; 7.792 ; 7.792 ; Rise       ; clk             ;
; key2[*]    ; clk        ; 8.668 ; 8.668 ; Rise       ; clk             ;
;  key2[1]   ; clk        ; 7.489 ; 7.489 ; Rise       ; clk             ;
;  key2[2]   ; clk        ; 8.097 ; 8.097 ; Rise       ; clk             ;
;  key2[3]   ; clk        ; 7.271 ; 7.271 ; Rise       ; clk             ;
;  key2[4]   ; clk        ; 7.536 ; 7.536 ; Rise       ; clk             ;
;  key2[5]   ; clk        ; 7.252 ; 7.252 ; Rise       ; clk             ;
;  key2[6]   ; clk        ; 7.545 ; 7.545 ; Rise       ; clk             ;
;  key2[7]   ; clk        ; 7.719 ; 7.719 ; Rise       ; clk             ;
;  key2[9]   ; clk        ; 8.419 ; 8.419 ; Rise       ; clk             ;
;  key2[10]  ; clk        ; 7.846 ; 7.846 ; Rise       ; clk             ;
;  key2[11]  ; clk        ; 8.091 ; 8.091 ; Rise       ; clk             ;
;  key2[12]  ; clk        ; 8.049 ; 8.049 ; Rise       ; clk             ;
;  key2[13]  ; clk        ; 8.168 ; 8.168 ; Rise       ; clk             ;
;  key2[14]  ; clk        ; 7.574 ; 7.574 ; Rise       ; clk             ;
;  key2[15]  ; clk        ; 8.375 ; 8.375 ; Rise       ; clk             ;
;  key2[17]  ; clk        ; 8.201 ; 8.201 ; Rise       ; clk             ;
;  key2[18]  ; clk        ; 7.624 ; 7.624 ; Rise       ; clk             ;
;  key2[19]  ; clk        ; 8.059 ; 8.059 ; Rise       ; clk             ;
;  key2[20]  ; clk        ; 7.585 ; 7.585 ; Rise       ; clk             ;
;  key2[21]  ; clk        ; 7.462 ; 7.462 ; Rise       ; clk             ;
;  key2[22]  ; clk        ; 8.133 ; 8.133 ; Rise       ; clk             ;
;  key2[23]  ; clk        ; 8.668 ; 8.668 ; Rise       ; clk             ;
;  key2[25]  ; clk        ; 7.823 ; 7.823 ; Rise       ; clk             ;
;  key2[26]  ; clk        ; 8.206 ; 8.206 ; Rise       ; clk             ;
;  key2[27]  ; clk        ; 7.338 ; 7.338 ; Rise       ; clk             ;
;  key2[28]  ; clk        ; 8.212 ; 8.212 ; Rise       ; clk             ;
;  key2[29]  ; clk        ; 7.088 ; 7.088 ; Rise       ; clk             ;
;  key2[30]  ; clk        ; 8.095 ; 8.095 ; Rise       ; clk             ;
;  key2[31]  ; clk        ; 7.737 ; 7.737 ; Rise       ; clk             ;
;  key2[33]  ; clk        ; 8.052 ; 8.052 ; Rise       ; clk             ;
;  key2[34]  ; clk        ; 7.572 ; 7.572 ; Rise       ; clk             ;
;  key2[35]  ; clk        ; 8.088 ; 8.088 ; Rise       ; clk             ;
;  key2[36]  ; clk        ; 8.423 ; 8.423 ; Rise       ; clk             ;
;  key2[37]  ; clk        ; 7.809 ; 7.809 ; Rise       ; clk             ;
;  key2[38]  ; clk        ; 7.442 ; 7.442 ; Rise       ; clk             ;
;  key2[39]  ; clk        ; 8.242 ; 8.242 ; Rise       ; clk             ;
;  key2[41]  ; clk        ; 7.584 ; 7.584 ; Rise       ; clk             ;
;  key2[42]  ; clk        ; 7.973 ; 7.973 ; Rise       ; clk             ;
;  key2[43]  ; clk        ; 7.799 ; 7.799 ; Rise       ; clk             ;
;  key2[44]  ; clk        ; 7.417 ; 7.417 ; Rise       ; clk             ;
;  key2[45]  ; clk        ; 7.812 ; 7.812 ; Rise       ; clk             ;
;  key2[46]  ; clk        ; 7.431 ; 7.431 ; Rise       ; clk             ;
;  key2[47]  ; clk        ; 7.927 ; 7.927 ; Rise       ; clk             ;
;  key2[49]  ; clk        ; 7.126 ; 7.126 ; Rise       ; clk             ;
;  key2[50]  ; clk        ; 8.412 ; 8.412 ; Rise       ; clk             ;
;  key2[51]  ; clk        ; 7.953 ; 7.953 ; Rise       ; clk             ;
;  key2[52]  ; clk        ; 7.635 ; 7.635 ; Rise       ; clk             ;
;  key2[53]  ; clk        ; 6.829 ; 6.829 ; Rise       ; clk             ;
;  key2[54]  ; clk        ; 8.238 ; 8.238 ; Rise       ; clk             ;
;  key2[55]  ; clk        ; 8.320 ; 8.320 ; Rise       ; clk             ;
;  key2[57]  ; clk        ; 8.243 ; 8.243 ; Rise       ; clk             ;
;  key2[58]  ; clk        ; 7.409 ; 7.409 ; Rise       ; clk             ;
;  key2[59]  ; clk        ; 7.919 ; 7.919 ; Rise       ; clk             ;
;  key2[60]  ; clk        ; 8.337 ; 8.337 ; Rise       ; clk             ;
;  key2[61]  ; clk        ; 8.080 ; 8.080 ; Rise       ; clk             ;
;  key2[62]  ; clk        ; 8.054 ; 8.054 ; Rise       ; clk             ;
;  key2[63]  ; clk        ; 8.488 ; 8.488 ; Rise       ; clk             ;
; key3[*]    ; clk        ; 8.928 ; 8.928 ; Rise       ; clk             ;
;  key3[1]   ; clk        ; 7.007 ; 7.007 ; Rise       ; clk             ;
;  key3[2]   ; clk        ; 7.861 ; 7.861 ; Rise       ; clk             ;
;  key3[3]   ; clk        ; 7.767 ; 7.767 ; Rise       ; clk             ;
;  key3[4]   ; clk        ; 8.056 ; 8.056 ; Rise       ; clk             ;
;  key3[5]   ; clk        ; 7.537 ; 7.537 ; Rise       ; clk             ;
;  key3[6]   ; clk        ; 7.922 ; 7.922 ; Rise       ; clk             ;
;  key3[7]   ; clk        ; 8.928 ; 8.928 ; Rise       ; clk             ;
;  key3[9]   ; clk        ; 7.521 ; 7.521 ; Rise       ; clk             ;
;  key3[10]  ; clk        ; 8.317 ; 8.317 ; Rise       ; clk             ;
;  key3[11]  ; clk        ; 7.796 ; 7.796 ; Rise       ; clk             ;
;  key3[12]  ; clk        ; 8.507 ; 8.507 ; Rise       ; clk             ;
;  key3[13]  ; clk        ; 7.643 ; 7.643 ; Rise       ; clk             ;
;  key3[14]  ; clk        ; 7.685 ; 7.685 ; Rise       ; clk             ;
;  key3[15]  ; clk        ; 7.568 ; 7.568 ; Rise       ; clk             ;
;  key3[17]  ; clk        ; 7.866 ; 7.866 ; Rise       ; clk             ;
;  key3[18]  ; clk        ; 8.411 ; 8.411 ; Rise       ; clk             ;
;  key3[19]  ; clk        ; 6.798 ; 6.798 ; Rise       ; clk             ;
;  key3[20]  ; clk        ; 7.448 ; 7.448 ; Rise       ; clk             ;
;  key3[21]  ; clk        ; 7.665 ; 7.665 ; Rise       ; clk             ;
;  key3[22]  ; clk        ; 8.533 ; 8.533 ; Rise       ; clk             ;
;  key3[23]  ; clk        ; 7.925 ; 7.925 ; Rise       ; clk             ;
;  key3[25]  ; clk        ; 7.953 ; 7.953 ; Rise       ; clk             ;
;  key3[26]  ; clk        ; 7.778 ; 7.778 ; Rise       ; clk             ;
;  key3[27]  ; clk        ; 8.093 ; 8.093 ; Rise       ; clk             ;
;  key3[28]  ; clk        ; 3.341 ; 3.341 ; Rise       ; clk             ;
;  key3[29]  ; clk        ; 7.819 ; 7.819 ; Rise       ; clk             ;
;  key3[30]  ; clk        ; 7.666 ; 7.666 ; Rise       ; clk             ;
;  key3[31]  ; clk        ; 7.761 ; 7.761 ; Rise       ; clk             ;
;  key3[33]  ; clk        ; 8.581 ; 8.581 ; Rise       ; clk             ;
;  key3[34]  ; clk        ; 8.125 ; 8.125 ; Rise       ; clk             ;
;  key3[35]  ; clk        ; 8.278 ; 8.278 ; Rise       ; clk             ;
;  key3[36]  ; clk        ; 8.051 ; 8.051 ; Rise       ; clk             ;
;  key3[37]  ; clk        ; 8.375 ; 8.375 ; Rise       ; clk             ;
;  key3[38]  ; clk        ; 7.518 ; 7.518 ; Rise       ; clk             ;
;  key3[39]  ; clk        ; 8.621 ; 8.621 ; Rise       ; clk             ;
;  key3[41]  ; clk        ; 7.996 ; 7.996 ; Rise       ; clk             ;
;  key3[42]  ; clk        ; 8.022 ; 8.022 ; Rise       ; clk             ;
;  key3[43]  ; clk        ; 7.415 ; 7.415 ; Rise       ; clk             ;
;  key3[44]  ; clk        ; 7.986 ; 7.986 ; Rise       ; clk             ;
;  key3[45]  ; clk        ; 7.695 ; 7.695 ; Rise       ; clk             ;
;  key3[46]  ; clk        ; 7.776 ; 7.776 ; Rise       ; clk             ;
;  key3[47]  ; clk        ; 3.142 ; 3.142 ; Rise       ; clk             ;
;  key3[49]  ; clk        ; 8.057 ; 8.057 ; Rise       ; clk             ;
;  key3[50]  ; clk        ; 8.308 ; 8.308 ; Rise       ; clk             ;
;  key3[51]  ; clk        ; 7.714 ; 7.714 ; Rise       ; clk             ;
;  key3[52]  ; clk        ; 7.074 ; 7.074 ; Rise       ; clk             ;
;  key3[53]  ; clk        ; 7.624 ; 7.624 ; Rise       ; clk             ;
;  key3[54]  ; clk        ; 7.775 ; 7.775 ; Rise       ; clk             ;
;  key3[55]  ; clk        ; 7.560 ; 7.560 ; Rise       ; clk             ;
;  key3[57]  ; clk        ; 7.788 ; 7.788 ; Rise       ; clk             ;
;  key3[58]  ; clk        ; 8.686 ; 8.686 ; Rise       ; clk             ;
;  key3[59]  ; clk        ; 8.690 ; 8.690 ; Rise       ; clk             ;
;  key3[60]  ; clk        ; 8.863 ; 8.863 ; Rise       ; clk             ;
;  key3[61]  ; clk        ; 7.383 ; 7.383 ; Rise       ; clk             ;
;  key3[62]  ; clk        ; 8.123 ; 8.123 ; Rise       ; clk             ;
;  key3[63]  ; clk        ; 7.926 ; 7.926 ; Rise       ; clk             ;
; valid_in   ; clk        ; 3.062 ; 3.062 ; Rise       ; clk             ;
+------------+------------+-------+-------+------------+-----------------+


+--------------------------------------------------------------------------+
; Hold Times                                                               ;
+------------+------------+--------+--------+------------+-----------------+
; Data Port  ; Clock Port ; Rise   ; Fall   ; Clock Edge ; Clock Reference ;
+------------+------------+--------+--------+------------+-----------------+
; idata[*]   ; clk        ; 0.088  ; 0.088  ; Rise       ; clk             ;
;  idata[0]  ; clk        ; -1.750 ; -1.750 ; Rise       ; clk             ;
;  idata[1]  ; clk        ; -1.790 ; -1.790 ; Rise       ; clk             ;
;  idata[2]  ; clk        ; -1.852 ; -1.852 ; Rise       ; clk             ;
;  idata[3]  ; clk        ; -2.052 ; -2.052 ; Rise       ; clk             ;
;  idata[4]  ; clk        ; -1.749 ; -1.749 ; Rise       ; clk             ;
;  idata[5]  ; clk        ; -1.749 ; -1.749 ; Rise       ; clk             ;
;  idata[6]  ; clk        ; -1.502 ; -1.502 ; Rise       ; clk             ;
;  idata[7]  ; clk        ; -1.886 ; -1.886 ; Rise       ; clk             ;
;  idata[8]  ; clk        ; -1.612 ; -1.612 ; Rise       ; clk             ;
;  idata[9]  ; clk        ; 0.017  ; 0.017  ; Rise       ; clk             ;
;  idata[10] ; clk        ; -1.977 ; -1.977 ; Rise       ; clk             ;
;  idata[11] ; clk        ; -1.690 ; -1.690 ; Rise       ; clk             ;
;  idata[12] ; clk        ; -1.496 ; -1.496 ; Rise       ; clk             ;
;  idata[13] ; clk        ; -0.199 ; -0.199 ; Rise       ; clk             ;
;  idata[14] ; clk        ; -1.836 ; -1.836 ; Rise       ; clk             ;
;  idata[15] ; clk        ; -1.900 ; -1.900 ; Rise       ; clk             ;
;  idata[16] ; clk        ; -1.557 ; -1.557 ; Rise       ; clk             ;
;  idata[17] ; clk        ; 0.088  ; 0.088  ; Rise       ; clk             ;
;  idata[18] ; clk        ; -1.772 ; -1.772 ; Rise       ; clk             ;
;  idata[19] ; clk        ; -1.931 ; -1.931 ; Rise       ; clk             ;
;  idata[20] ; clk        ; -1.798 ; -1.798 ; Rise       ; clk             ;
;  idata[21] ; clk        ; -1.700 ; -1.700 ; Rise       ; clk             ;
;  idata[22] ; clk        ; -1.860 ; -1.860 ; Rise       ; clk             ;
;  idata[23] ; clk        ; -1.814 ; -1.814 ; Rise       ; clk             ;
;  idata[24] ; clk        ; -1.759 ; -1.759 ; Rise       ; clk             ;
;  idata[25] ; clk        ; 0.002  ; 0.002  ; Rise       ; clk             ;
;  idata[26] ; clk        ; -1.493 ; -1.493 ; Rise       ; clk             ;
;  idata[27] ; clk        ; -1.743 ; -1.743 ; Rise       ; clk             ;
;  idata[28] ; clk        ; -1.804 ; -1.804 ; Rise       ; clk             ;
;  idata[29] ; clk        ; -1.736 ; -1.736 ; Rise       ; clk             ;
;  idata[30] ; clk        ; -1.515 ; -1.515 ; Rise       ; clk             ;
;  idata[31] ; clk        ; -1.863 ; -1.863 ; Rise       ; clk             ;
;  idata[32] ; clk        ; -1.742 ; -1.742 ; Rise       ; clk             ;
;  idata[33] ; clk        ; -1.561 ; -1.561 ; Rise       ; clk             ;
;  idata[34] ; clk        ; -1.463 ; -1.463 ; Rise       ; clk             ;
;  idata[35] ; clk        ; -1.895 ; -1.895 ; Rise       ; clk             ;
;  idata[36] ; clk        ; -1.741 ; -1.741 ; Rise       ; clk             ;
;  idata[37] ; clk        ; -1.987 ; -1.987 ; Rise       ; clk             ;
;  idata[38] ; clk        ; -1.483 ; -1.483 ; Rise       ; clk             ;
;  idata[39] ; clk        ; -1.807 ; -1.807 ; Rise       ; clk             ;
;  idata[40] ; clk        ; -1.690 ; -1.690 ; Rise       ; clk             ;
;  idata[41] ; clk        ; -1.895 ; -1.895 ; Rise       ; clk             ;
;  idata[42] ; clk        ; -1.838 ; -1.838 ; Rise       ; clk             ;
;  idata[43] ; clk        ; -1.781 ; -1.781 ; Rise       ; clk             ;
;  idata[44] ; clk        ; -1.788 ; -1.788 ; Rise       ; clk             ;
;  idata[45] ; clk        ; -1.982 ; -1.982 ; Rise       ; clk             ;
;  idata[46] ; clk        ; -1.738 ; -1.738 ; Rise       ; clk             ;
;  idata[47] ; clk        ; -1.767 ; -1.767 ; Rise       ; clk             ;
;  idata[48] ; clk        ; -1.520 ; -1.520 ; Rise       ; clk             ;
;  idata[49] ; clk        ; -1.571 ; -1.571 ; Rise       ; clk             ;
;  idata[50] ; clk        ; -1.761 ; -1.761 ; Rise       ; clk             ;
;  idata[51] ; clk        ; -1.906 ; -1.906 ; Rise       ; clk             ;
;  idata[52] ; clk        ; -1.483 ; -1.483 ; Rise       ; clk             ;
;  idata[53] ; clk        ; -1.773 ; -1.773 ; Rise       ; clk             ;
;  idata[54] ; clk        ; -1.661 ; -1.661 ; Rise       ; clk             ;
;  idata[55] ; clk        ; -1.775 ; -1.775 ; Rise       ; clk             ;
;  idata[56] ; clk        ; -1.852 ; -1.852 ; Rise       ; clk             ;
;  idata[57] ; clk        ; -1.813 ; -1.813 ; Rise       ; clk             ;
;  idata[58] ; clk        ; -1.703 ; -1.703 ; Rise       ; clk             ;
;  idata[59] ; clk        ; -2.034 ; -2.034 ; Rise       ; clk             ;
;  idata[60] ; clk        ; -1.617 ; -1.617 ; Rise       ; clk             ;
;  idata[61] ; clk        ; -2.081 ; -2.081 ; Rise       ; clk             ;
;  idata[62] ; clk        ; -1.593 ; -1.593 ; Rise       ; clk             ;
;  idata[63] ; clk        ; -1.816 ; -1.816 ; Rise       ; clk             ;
; key1[*]    ; clk        ; 0.212  ; 0.212  ; Rise       ; clk             ;
;  key1[1]   ; clk        ; -2.290 ; -2.290 ; Rise       ; clk             ;
;  key1[2]   ; clk        ; -2.101 ; -2.101 ; Rise       ; clk             ;
;  key1[3]   ; clk        ; -2.308 ; -2.308 ; Rise       ; clk             ;
;  key1[4]   ; clk        ; -2.250 ; -2.250 ; Rise       ; clk             ;
;  key1[5]   ; clk        ; -2.474 ; -2.474 ; Rise       ; clk             ;
;  key1[6]   ; clk        ; -2.257 ; -2.257 ; Rise       ; clk             ;
;  key1[7]   ; clk        ; -2.145 ; -2.145 ; Rise       ; clk             ;
;  key1[9]   ; clk        ; -2.481 ; -2.481 ; Rise       ; clk             ;
;  key1[10]  ; clk        ; -2.315 ; -2.315 ; Rise       ; clk             ;
;  key1[11]  ; clk        ; -2.296 ; -2.296 ; Rise       ; clk             ;
;  key1[12]  ; clk        ; -2.396 ; -2.396 ; Rise       ; clk             ;
;  key1[13]  ; clk        ; -2.137 ; -2.137 ; Rise       ; clk             ;
;  key1[14]  ; clk        ; -2.435 ; -2.435 ; Rise       ; clk             ;
;  key1[15]  ; clk        ; -2.417 ; -2.417 ; Rise       ; clk             ;
;  key1[17]  ; clk        ; -2.360 ; -2.360 ; Rise       ; clk             ;
;  key1[18]  ; clk        ; -2.516 ; -2.516 ; Rise       ; clk             ;
;  key1[19]  ; clk        ; -2.416 ; -2.416 ; Rise       ; clk             ;
;  key1[20]  ; clk        ; -2.408 ; -2.408 ; Rise       ; clk             ;
;  key1[21]  ; clk        ; -2.260 ; -2.260 ; Rise       ; clk             ;
;  key1[22]  ; clk        ; -2.180 ; -2.180 ; Rise       ; clk             ;
;  key1[23]  ; clk        ; -2.493 ; -2.493 ; Rise       ; clk             ;
;  key1[25]  ; clk        ; -2.310 ; -2.310 ; Rise       ; clk             ;
;  key1[26]  ; clk        ; -2.552 ; -2.552 ; Rise       ; clk             ;
;  key1[27]  ; clk        ; -2.554 ; -2.554 ; Rise       ; clk             ;
;  key1[28]  ; clk        ; -2.507 ; -2.507 ; Rise       ; clk             ;
;  key1[29]  ; clk        ; -2.409 ; -2.409 ; Rise       ; clk             ;
;  key1[30]  ; clk        ; -2.075 ; -2.075 ; Rise       ; clk             ;
;  key1[31]  ; clk        ; -0.053 ; -0.053 ; Rise       ; clk             ;
;  key1[33]  ; clk        ; -2.237 ; -2.237 ; Rise       ; clk             ;
;  key1[34]  ; clk        ; -2.183 ; -2.183 ; Rise       ; clk             ;
;  key1[35]  ; clk        ; -2.146 ; -2.146 ; Rise       ; clk             ;
;  key1[36]  ; clk        ; -2.722 ; -2.722 ; Rise       ; clk             ;
;  key1[37]  ; clk        ; -2.119 ; -2.119 ; Rise       ; clk             ;
;  key1[38]  ; clk        ; -2.465 ; -2.465 ; Rise       ; clk             ;
;  key1[39]  ; clk        ; -2.342 ; -2.342 ; Rise       ; clk             ;
;  key1[41]  ; clk        ; -2.192 ; -2.192 ; Rise       ; clk             ;
;  key1[42]  ; clk        ; -2.546 ; -2.546 ; Rise       ; clk             ;
;  key1[43]  ; clk        ; -2.405 ; -2.405 ; Rise       ; clk             ;
;  key1[44]  ; clk        ; -2.445 ; -2.445 ; Rise       ; clk             ;
;  key1[45]  ; clk        ; -2.295 ; -2.295 ; Rise       ; clk             ;
;  key1[46]  ; clk        ; -2.341 ; -2.341 ; Rise       ; clk             ;
;  key1[47]  ; clk        ; -2.341 ; -2.341 ; Rise       ; clk             ;
;  key1[49]  ; clk        ; -2.228 ; -2.228 ; Rise       ; clk             ;
;  key1[50]  ; clk        ; -2.188 ; -2.188 ; Rise       ; clk             ;
;  key1[51]  ; clk        ; 0.212  ; 0.212  ; Rise       ; clk             ;
;  key1[52]  ; clk        ; -2.188 ; -2.188 ; Rise       ; clk             ;
;  key1[53]  ; clk        ; -2.343 ; -2.343 ; Rise       ; clk             ;
;  key1[54]  ; clk        ; -2.362 ; -2.362 ; Rise       ; clk             ;
;  key1[55]  ; clk        ; -2.438 ; -2.438 ; Rise       ; clk             ;
;  key1[57]  ; clk        ; -2.184 ; -2.184 ; Rise       ; clk             ;
;  key1[58]  ; clk        ; -2.489 ; -2.489 ; Rise       ; clk             ;
;  key1[59]  ; clk        ; -2.267 ; -2.267 ; Rise       ; clk             ;
;  key1[60]  ; clk        ; -2.339 ; -2.339 ; Rise       ; clk             ;
;  key1[61]  ; clk        ; -2.423 ; -2.423 ; Rise       ; clk             ;
;  key1[62]  ; clk        ; -2.344 ; -2.344 ; Rise       ; clk             ;
;  key1[63]  ; clk        ; -2.514 ; -2.514 ; Rise       ; clk             ;
; key2[*]    ; clk        ; -1.775 ; -1.775 ; Rise       ; clk             ;
;  key2[1]   ; clk        ; -2.263 ; -2.263 ; Rise       ; clk             ;
;  key2[2]   ; clk        ; -2.248 ; -2.248 ; Rise       ; clk             ;
;  key2[3]   ; clk        ; -1.981 ; -1.981 ; Rise       ; clk             ;
;  key2[4]   ; clk        ; -2.350 ; -2.350 ; Rise       ; clk             ;
;  key2[5]   ; clk        ; -2.459 ; -2.459 ; Rise       ; clk             ;
;  key2[6]   ; clk        ; -2.621 ; -2.621 ; Rise       ; clk             ;
;  key2[7]   ; clk        ; -2.430 ; -2.430 ; Rise       ; clk             ;
;  key2[9]   ; clk        ; -2.153 ; -2.153 ; Rise       ; clk             ;
;  key2[10]  ; clk        ; -2.130 ; -2.130 ; Rise       ; clk             ;
;  key2[11]  ; clk        ; -2.028 ; -2.028 ; Rise       ; clk             ;
;  key2[12]  ; clk        ; -2.359 ; -2.359 ; Rise       ; clk             ;
;  key2[13]  ; clk        ; -2.441 ; -2.441 ; Rise       ; clk             ;
;  key2[14]  ; clk        ; -2.191 ; -2.191 ; Rise       ; clk             ;
;  key2[15]  ; clk        ; -2.315 ; -2.315 ; Rise       ; clk             ;
;  key2[17]  ; clk        ; -2.193 ; -2.193 ; Rise       ; clk             ;
;  key2[18]  ; clk        ; -2.028 ; -2.028 ; Rise       ; clk             ;
;  key2[19]  ; clk        ; -1.775 ; -1.775 ; Rise       ; clk             ;
;  key2[20]  ; clk        ; -2.390 ; -2.390 ; Rise       ; clk             ;
;  key2[21]  ; clk        ; -2.229 ; -2.229 ; Rise       ; clk             ;
;  key2[22]  ; clk        ; -2.562 ; -2.562 ; Rise       ; clk             ;
;  key2[23]  ; clk        ; -2.306 ; -2.306 ; Rise       ; clk             ;
;  key2[25]  ; clk        ; -2.020 ; -2.020 ; Rise       ; clk             ;
;  key2[26]  ; clk        ; -2.298 ; -2.298 ; Rise       ; clk             ;
;  key2[27]  ; clk        ; -2.154 ; -2.154 ; Rise       ; clk             ;
;  key2[28]  ; clk        ; -2.490 ; -2.490 ; Rise       ; clk             ;
;  key2[29]  ; clk        ; -2.136 ; -2.136 ; Rise       ; clk             ;
;  key2[30]  ; clk        ; -2.520 ; -2.520 ; Rise       ; clk             ;
;  key2[31]  ; clk        ; -2.337 ; -2.337 ; Rise       ; clk             ;
;  key2[33]  ; clk        ; -2.017 ; -2.017 ; Rise       ; clk             ;
;  key2[34]  ; clk        ; -2.243 ; -2.243 ; Rise       ; clk             ;
;  key2[35]  ; clk        ; -2.097 ; -2.097 ; Rise       ; clk             ;
;  key2[36]  ; clk        ; -2.022 ; -2.022 ; Rise       ; clk             ;
;  key2[37]  ; clk        ; -2.340 ; -2.340 ; Rise       ; clk             ;
;  key2[38]  ; clk        ; -2.311 ; -2.311 ; Rise       ; clk             ;
;  key2[39]  ; clk        ; -2.181 ; -2.181 ; Rise       ; clk             ;
;  key2[41]  ; clk        ; -2.238 ; -2.238 ; Rise       ; clk             ;
;  key2[42]  ; clk        ; -1.815 ; -1.815 ; Rise       ; clk             ;
;  key2[43]  ; clk        ; -2.082 ; -2.082 ; Rise       ; clk             ;
;  key2[44]  ; clk        ; -1.975 ; -1.975 ; Rise       ; clk             ;
;  key2[45]  ; clk        ; -2.345 ; -2.345 ; Rise       ; clk             ;
;  key2[46]  ; clk        ; -2.335 ; -2.335 ; Rise       ; clk             ;
;  key2[47]  ; clk        ; -2.271 ; -2.271 ; Rise       ; clk             ;
;  key2[49]  ; clk        ; -2.175 ; -2.175 ; Rise       ; clk             ;
;  key2[50]  ; clk        ; -2.188 ; -2.188 ; Rise       ; clk             ;
;  key2[51]  ; clk        ; -2.113 ; -2.113 ; Rise       ; clk             ;
;  key2[52]  ; clk        ; -1.871 ; -1.871 ; Rise       ; clk             ;
;  key2[53]  ; clk        ; -2.310 ; -2.310 ; Rise       ; clk             ;
;  key2[54]  ; clk        ; -2.421 ; -2.421 ; Rise       ; clk             ;
;  key2[55]  ; clk        ; -2.579 ; -2.579 ; Rise       ; clk             ;
;  key2[57]  ; clk        ; -2.434 ; -2.434 ; Rise       ; clk             ;
;  key2[58]  ; clk        ; -2.199 ; -2.199 ; Rise       ; clk             ;
;  key2[59]  ; clk        ; -2.263 ; -2.263 ; Rise       ; clk             ;
;  key2[60]  ; clk        ; -1.907 ; -1.907 ; Rise       ; clk             ;
;  key2[61]  ; clk        ; -2.479 ; -2.479 ; Rise       ; clk             ;
;  key2[62]  ; clk        ; -2.194 ; -2.194 ; Rise       ; clk             ;
;  key2[63]  ; clk        ; -2.264 ; -2.264 ; Rise       ; clk             ;
; key3[*]    ; clk        ; 0.282  ; 0.282  ; Rise       ; clk             ;
;  key3[1]   ; clk        ; -2.278 ; -2.278 ; Rise       ; clk             ;
;  key3[2]   ; clk        ; -2.240 ; -2.240 ; Rise       ; clk             ;
;  key3[3]   ; clk        ; -1.965 ; -1.965 ; Rise       ; clk             ;
;  key3[4]   ; clk        ; -2.470 ; -2.470 ; Rise       ; clk             ;
;  key3[5]   ; clk        ; -2.338 ; -2.338 ; Rise       ; clk             ;
;  key3[6]   ; clk        ; -2.346 ; -2.346 ; Rise       ; clk             ;
;  key3[7]   ; clk        ; -2.239 ; -2.239 ; Rise       ; clk             ;
;  key3[9]   ; clk        ; -2.012 ; -2.012 ; Rise       ; clk             ;
;  key3[10]  ; clk        ; -2.365 ; -2.365 ; Rise       ; clk             ;
;  key3[11]  ; clk        ; -2.202 ; -2.202 ; Rise       ; clk             ;
;  key3[12]  ; clk        ; -2.510 ; -2.510 ; Rise       ; clk             ;
;  key3[13]  ; clk        ; -1.991 ; -1.991 ; Rise       ; clk             ;
;  key3[14]  ; clk        ; -2.173 ; -2.173 ; Rise       ; clk             ;
;  key3[15]  ; clk        ; -2.346 ; -2.346 ; Rise       ; clk             ;
;  key3[17]  ; clk        ; -2.305 ; -2.305 ; Rise       ; clk             ;
;  key3[18]  ; clk        ; -1.695 ; -1.695 ; Rise       ; clk             ;
;  key3[19]  ; clk        ; -2.229 ; -2.229 ; Rise       ; clk             ;
;  key3[20]  ; clk        ; -2.002 ; -2.002 ; Rise       ; clk             ;
;  key3[21]  ; clk        ; -2.144 ; -2.144 ; Rise       ; clk             ;
;  key3[22]  ; clk        ; -2.429 ; -2.429 ; Rise       ; clk             ;
;  key3[23]  ; clk        ; -2.166 ; -2.166 ; Rise       ; clk             ;
;  key3[25]  ; clk        ; -2.257 ; -2.257 ; Rise       ; clk             ;
;  key3[26]  ; clk        ; -2.288 ; -2.288 ; Rise       ; clk             ;
;  key3[27]  ; clk        ; -2.277 ; -2.277 ; Rise       ; clk             ;
;  key3[28]  ; clk        ; 0.045  ; 0.045  ; Rise       ; clk             ;
;  key3[29]  ; clk        ; -2.067 ; -2.067 ; Rise       ; clk             ;
;  key3[30]  ; clk        ; -2.106 ; -2.106 ; Rise       ; clk             ;
;  key3[31]  ; clk        ; -2.573 ; -2.573 ; Rise       ; clk             ;
;  key3[33]  ; clk        ; -2.336 ; -2.336 ; Rise       ; clk             ;
;  key3[34]  ; clk        ; -1.777 ; -1.777 ; Rise       ; clk             ;
;  key3[35]  ; clk        ; -2.113 ; -2.113 ; Rise       ; clk             ;
;  key3[36]  ; clk        ; -2.062 ; -2.062 ; Rise       ; clk             ;
;  key3[37]  ; clk        ; -2.324 ; -2.324 ; Rise       ; clk             ;
;  key3[38]  ; clk        ; -2.087 ; -2.087 ; Rise       ; clk             ;
;  key3[39]  ; clk        ; -2.170 ; -2.170 ; Rise       ; clk             ;
;  key3[41]  ; clk        ; -2.062 ; -2.062 ; Rise       ; clk             ;
;  key3[42]  ; clk        ; -2.508 ; -2.508 ; Rise       ; clk             ;
;  key3[43]  ; clk        ; -2.071 ; -2.071 ; Rise       ; clk             ;
;  key3[44]  ; clk        ; -2.161 ; -2.161 ; Rise       ; clk             ;
;  key3[45]  ; clk        ; -2.186 ; -2.186 ; Rise       ; clk             ;
;  key3[46]  ; clk        ; -2.055 ; -2.055 ; Rise       ; clk             ;
;  key3[47]  ; clk        ; 0.282  ; 0.282  ; Rise       ; clk             ;
;  key3[49]  ; clk        ; -2.181 ; -2.181 ; Rise       ; clk             ;
;  key3[50]  ; clk        ; -2.162 ; -2.162 ; Rise       ; clk             ;
;  key3[51]  ; clk        ; -1.885 ; -1.885 ; Rise       ; clk             ;
;  key3[52]  ; clk        ; -2.111 ; -2.111 ; Rise       ; clk             ;
;  key3[53]  ; clk        ; -2.315 ; -2.315 ; Rise       ; clk             ;
;  key3[54]  ; clk        ; -2.386 ; -2.386 ; Rise       ; clk             ;
;  key3[55]  ; clk        ; -2.291 ; -2.291 ; Rise       ; clk             ;
;  key3[57]  ; clk        ; -1.875 ; -1.875 ; Rise       ; clk             ;
;  key3[58]  ; clk        ; -2.116 ; -2.116 ; Rise       ; clk             ;
;  key3[59]  ; clk        ; -2.245 ; -2.245 ; Rise       ; clk             ;
;  key3[60]  ; clk        ; -2.368 ; -2.368 ; Rise       ; clk             ;
;  key3[61]  ; clk        ; -2.470 ; -2.470 ; Rise       ; clk             ;
;  key3[62]  ; clk        ; -2.198 ; -2.198 ; Rise       ; clk             ;
;  key3[63]  ; clk        ; -2.376 ; -2.376 ; Rise       ; clk             ;
; valid_in   ; clk        ; -1.568 ; -1.568 ; Rise       ; clk             ;
+------------+------------+--------+--------+------------+-----------------+


+------------------------------------------------------------------------+
; Clock to Output Times                                                  ;
+------------+------------+-------+-------+------------+-----------------+
; Data Port  ; Clock Port ; Rise  ; Fall  ; Clock Edge ; Clock Reference ;
+------------+------------+-------+-------+------------+-----------------+
; odata[*]   ; clk        ; 7.630 ; 7.630 ; Rise       ; clk             ;
;  odata[0]  ; clk        ; 6.905 ; 6.905 ; Rise       ; clk             ;
;  odata[1]  ; clk        ; 6.712 ; 6.712 ; Rise       ; clk             ;
;  odata[2]  ; clk        ; 6.986 ; 6.986 ; Rise       ; clk             ;
;  odata[3]  ; clk        ; 7.356 ; 7.356 ; Rise       ; clk             ;
;  odata[4]  ; clk        ; 6.472 ; 6.472 ; Rise       ; clk             ;
;  odata[5]  ; clk        ; 7.393 ; 7.393 ; Rise       ; clk             ;
;  odata[6]  ; clk        ; 6.709 ; 6.709 ; Rise       ; clk             ;
;  odata[7]  ; clk        ; 6.241 ; 6.241 ; Rise       ; clk             ;
;  odata[8]  ; clk        ; 6.355 ; 6.355 ; Rise       ; clk             ;
;  odata[9]  ; clk        ; 6.008 ; 6.008 ; Rise       ; clk             ;
;  odata[10] ; clk        ; 6.739 ; 6.739 ; Rise       ; clk             ;
;  odata[11] ; clk        ; 6.614 ; 6.614 ; Rise       ; clk             ;
;  odata[12] ; clk        ; 6.716 ; 6.716 ; Rise       ; clk             ;
;  odata[13] ; clk        ; 6.561 ; 6.561 ; Rise       ; clk             ;
;  odata[14] ; clk        ; 6.887 ; 6.887 ; Rise       ; clk             ;
;  odata[15] ; clk        ; 6.553 ; 6.553 ; Rise       ; clk             ;
;  odata[16] ; clk        ; 7.387 ; 7.387 ; Rise       ; clk             ;
;  odata[17] ; clk        ; 6.220 ; 6.220 ; Rise       ; clk             ;
;  odata[18] ; clk        ; 6.918 ; 6.918 ; Rise       ; clk             ;
;  odata[19] ; clk        ; 6.891 ; 6.891 ; Rise       ; clk             ;
;  odata[20] ; clk        ; 6.356 ; 6.356 ; Rise       ; clk             ;
;  odata[21] ; clk        ; 6.890 ; 6.890 ; Rise       ; clk             ;
;  odata[22] ; clk        ; 6.326 ; 6.326 ; Rise       ; clk             ;
;  odata[23] ; clk        ; 6.691 ; 6.691 ; Rise       ; clk             ;
;  odata[24] ; clk        ; 6.939 ; 6.939 ; Rise       ; clk             ;
;  odata[25] ; clk        ; 6.936 ; 6.936 ; Rise       ; clk             ;
;  odata[26] ; clk        ; 6.851 ; 6.851 ; Rise       ; clk             ;
;  odata[27] ; clk        ; 6.899 ; 6.899 ; Rise       ; clk             ;
;  odata[28] ; clk        ; 6.071 ; 6.071 ; Rise       ; clk             ;
;  odata[29] ; clk        ; 6.401 ; 6.401 ; Rise       ; clk             ;
;  odata[30] ; clk        ; 6.263 ; 6.263 ; Rise       ; clk             ;
;  odata[31] ; clk        ; 7.315 ; 7.315 ; Rise       ; clk             ;
;  odata[32] ; clk        ; 6.728 ; 6.728 ; Rise       ; clk             ;
;  odata[33] ; clk        ; 6.303 ; 6.303 ; Rise       ; clk             ;
;  odata[34] ; clk        ; 6.267 ; 6.267 ; Rise       ; clk             ;
;  odata[35] ; clk        ; 6.292 ; 6.292 ; Rise       ; clk             ;
;  odata[36] ; clk        ; 6.827 ; 6.827 ; Rise       ; clk             ;
;  odata[37] ; clk        ; 6.019 ; 6.019 ; Rise       ; clk             ;
;  odata[38] ; clk        ; 6.470 ; 6.470 ; Rise       ; clk             ;
;  odata[39] ; clk        ; 7.010 ; 7.010 ; Rise       ; clk             ;
;  odata[40] ; clk        ; 6.764 ; 6.764 ; Rise       ; clk             ;
;  odata[41] ; clk        ; 6.885 ; 6.885 ; Rise       ; clk             ;
;  odata[42] ; clk        ; 6.068 ; 6.068 ; Rise       ; clk             ;
;  odata[43] ; clk        ; 6.960 ; 6.960 ; Rise       ; clk             ;
;  odata[44] ; clk        ; 6.847 ; 6.847 ; Rise       ; clk             ;
;  odata[45] ; clk        ; 7.310 ; 7.310 ; Rise       ; clk             ;
;  odata[46] ; clk        ; 6.527 ; 6.527 ; Rise       ; clk             ;
;  odata[47] ; clk        ; 6.095 ; 6.095 ; Rise       ; clk             ;
;  odata[48] ; clk        ; 6.314 ; 6.314 ; Rise       ; clk             ;
;  odata[49] ; clk        ; 6.701 ; 6.701 ; Rise       ; clk             ;
;  odata[50] ; clk        ; 6.062 ; 6.062 ; Rise       ; clk             ;
;  odata[51] ; clk        ; 6.078 ; 6.078 ; Rise       ; clk             ;
;  odata[52] ; clk        ; 6.254 ; 6.254 ; Rise       ; clk             ;
;  odata[53] ; clk        ; 6.359 ; 6.359 ; Rise       ; clk             ;
;  odata[54] ; clk        ; 6.071 ; 6.071 ; Rise       ; clk             ;
;  odata[55] ; clk        ; 6.060 ; 6.060 ; Rise       ; clk             ;
;  odata[56] ; clk        ; 6.612 ; 6.612 ; Rise       ; clk             ;
;  odata[57] ; clk        ; 6.942 ; 6.942 ; Rise       ; clk             ;
;  odata[58] ; clk        ; 6.015 ; 6.015 ; Rise       ; clk             ;
;  odata[59] ; clk        ; 6.884 ; 6.884 ; Rise       ; clk             ;
;  odata[60] ; clk        ; 7.256 ; 7.256 ; Rise       ; clk             ;
;  odata[61] ; clk        ; 6.638 ; 6.638 ; Rise       ; clk             ;
;  odata[62] ; clk        ; 7.630 ; 7.630 ; Rise       ; clk             ;
;  odata[63] ; clk        ; 6.949 ; 6.949 ; Rise       ; clk             ;
; valid_out  ; clk        ; 6.048 ; 6.048 ; Rise       ; clk             ;
+------------+------------+-------+-------+------------+-----------------+


+------------------------------------------------------------------------+
; Minimum Clock to Output Times                                          ;
+------------+------------+-------+-------+------------+-----------------+
; Data Port  ; Clock Port ; Rise  ; Fall  ; Clock Edge ; Clock Reference ;
+------------+------------+-------+-------+------------+-----------------+
; odata[*]   ; clk        ; 3.420 ; 3.420 ; Rise       ; clk             ;
;  odata[0]  ; clk        ; 3.871 ; 3.871 ; Rise       ; clk             ;
;  odata[1]  ; clk        ; 3.815 ; 3.815 ; Rise       ; clk             ;
;  odata[2]  ; clk        ; 3.940 ; 3.940 ; Rise       ; clk             ;
;  odata[3]  ; clk        ; 4.129 ; 4.129 ; Rise       ; clk             ;
;  odata[4]  ; clk        ; 3.647 ; 3.647 ; Rise       ; clk             ;
;  odata[5]  ; clk        ; 4.155 ; 4.155 ; Rise       ; clk             ;
;  odata[6]  ; clk        ; 3.773 ; 3.773 ; Rise       ; clk             ;
;  odata[7]  ; clk        ; 3.531 ; 3.531 ; Rise       ; clk             ;
;  odata[8]  ; clk        ; 3.610 ; 3.610 ; Rise       ; clk             ;
;  odata[9]  ; clk        ; 3.420 ; 3.420 ; Rise       ; clk             ;
;  odata[10] ; clk        ; 3.838 ; 3.838 ; Rise       ; clk             ;
;  odata[11] ; clk        ; 3.733 ; 3.733 ; Rise       ; clk             ;
;  odata[12] ; clk        ; 3.820 ; 3.820 ; Rise       ; clk             ;
;  odata[13] ; clk        ; 3.690 ; 3.690 ; Rise       ; clk             ;
;  odata[14] ; clk        ; 3.844 ; 3.844 ; Rise       ; clk             ;
;  odata[15] ; clk        ; 3.684 ; 3.684 ; Rise       ; clk             ;
;  odata[16] ; clk        ; 4.155 ; 4.155 ; Rise       ; clk             ;
;  odata[17] ; clk        ; 3.517 ; 3.517 ; Rise       ; clk             ;
;  odata[18] ; clk        ; 3.879 ; 3.879 ; Rise       ; clk             ;
;  odata[19] ; clk        ; 3.857 ; 3.857 ; Rise       ; clk             ;
;  odata[20] ; clk        ; 3.610 ; 3.610 ; Rise       ; clk             ;
;  odata[21] ; clk        ; 3.860 ; 3.860 ; Rise       ; clk             ;
;  odata[22] ; clk        ; 3.581 ; 3.581 ; Rise       ; clk             ;
;  odata[23] ; clk        ; 3.735 ; 3.735 ; Rise       ; clk             ;
;  odata[24] ; clk        ; 3.881 ; 3.881 ; Rise       ; clk             ;
;  odata[25] ; clk        ; 3.911 ; 3.911 ; Rise       ; clk             ;
;  odata[26] ; clk        ; 3.824 ; 3.824 ; Rise       ; clk             ;
;  odata[27] ; clk        ; 3.867 ; 3.867 ; Rise       ; clk             ;
;  odata[28] ; clk        ; 3.464 ; 3.464 ; Rise       ; clk             ;
;  odata[29] ; clk        ; 3.634 ; 3.634 ; Rise       ; clk             ;
;  odata[30] ; clk        ; 3.554 ; 3.554 ; Rise       ; clk             ;
;  odata[31] ; clk        ; 4.111 ; 4.111 ; Rise       ; clk             ;
;  odata[32] ; clk        ; 3.789 ; 3.789 ; Rise       ; clk             ;
;  odata[33] ; clk        ; 3.583 ; 3.583 ; Rise       ; clk             ;
;  odata[34] ; clk        ; 3.556 ; 3.556 ; Rise       ; clk             ;
;  odata[35] ; clk        ; 3.570 ; 3.570 ; Rise       ; clk             ;
;  odata[36] ; clk        ; 3.804 ; 3.804 ; Rise       ; clk             ;
;  odata[37] ; clk        ; 3.432 ; 3.432 ; Rise       ; clk             ;
;  odata[38] ; clk        ; 3.644 ; 3.644 ; Rise       ; clk             ;
;  odata[39] ; clk        ; 3.954 ; 3.954 ; Rise       ; clk             ;
;  odata[40] ; clk        ; 3.819 ; 3.819 ; Rise       ; clk             ;
;  odata[41] ; clk        ; 3.853 ; 3.853 ; Rise       ; clk             ;
;  odata[42] ; clk        ; 3.463 ; 3.463 ; Rise       ; clk             ;
;  odata[43] ; clk        ; 3.927 ; 3.927 ; Rise       ; clk             ;
;  odata[44] ; clk        ; 3.828 ; 3.828 ; Rise       ; clk             ;
;  odata[45] ; clk        ; 4.101 ; 4.101 ; Rise       ; clk             ;
;  odata[46] ; clk        ; 3.655 ; 3.655 ; Rise       ; clk             ;
;  odata[47] ; clk        ; 3.489 ; 3.489 ; Rise       ; clk             ;
;  odata[48] ; clk        ; 3.569 ; 3.569 ; Rise       ; clk             ;
;  odata[49] ; clk        ; 3.806 ; 3.806 ; Rise       ; clk             ;
;  odata[50] ; clk        ; 3.457 ; 3.457 ; Rise       ; clk             ;
;  odata[51] ; clk        ; 3.473 ; 3.473 ; Rise       ; clk             ;
;  odata[52] ; clk        ; 3.542 ; 3.542 ; Rise       ; clk             ;
;  odata[53] ; clk        ; 3.613 ; 3.613 ; Rise       ; clk             ;
;  odata[54] ; clk        ; 3.464 ; 3.464 ; Rise       ; clk             ;
;  odata[55] ; clk        ; 3.453 ; 3.453 ; Rise       ; clk             ;
;  odata[56] ; clk        ; 3.706 ; 3.706 ; Rise       ; clk             ;
;  odata[57] ; clk        ; 3.909 ; 3.909 ; Rise       ; clk             ;
;  odata[58] ; clk        ; 3.426 ; 3.426 ; Rise       ; clk             ;
;  odata[59] ; clk        ; 3.856 ; 3.856 ; Rise       ; clk             ;
;  odata[60] ; clk        ; 4.049 ; 4.049 ; Rise       ; clk             ;
;  odata[61] ; clk        ; 3.731 ; 3.731 ; Rise       ; clk             ;
;  odata[62] ; clk        ; 4.268 ; 4.268 ; Rise       ; clk             ;
;  odata[63] ; clk        ; 3.897 ; 3.897 ; Rise       ; clk             ;
; valid_out  ; clk        ; 3.460 ; 3.460 ; Rise       ; clk             ;
+------------+------------+-------+-------+------------+-----------------+


+-------------------------------------------------------------------+
; Setup Transfers                                                   ;
+------------+----------+----------+----------+----------+----------+
; From Clock ; To Clock ; RR Paths ; FR Paths ; RF Paths ; FF Paths ;
+------------+----------+----------+----------+----------+----------+
; clk        ; clk      ; 40459    ; 0        ; 0        ; 0        ;
+------------+----------+----------+----------+----------+----------+
Entries labeled "false path" only account for clock-to-clock false paths and not path-based false paths. As a result, actual path counts may be lower than reported.


+-------------------------------------------------------------------+
; Hold Transfers                                                    ;
+------------+----------+----------+----------+----------+----------+
; From Clock ; To Clock ; RR Paths ; FR Paths ; RF Paths ; FF Paths ;
+------------+----------+----------+----------+----------+----------+
; clk        ; clk      ; 40459    ; 0        ; 0        ; 0        ;
+------------+----------+----------+----------+----------+----------+
Entries labeled "false path" only account for clock-to-clock false paths and not path-based false paths. As a result, actual path counts may be lower than reported.


+-------------------------------------------------------------------+
; Recovery Transfers                                                ;
+------------+----------+----------+----------+----------+----------+
; From Clock ; To Clock ; RR Paths ; FR Paths ; RF Paths ; FF Paths ;
+------------+----------+----------+----------+----------+----------+
; clk        ; clk      ; 128      ; 0        ; 0        ; 0        ;
+------------+----------+----------+----------+----------+----------+
Entries labeled "false path" only account for clock-to-clock false paths and not path-based false paths. As a result, actual path counts may be lower than reported.


+-------------------------------------------------------------------+
; Removal Transfers                                                 ;
+------------+----------+----------+----------+----------+----------+
; From Clock ; To Clock ; RR Paths ; FR Paths ; RF Paths ; FF Paths ;
+------------+----------+----------+----------+----------+----------+
; clk        ; clk      ; 128      ; 0        ; 0        ; 0        ;
+------------+----------+----------+----------+----------+----------+
Entries labeled "false path" only account for clock-to-clock false paths and not path-based false paths. As a result, actual path counts may be lower than reported.


---------------
; Report TCCS ;
---------------
No dedicated SERDES Transmitter circuitry present in device or used in design


---------------
; Report RSKM ;
---------------
No dedicated SERDES Receiver circuitry present in device or used in design


+-------------------------------------------------+
; Unconstrained Paths                             ;
+---------------------------------+-------+-------+
; Property                        ; Setup ; Hold  ;
+---------------------------------+-------+-------+
; Illegal Clocks                  ; 0     ; 0     ;
; Unconstrained Clocks            ; 0     ; 0     ;
; Unconstrained Input Ports       ; 234   ; 234   ;
; Unconstrained Input Port Paths  ; 12409 ; 12409 ;
; Unconstrained Output Ports      ; 65    ; 65    ;
; Unconstrained Output Port Paths ; 65    ; 65    ;
+---------------------------------+-------+-------+


+------------------------------------+
; TimeQuest Timing Analyzer Messages ;
+------------------------------------+
Info: *******************************************************************
Info: Running Quartus II 64-Bit TimeQuest Timing Analyzer
    Info: Version 13.0.1 Build 232 06/12/2013 Service Pack 1 SJ Web Edition
    Info: Processing started: Sun Apr 12 14:00:15 2026
Info: Command: quartus_sta 3DES -c 3DES
Info: qsta_default_script.tcl version: #1
Info (11104): Parallel Compilation has detected 8 hyper-threaded processors. However, the extra hyper-threaded processors will not be used by default. Parallel Compilation will use 4 of the 4 physical processors detected instead.
Info (21077): Low junction temperature is 0 degrees C
Info (21077): High junction temperature is 85 degrees C
Critical Warning (332012): Synopsys Design Constraints File file not found: '3DES.sdc'. A Synopsys Design Constraints File is required by the TimeQuest Timing Analyzer to get proper timing constraints. Without it, the Compiler will not properly optimize the design.
Info (332142): No user constrained base clocks found in the design. Calling "derive_clocks -period 1.0"
Info (332105): Deriving Clocks
    Info (332105): create_clock -period 1.000 -name clk clk
Info: Found TIMEQUEST_REPORT_SCRIPT_INCLUDE_DEFAULT_ANALYSIS = ON
Info: Analyzing Slow Model
Critical Warning (332148): Timing requirements not met
Info (332146): Worst-case setup slack is -3.934
    Info (332119):     Slack End Point TNS Clock 
    Info (332119): ========= ============= =====================
    Info (332119):    -3.934     -5811.788 clk 
Info (332146): Worst-case hold slack is 0.391
    Info (332119):     Slack End Point TNS Clock 
    Info (332119): ========= ============= =====================
    Info (332119):     0.391         0.000 clk 
Info (332146): Worst-case recovery slack is -2.135
    Info (332119):     Slack End Point TNS Clock 
    Info (332119): ========= ============= =====================
    Info (332119):    -2.135      -273.280 clk 
Info (332146): Worst-case removal slack is 2.866
    Info (332119):     Slack End Point TNS Clock 
    Info (332119): ========= ============= =====================
    Info (332119):     2.866         0.000 clk 
Info (332146): Worst-case minimum pulse width slack is -1.627
    Info (332119):     Slack End Point TNS Clock 
    Info (332119): ========= ============= =====================
    Info (332119):    -1.627     -4434.980 clk 
Info (332001): The selected device family is not supported by the report_metastability command.
Info: Analyzing Fast Model
Critical Warning (332148): Timing requirements not met
Info (332146): Worst-case setup slack is -1.460
    Info (332119):     Slack End Point TNS Clock 
    Info (332119): ========= ============= =====================
    Info (332119):    -1.460     -1416.145 clk 
Info (332146): Worst-case hold slack is 0.215
    Info (332119):     Slack End Point TNS Clock 
    Info (332119): ========= ============= =====================
    Info (332119):     0.215         0.000 clk 
Info (332146): Worst-case recovery slack is -0.908
    Info (332119):     Slack End Point TNS Clock 
    Info (332119): ========= ============= =====================
    Info (332119):    -0.908      -116.224 clk 
Info (332146): Worst-case removal slack is 1.769
    Info (332119):     Slack End Point TNS Clock 
    Info (332119): ========= ============= =====================
    Info (332119):     1.769         0.000 clk 
Info (332146): Worst-case minimum pulse width slack is -1.627
    Info (332119):     Slack End Point TNS Clock 
    Info (332119): ========= ============= =====================
    Info (332119):    -1.627     -4434.980 clk 
Info (332001): The selected device family is not supported by the report_metastability command.
Info (332102): Design is not fully constrained for setup requirements
Info (332102): Design is not fully constrained for hold requirements
Info: Quartus II 64-Bit TimeQuest Timing Analyzer was successful. 0 errors, 3 warnings
    Info: Peak virtual memory: 4763 megabytes
    Info: Processing ended: Sun Apr 12 14:00:18 2026
    Info: Elapsed time: 00:00:03
    Info: Total CPU time (on all processors): 00:00:03


