Analysis & Synthesis report for 3DES
Sun Apr 12 13:59:10 2026
Quartus II 64-Bit Version 13.0.1 Build 232 06/12/2013 Service Pack 1 SJ Web Edition


---------------------
; Table of Contents ;
---------------------
  1. Legal Notice
  2. Analysis & Synthesis Summary
  3. Analysis & Synthesis Settings
  4. Parallel Compilation
  5. Analysis & Synthesis Source Files Read
  6. Analysis & Synthesis Resource Usage Summary
  7. Analysis & Synthesis Resource Utilization by Entity
  8. Analysis & Synthesis RAM Summary
  9. General Register Statistics
 10. Inverted Register Statistics
 11. Registers Packed Into Inferred Megafunctions
 12. Source assignments for feistel_algo:decrypt2|altshift_taps:L16_rtl_0|shift_taps_ghm:auto_generated|altsyncram_n761:altsyncram4
 13. Parameter Settings for User Entity Instance: Top-level Entity: |des3
 14. Parameter Settings for User Entity Instance: feistel_algo:encrypt1
 15. Parameter Settings for User Entity Instance: feistel_algo:encrypt1|key_scheduler:key_gen[0].ks
 16. Parameter Settings for User Entity Instance: feistel_algo:encrypt1|key_scheduler:key_gen[1].ks
 17. Parameter Settings for User Entity Instance: feistel_algo:encrypt1|key_scheduler:key_gen[2].ks
 18. Parameter Settings for User Entity Instance: feistel_algo:encrypt1|key_scheduler:key_gen[3].ks
 19. Parameter Settings for User Entity Instance: feistel_algo:encrypt1|key_scheduler:key_gen[4].ks
 20. Parameter Settings for User Entity Instance: feistel_algo:encrypt1|key_scheduler:key_gen[5].ks
 21. Parameter Settings for User Entity Instance: feistel_algo:encrypt1|key_scheduler:key_gen[6].ks
 22. Parameter Settings for User Entity Instance: feistel_algo:encrypt1|key_scheduler:key_gen[7].ks
 23. Parameter Settings for User Entity Instance: feistel_algo:encrypt1|key_scheduler:key_gen[8].ks
 24. Parameter Settings for User Entity Instance: feistel_algo:encrypt1|key_scheduler:key_gen[9].ks
 25. Parameter Settings for User Entity Instance: feistel_algo:encrypt1|key_scheduler:key_gen[10].ks
 26. Parameter Settings for User Entity Instance: feistel_algo:encrypt1|key_scheduler:key_gen[11].ks
 27. Parameter Settings for User Entity Instance: feistel_algo:encrypt1|key_scheduler:key_gen[12].ks
 28. Parameter Settings for User Entity Instance: feistel_algo:encrypt1|key_scheduler:key_gen[13].ks
 29. Parameter Settings for User Entity Instance: feistel_algo:encrypt1|key_scheduler:key_gen[14].ks
 30. Parameter Settings for User Entity Instance: feistel_algo:encrypt1|key_scheduler:key_gen[15].ks
 31. Parameter Settings for User Entity Instance: feistel_algo:decrypt2
 32. Parameter Settings for User Entity Instance: feistel_algo:decrypt2|key_scheduler:key_gen[0].ks
 33. Parameter Settings for User Entity Instance: feistel_algo:decrypt2|key_scheduler:key_gen[1].ks
 34. Parameter Settings for User Entity Instance: feistel_algo:decrypt2|key_scheduler:key_gen[2].ks
 35. Parameter Settings for User Entity Instance: feistel_algo:decrypt2|key_scheduler:key_gen[3].ks
 36. Parameter Settings for User Entity Instance: feistel_algo:decrypt2|key_scheduler:key_gen[4].ks
 37. Parameter Settings for User Entity Instance: feistel_algo:decrypt2|key_scheduler:key_gen[5].ks
 38. Parameter Settings for User Entity Instance: feistel_algo:decrypt2|key_scheduler:key_gen[6].ks
 39. Parameter Settings for User Entity Instance: feistel_algo:decrypt2|key_scheduler:key_gen[7].ks
 40. Parameter Settings for User Entity Instance: feistel_algo:decrypt2|key_scheduler:key_gen[8].ks
 41. Parameter Settings for User Entity Instance: feistel_algo:decrypt2|key_scheduler:key_gen[9].ks
 42. Parameter Settings for User Entity Instance: feistel_algo:decrypt2|key_scheduler:key_gen[10].ks
 43. Parameter Settings for User Entity Instance: feistel_algo:decrypt2|key_scheduler:key_gen[11].ks
 44. Parameter Settings for User Entity Instance: feistel_algo:decrypt2|key_scheduler:key_gen[12].ks
 45. Parameter Settings for User Entity Instance: feistel_algo:decrypt2|key_scheduler:key_gen[13].ks
 46. Parameter Settings for User Entity Instance: feistel_algo:decrypt2|key_scheduler:key_gen[14].ks
 47. Parameter Settings for User Entity Instance: feistel_algo:decrypt2|key_scheduler:key_gen[15].ks
 48. Parameter Settings for User Entity Instance: feistel_algo:encrypt3
 49. Parameter Settings for User Entity Instance: feistel_algo:encrypt3|key_scheduler:key_gen[0].ks
 50. Parameter Settings for User Entity Instance: feistel_algo:encrypt3|key_scheduler:key_gen[1].ks
 51. Parameter Settings for User Entity Instance: feistel_algo:encrypt3|key_scheduler:key_gen[2].ks
 52. Parameter Settings for User Entity Instance: feistel_algo:encrypt3|key_scheduler:key_gen[3].ks
 53. Parameter Settings for User Entity Instance: feistel_algo:encrypt3|key_scheduler:key_gen[4].ks
 54. Parameter Settings for User Entity Instance: feistel_algo:encrypt3|key_scheduler:key_gen[5].ks
 55. Parameter Settings for User Entity Instance: feistel_algo:encrypt3|key_scheduler:key_gen[6].ks
 56. Parameter Settings for User Entity Instance: feistel_algo:encrypt3|key_scheduler:key_gen[7].ks
 57. Parameter Settings for User Entity Instance: feistel_algo:encrypt3|key_scheduler:key_gen[8].ks
 58. Parameter Settings for User Entity Instance: feistel_algo:encrypt3|key_scheduler:key_gen[9].ks
 59. Parameter Settings for User Entity Instance: feistel_algo:encrypt3|key_scheduler:key_gen[10].ks
 60. Parameter Settings for User Entity Instance: feistel_algo:encrypt3|key_scheduler:key_gen[11].ks
 61. Parameter Settings for User Entity Instance: feistel_algo:encrypt3|key_scheduler:key_gen[12].ks
 62. Parameter Settings for User Entity Instance: feistel_algo:encrypt3|key_scheduler:key_gen[13].ks
 63. Parameter Settings for User Entity Instance: feistel_algo:encrypt3|key_scheduler:key_gen[14].ks
 64. Parameter Settings for User Entity Instance: feistel_algo:encrypt3|key_scheduler:key_gen[15].ks
 65. Parameter Settings for Inferred Entity Instance: feistel_algo:decrypt2|altshift_taps:L16_rtl_0
 66. altshift_taps Parameter Settings by Entity Instance
 67. Port Connectivity Checks: "feistel_algo:encrypt3"
 68. Port Connectivity Checks: "feistel_algo:decrypt2"
 69. Port Connectivity Checks: "feistel_algo:encrypt1|key_scheduler:key_gen[15].ks"
 70. Port Connectivity Checks: "feistel_algo:encrypt1|key_scheduler:key_gen[14].ks"
 71. Port Connectivity Checks: "feistel_algo:encrypt1|key_scheduler:key_gen[13].ks"
 72. Port Connectivity Checks: "feistel_algo:encrypt1|key_scheduler:key_gen[12].ks"
 73. Port Connectivity Checks: "feistel_algo:encrypt1|key_scheduler:key_gen[11].ks"
 74. Port Connectivity Checks: "feistel_algo:encrypt1|key_scheduler:key_gen[10].ks"
 75. Port Connectivity Checks: "feistel_algo:encrypt1|key_scheduler:key_gen[9].ks"
 76. Port Connectivity Checks: "feistel_algo:encrypt1|key_scheduler:key_gen[8].ks"
 77. Port Connectivity Checks: "feistel_algo:encrypt1|key_scheduler:key_gen[7].ks"
 78. Port Connectivity Checks: "feistel_algo:encrypt1|key_scheduler:key_gen[6].ks"
 79. Port Connectivity Checks: "feistel_algo:encrypt1|key_scheduler:key_gen[5].ks"
 80. Port Connectivity Checks: "feistel_algo:encrypt1|key_scheduler:key_gen[4].ks"
 81. Port Connectivity Checks: "feistel_algo:encrypt1|key_scheduler:key_gen[3].ks"
 82. Port Connectivity Checks: "feistel_algo:encrypt1|key_scheduler:key_gen[2].ks"
 83. Port Connectivity Checks: "feistel_algo:encrypt1|key_scheduler:key_gen[1].ks"
 84. Port Connectivity Checks: "feistel_algo:encrypt1|key_scheduler:key_gen[0].ks"
 85. Port Connectivity Checks: "feistel_algo:encrypt1"
 86. Elapsed Time Per Partition
 87. Analysis & Synthesis Messages



----------------
; Legal Notice ;
----------------
Copyright (C) 1991-2013 Altera Corporation
Your use of Altera Corporation's design tools, logic functions 
and other software and tools, and its AMPP partner logic 
functions, and any output files from any of the foregoing 
(including device programming or simulation files), and any 
associated documentation or information are expressly subject 
to the terms and conditions of the Altera Program License 
Subscription Agreement, Altera MegaCore Function License 
Agreement, or other applicable license agreement, including, 
without limitation, that your use is for the sole purpose of 
programming logic devices manufactured by Altera and sold by 
Altera or its authorized distributors.  Please refer to the 
applicable agreement for further details.



+--------------------------------------------------------------------------------------+
; Analysis & Synthesis Summary                                                         ;
+------------------------------------+-------------------------------------------------+
; Analysis & Synthesis Status        ; Successful - Sun Apr 12 13:59:10 2026           ;
; Quartus II 64-Bit Version          ; 13.0.1 Build 232 06/12/2013 SP 1 SJ Web Edition ;
; Revision Name                      ; 3DES                                            ;
; Top-level Entity Name              ; des3                                            ;
; Family                             ; Cyclone II                                      ;
; Total logic elements               ; 13,147                                          ;
;     Total combinational functions  ; 11,492                                          ;
;     Dedicated logic registers      ; 3,132                                           ;
; Total registers                    ; 3132                                            ;
; Total pins                         ; 324                                             ;
; Total virtual pins                 ; 0                                               ;
; Total memory bits                  ; 384                                             ;
; Embedded Multiplier 9-bit elements ; 0                                               ;
; Total PLLs                         ; 0                                               ;
+------------------------------------+-------------------------------------------------+


+----------------------------------------------------------------------------------------------------------------------+
; Analysis & Synthesis Settings                                                                                        ;
+----------------------------------------------------------------------------+--------------------+--------------------+
; Option                                                                     ; Setting            ; Default Value      ;
+----------------------------------------------------------------------------+--------------------+--------------------+
; Device                                                                     ; EP2C35F672C6       ;                    ;
; Top-level entity name                                                      ; des3               ; 3DES               ;
; Family name                                                                ; Cyclone II         ; Cyclone IV GX      ;
; Use smart compilation                                                      ; Off                ; Off                ;
; Enable parallel Assembler and TimeQuest Timing Analyzer during compilation ; On                 ; On                 ;
; Enable compact report table                                                ; Off                ; Off                ;
; Restructure Multiplexers                                                   ; Auto               ; Auto               ;
; Create Debugging Nodes for IP Cores                                        ; Off                ; Off                ;
; Preserve fewer node names                                                  ; On                 ; On                 ;
; Disable OpenCore Plus hardware evaluation                                  ; Off                ; Off                ;
; Verilog Version                                                            ; Verilog_2001       ; Verilog_2001       ;
; VHDL Version                                                               ; VHDL_1993          ; VHDL_1993          ;
; State Machine Processing                                                   ; Auto               ; Auto               ;
; Safe State Machine                                                         ; Off                ; Off                ;
; Extract Verilog State Machines                                             ; On                 ; On                 ;
; Extract VHDL State Machines                                                ; On                 ; On                 ;
; Ignore Verilog initial constructs                                          ; Off                ; Off                ;
; Iteration limit for constant Verilog loops                                 ; 5000               ; 5000               ;
; Iteration limit for non-constant Verilog loops                             ; 250                ; 250                ;
; Add Pass-Through Logic to Inferred RAMs                                    ; On                 ; On                 ;
; Infer RAMs from Raw Logic                                                  ; On                 ; On                 ;
; Parallel Synthesis                                                         ; On                 ; On                 ;
; DSP Block Balancing                                                        ; Auto               ; Auto               ;
; NOT Gate Push-Back                                                         ; On                 ; On                 ;
; Power-Up Don't Care                                                        ; On                 ; On                 ;
; Remove Redundant Logic Cells                                               ; Off                ; Off                ;
; Remove Duplicate Registers                                                 ; On                 ; On                 ;
; Ignore CARRY Buffers                                                       ; Off                ; Off                ;
; Ignore CASCADE Buffers                                                     ; Off                ; Off                ;
; Ignore GLOBAL Buffers                                                      ; Off                ; Off                ;
; Ignore ROW GLOBAL Buffers                                                  ; Off                ; Off                ;
; Ignore LCELL Buffers                                                       ; Off                ; Off                ;
; Ignore SOFT Buffers                                                        ; On                 ; On                 ;
; Limit AHDL Integers to 32 Bits                                             ; Off                ; Off                ;
; Optimization Technique                                                     ; Balanced           ; Balanced           ;
; Carry Chain Length                                                         ; 70                 ; 70                 ;
; Auto Carry Chains                                                          ; On                 ; On                 ;
; Auto Open-Drain Pins                                                       ; On                 ; On                 ;
; Perform WYSIWYG Primitive Resynthesis                                      ; Off                ; Off                ;
; Auto ROM Replacement                                                       ; On                 ; On                 ;
; Auto RAM Replacement                                                       ; On                 ; On                 ;
; Auto Shift Register Replacement                                            ; Auto               ; Auto               ;
; Allow Shift Register Merging across Hierarchies                            ; Auto               ; Auto               ;
; Auto Clock Enable Replacement                                              ; On                 ; On                 ;
; Strict RAM Replacement                                                     ; Off                ; Off                ;
; Allow Synchronous Control Signals                                          ; On                 ; On                 ;
; Force Use of Synchronous Clear Signals                                     ; Off                ; Off                ;
; Auto RAM to Logic Cell Conversion                                          ; Off                ; Off                ;
; Auto Resource Sharing                                                      ; Off                ; Off                ;
; Allow Any RAM Size For Recognition                                         ; Off                ; Off                ;
; Allow Any ROM Size For Recognition                                         ; Off                ; Off                ;
; Allow Any Shift Register Size For Recognition                              ; Off                ; Off                ;
; Use LogicLock Constraints during Resource Balancing                        ; On                 ; On                 ;
; Ignore translate_off and synthesis_off directives                          ; Off                ; Off                ;
; Timing-Driven Synthesis                                                    ; Off                ; Off                ;
; Report Parameter Settings                                                  ; On                 ; On                 ;
; Report Source Assignments                                                  ; On                 ; On                 ;
; Report Connectivity Checks                                                 ; On                 ; On                 ;
; Ignore Maximum Fan-Out Assignments                                         ; Off                ; Off                ;
; Synchronization Register Chain Length                                      ; 2                  ; 2                  ;
; PowerPlay Power Optimization                                               ; Normal compilation ; Normal compilation ;
; HDL message level                                                          ; Level2             ; Level2             ;
; Suppress Register Optimization Related Messages                            ; Off                ; Off                ;
; Number of Removed Registers Reported in Synthesis Report                   ; 5000               ; 5000               ;
; Number of Swept Nodes Reported in Synthesis Report                         ; 5000               ; 5000               ;
; Number of Inverted Registers Reported in Synthesis Report                  ; 100                ; 100                ;
; Clock MUX Protection                                                       ; On                 ; On                 ;
; Auto Gated Clock Conversion                                                ; Off                ; Off                ;
; Block Design Naming                                                        ; Auto               ; Auto               ;
; SDC constraint protection                                                  ; Off                ; Off                ;
; Synthesis Effort                                                           ; Auto               ; Auto               ;
; Shift Register Replacement - Allow Asynchronous Clear Signal               ; On                 ; On                 ;
; Pre-Mapping Resynthesis Optimization                                       ; Off                ; Off                ;
; Analysis & Synthesis Message Level                                         ; Medium             ; Medium             ;
; Disable Register Merging Across Hierarchies                                ; Auto               ; Auto               ;
; Resource Aware Inference For Block RAM                                     ; On                 ; On                 ;
; Synthesis Seed                                                             ; 1                  ; 1                  ;
+----------------------------------------------------------------------------+--------------------+--------------------+


+------------------------------------------+
; Parallel Compilation                     ;
+----------------------------+-------------+
; Processors                 ; Number      ;
+----------------------------+-------------+
; Number detected on machine ; 8           ;
; Maximum allowed            ; 4           ;
;                            ;             ;
; Average used               ; 1.00        ;
; Maximum used               ; 1           ;
;                            ;             ;
; Usage by Processor         ; % Time Used ;
;     Processor 1            ; 100.0%      ;
;     Processors 2-8         ;   0.0%      ;
+----------------------------+-------------+


+-------------------------------------------------------------------------------------------------------------------------------------------------------------------+
; Analysis & Synthesis Source Files Read                                                                                                                            ;
+----------------------------------+-----------------+------------------------------+---------------------------------------------------------------------+---------+
; File Name with User-Entered Path ; Used in Netlist ; File Type                    ; File Name with Absolute Path                                        ; Library ;
+----------------------------------+-----------------+------------------------------+---------------------------------------------------------------------+---------+
; ../DES3/S8.v                     ; yes             ; User Verilog HDL File        ; C:/HK6/CE213/3DES/DES3/S8.v                                         ;         ;
; ../DES3/S7.v                     ; yes             ; User Verilog HDL File        ; C:/HK6/CE213/3DES/DES3/S7.v                                         ;         ;
; ../DES3/S6.v                     ; yes             ; User Verilog HDL File        ; C:/HK6/CE213/3DES/DES3/S6.v                                         ;         ;
; ../DES3/S5.v                     ; yes             ; User Verilog HDL File        ; C:/HK6/CE213/3DES/DES3/S5.v                                         ;         ;
; ../DES3/S4.v                     ; yes             ; User Verilog HDL File        ; C:/HK6/CE213/3DES/DES3/S4.v                                         ;         ;
; ../DES3/S3.v                     ; yes             ; User Verilog HDL File        ; C:/HK6/CE213/3DES/DES3/S3.v                                         ;         ;
; ../DES3/S2.v                     ; yes             ; User Verilog HDL File        ; C:/HK6/CE213/3DES/DES3/S2.v                                         ;         ;
; ../DES3/S1.v                     ; yes             ; User Verilog HDL File        ; C:/HK6/CE213/3DES/DES3/S1.v                                         ;         ;
; ../DES3/S.v                      ; yes             ; User Verilog HDL File        ; C:/HK6/CE213/3DES/DES3/S.v                                          ;         ;
; ../DES3/P.v                      ; yes             ; User Verilog HDL File        ; C:/HK6/CE213/3DES/DES3/P.v                                          ;         ;
; ../DES3/key_scheduler.v          ; yes             ; User Verilog HDL File        ; C:/HK6/CE213/3DES/DES3/key_scheduler.v                              ;         ;
; ../DES3/IP_inv.v                 ; yes             ; User Verilog HDL File        ; C:/HK6/CE213/3DES/DES3/IP_inv.v                                     ;         ;
; ../DES3/IP.v                     ; yes             ; User Verilog HDL File        ; C:/HK6/CE213/3DES/DES3/IP.v                                         ;         ;
; ../DES3/feistel_algo.v           ; yes             ; User Verilog HDL File        ; C:/HK6/CE213/3DES/DES3/feistel_algo.v                               ;         ;
; ../DES3/f.v                      ; yes             ; User Verilog HDL File        ; C:/HK6/CE213/3DES/DES3/f.v                                          ;         ;
; ../DES3/E.v                      ; yes             ; User Verilog HDL File        ; C:/HK6/CE213/3DES/DES3/E.v                                          ;         ;
; ../DES3/des3.v                   ; yes             ; User Verilog HDL File        ; C:/HK6/CE213/3DES/DES3/des3.v                                       ;         ;
; altshift_taps.tdf                ; yes             ; Megafunction                 ; c:/altera/13.0sp1/quartus/libraries/megafunctions/altshift_taps.tdf ;         ;
; altdpram.inc                     ; yes             ; Megafunction                 ; c:/altera/13.0sp1/quartus/libraries/megafunctions/altdpram.inc      ;         ;
; lpm_counter.inc                  ; yes             ; Megafunction                 ; c:/altera/13.0sp1/quartus/libraries/megafunctions/lpm_counter.inc   ;         ;
; lpm_compare.inc                  ; yes             ; Megafunction                 ; c:/altera/13.0sp1/quartus/libraries/megafunctions/lpm_compare.inc   ;         ;
; lpm_constant.inc                 ; yes             ; Megafunction                 ; c:/altera/13.0sp1/quartus/libraries/megafunctions/lpm_constant.inc  ;         ;
; db/shift_taps_ghm.tdf            ; yes             ; Auto-Generated Megafunction  ; C:/HK6/CE213/3DES/quartus/db/shift_taps_ghm.tdf                     ;         ;
; db/altsyncram_n761.tdf           ; yes             ; Auto-Generated Megafunction  ; C:/HK6/CE213/3DES/quartus/db/altsyncram_n761.tdf                    ;         ;
; db/add_sub_gvd.tdf               ; yes             ; Auto-Generated Megafunction  ; C:/HK6/CE213/3DES/quartus/db/add_sub_gvd.tdf                        ;         ;
; db/cntr_kkf.tdf                  ; yes             ; Auto-Generated Megafunction  ; C:/HK6/CE213/3DES/quartus/db/cntr_kkf.tdf                           ;         ;
; db/cmpr_6cc.tdf                  ; yes             ; Auto-Generated Megafunction  ; C:/HK6/CE213/3DES/quartus/db/cmpr_6cc.tdf                           ;         ;
; db/cntr_74h.tdf                  ; yes             ; Auto-Generated Megafunction  ; C:/HK6/CE213/3DES/quartus/db/cntr_74h.tdf                           ;         ;
+----------------------------------+-----------------+------------------------------+---------------------------------------------------------------------+---------+


+------------------------------------------------------+
; Analysis & Synthesis Resource Usage Summary          ;
+---------------------------------------------+--------+
; Resource                                    ; Usage  ;
+---------------------------------------------+--------+
; Estimated Total logic elements              ; 13,147 ;
;                                             ;        ;
; Total combinational functions               ; 11492  ;
; Logic element usage by number of LUT inputs ;        ;
;     -- 4 input functions                    ; 8941   ;
;     -- 3 input functions                    ; 20     ;
;     -- <=2 input functions                  ; 2531   ;
;                                             ;        ;
; Logic elements by mode                      ;        ;
;     -- normal mode                          ; 11489  ;
;     -- arithmetic mode                      ; 3      ;
;                                             ;        ;
; Total registers                             ; 3132   ;
;     -- Dedicated logic registers            ; 3132   ;
;     -- I/O registers                        ; 0      ;
;                                             ;        ;
; I/O pins                                    ; 324    ;
; Total memory bits                           ; 384    ;
; Embedded Multiplier 9-bit elements          ; 0      ;
; Maximum fan-out node                        ; clk    ;
; Maximum fan-out                             ; 3260   ;
; Total fan-out                               ; 51234  ;
; Average fan-out                             ; 3.40   ;
+---------------------------------------------+--------+


+--------------------------------------------------------------------------------------------------------------------------------------------------------------------------------------------------------------------------------------------------------------------------------------+
; Analysis & Synthesis Resource Utilization by Entity                                                                                                                                                                                                                                  ;
+-------------------------------------------+-------------------+--------------+-------------+--------------+---------+-----------+------+--------------+---------------------------------------------------------------------------------------------------------------+--------------+
; Compilation Hierarchy Node                ; LC Combinationals ; LC Registers ; Memory Bits ; DSP Elements ; DSP 9x9 ; DSP 18x18 ; Pins ; Virtual Pins ; Full Hierarchy Name                                                                                           ; Library Name ;
+-------------------------------------------+-------------------+--------------+-------------+--------------+---------+-----------+------+--------------+---------------------------------------------------------------------------------------------------------------+--------------+
; |des3                                     ; 11492 (0)         ; 3132 (0)     ; 384         ; 0            ; 0       ; 0         ; 324  ; 0            ; |des3                                                                                                         ; work         ;
;    |feistel_algo:decrypt2|                ; 3842 (2681)       ; 984 (978)    ; 384         ; 0            ; 0       ; 0         ; 0    ; 0            ; |des3|feistel_algo:decrypt2                                                                                   ; work         ;
;       |altshift_taps:L16_rtl_0|           ; 9 (0)             ; 6 (0)        ; 384         ; 0            ; 0       ; 0         ; 0    ; 0            ; |des3|feistel_algo:decrypt2|altshift_taps:L16_rtl_0                                                           ; work         ;
;          |shift_taps_ghm:auto_generated|  ; 9 (2)             ; 6 (3)        ; 384         ; 0            ; 0       ; 0         ; 0    ; 0            ; |des3|feistel_algo:decrypt2|altshift_taps:L16_rtl_0|shift_taps_ghm:auto_generated                             ; work         ;
;             |altsyncram_n761:altsyncram4| ; 0 (0)             ; 0 (0)        ; 384         ; 0            ; 0       ; 0         ; 0    ; 0            ; |des3|feistel_algo:decrypt2|altshift_taps:L16_rtl_0|shift_taps_ghm:auto_generated|altsyncram_n761:altsyncram4 ; work         ;
;             |cntr_74h:cntr5|              ; 2 (2)             ; 1 (1)        ; 0           ; 0            ; 0       ; 0         ; 0    ; 0            ; |des3|feistel_algo:decrypt2|altshift_taps:L16_rtl_0|shift_taps_ghm:auto_generated|cntr_74h:cntr5              ; work         ;
;             |cntr_kkf:cntr1|              ; 5 (5)             ; 2 (2)        ; 0           ; 0            ; 0       ; 0         ; 0    ; 0            ; |des3|feistel_algo:decrypt2|altshift_taps:L16_rtl_0|shift_taps_ghm:auto_generated|cntr_kkf:cntr1              ; work         ;
;       |f:key_gen[0].f_inst|               ; 72 (48)           ; 0 (0)        ; 0           ; 0            ; 0       ; 0         ; 0    ; 0            ; |des3|feistel_algo:decrypt2|f:key_gen[0].f_inst                                                               ; work         ;
;          |S:s|                            ; 24 (0)            ; 0 (0)        ; 0           ; 0            ; 0       ; 0         ; 0    ; 0            ; |des3|feistel_algo:decrypt2|f:key_gen[0].f_inst|S:s                                                           ; work         ;
;             |S1:iS1|                      ; 6 (6)             ; 0 (0)        ; 0           ; 0            ; 0       ; 0         ; 0    ; 0            ; |des3|feistel_algo:decrypt2|f:key_gen[0].f_inst|S:s|S1:iS1                                                    ; work         ;
;             |S2:iS2|                      ; 6 (6)             ; 0 (0)        ; 0           ; 0            ; 0       ; 0         ; 0    ; 0            ; |des3|feistel_algo:decrypt2|f:key_gen[0].f_inst|S:s|S2:iS2                                                    ; work         ;
;             |S5:iS5|                      ; 12 (12)           ; 0 (0)        ; 0           ; 0            ; 0       ; 0         ; 0    ; 0            ; |des3|feistel_algo:decrypt2|f:key_gen[0].f_inst|S:s|S5:iS5                                                    ; work         ;
;       |f:key_gen[10].f_inst|              ; 72 (48)           ; 0 (0)        ; 0           ; 0            ; 0       ; 0         ; 0    ; 0            ; |des3|feistel_algo:decrypt2|f:key_gen[10].f_inst                                                              ; work         ;
;          |S:s|                            ; 24 (0)            ; 0 (0)        ; 0           ; 0            ; 0       ; 0         ; 0    ; 0            ; |des3|feistel_algo:decrypt2|f:key_gen[10].f_inst|S:s                                                          ; work         ;
;             |S1:iS1|                      ; 6 (6)             ; 0 (0)        ; 0           ; 0            ; 0       ; 0         ; 0    ; 0            ; |des3|feistel_algo:decrypt2|f:key_gen[10].f_inst|S:s|S1:iS1                                                   ; work         ;
;             |S2:iS2|                      ; 6 (6)             ; 0 (0)        ; 0           ; 0            ; 0       ; 0         ; 0    ; 0            ; |des3|feistel_algo:decrypt2|f:key_gen[10].f_inst|S:s|S2:iS2                                                   ; work         ;
;             |S5:iS5|                      ; 12 (12)           ; 0 (0)        ; 0           ; 0            ; 0       ; 0         ; 0    ; 0            ; |des3|feistel_algo:decrypt2|f:key_gen[10].f_inst|S:s|S5:iS5                                                   ; work         ;
;       |f:key_gen[11].f_inst|              ; 72 (48)           ; 0 (0)        ; 0           ; 0            ; 0       ; 0         ; 0    ; 0            ; |des3|feistel_algo:decrypt2|f:key_gen[11].f_inst                                                              ; work         ;
;          |S:s|                            ; 24 (0)            ; 0 (0)        ; 0           ; 0            ; 0       ; 0         ; 0    ; 0            ; |des3|feistel_algo:decrypt2|f:key_gen[11].f_inst|S:s                                                          ; work         ;
;             |S1:iS1|                      ; 6 (6)             ; 0 (0)        ; 0           ; 0            ; 0       ; 0         ; 0    ; 0            ; |des3|feistel_algo:decrypt2|f:key_gen[11].f_inst|S:s|S1:iS1                                                   ; work         ;
;             |S2:iS2|                      ; 6 (6)             ; 0 (0)        ; 0           ; 0            ; 0       ; 0         ; 0    ; 0            ; |des3|feistel_algo:decrypt2|f:key_gen[11].f_inst|S:s|S2:iS2                                                   ; work         ;
;             |S5:iS5|                      ; 12 (12)           ; 0 (0)        ; 0           ; 0            ; 0       ; 0         ; 0    ; 0            ; |des3|feistel_algo:decrypt2|f:key_gen[11].f_inst|S:s|S5:iS5                                                   ; work         ;
;       |f:key_gen[12].f_inst|              ; 72 (48)           ; 0 (0)        ; 0           ; 0            ; 0       ; 0         ; 0    ; 0            ; |des3|feistel_algo:decrypt2|f:key_gen[12].f_inst                                                              ; work         ;
;          |S:s|                            ; 24 (0)            ; 0 (0)        ; 0           ; 0            ; 0       ; 0         ; 0    ; 0            ; |des3|feistel_algo:decrypt2|f:key_gen[12].f_inst|S:s                                                          ; work         ;
;             |S1:iS1|                      ; 6 (6)             ; 0 (0)        ; 0           ; 0            ; 0       ; 0         ; 0    ; 0            ; |des3|feistel_algo:decrypt2|f:key_gen[12].f_inst|S:s|S1:iS1                                                   ; work         ;
;             |S2:iS2|                      ; 6 (6)             ; 0 (0)        ; 0           ; 0            ; 0       ; 0         ; 0    ; 0            ; |des3|feistel_algo:decrypt2|f:key_gen[12].f_inst|S:s|S2:iS2                                                   ; work         ;
;             |S5:iS5|                      ; 12 (12)           ; 0 (0)        ; 0           ; 0            ; 0       ; 0         ; 0    ; 0            ; |des3|feistel_algo:decrypt2|f:key_gen[12].f_inst|S:s|S5:iS5                                                   ; work         ;
;       |f:key_gen[13].f_inst|              ; 72 (48)           ; 0 (0)        ; 0           ; 0            ; 0       ; 0         ; 0    ; 0            ; |des3|feistel_algo:decrypt2|f:key_gen[13].f_inst                                                              ; work         ;
;          |S:s|                            ; 24 (0)            ; 0 (0)        ; 0           ; 0            ; 0       ; 0         ; 0    ; 0            ; |des3|feistel_algo:decrypt2|f:key_gen[13].f_inst|S:s                                                          ; work         ;
;             |S1:iS1|                      ; 6 (6)             ; 0 (0)        ; 0           ; 0            ; 0       ; 0         ; 0    ; 0            ; |des3|feistel_algo:decrypt2|f:key_gen[13].f_inst|S:s|S1:iS1                                                   ; work         ;
;             |S2:iS2|                      ; 6 (6)             ; 0 (0)        ; 0           ; 0            ; 0       ; 0         ; 0    ; 0            ; |des3|feistel_algo:decrypt2|f:key_gen[13].f_inst|S:s|S2:iS2                                                   ; work         ;
;             |S5:iS5|                      ; 12 (12)           ; 0 (0)        ; 0           ; 0            ; 0       ; 0         ; 0    ; 0            ; |des3|feistel_algo:decrypt2|f:key_gen[13].f_inst|S:s|S5:iS5                                                   ; work         ;
;       |f:key_gen[14].f_inst|              ; 72 (48)           ; 0 (0)        ; 0           ; 0            ; 0       ; 0         ; 0    ; 0            ; |des3|feistel_algo:decrypt2|f:key_gen[14].f_inst                                                              ; work         ;
;          |S:s|                            ; 24 (0)            ; 0 (0)        ; 0           ; 0            ; 0       ; 0         ; 0    ; 0            ; |des3|feistel_algo:decrypt2|f:key_gen[14].f_inst|S:s                                                          ; work         ;
;             |S1:iS1|                      ; 6 (6)             ; 0 (0)        ; 0           ; 0            ; 0       ; 0         ; 0    ; 0            ; |des3|feistel_algo:decrypt2|f:key_gen[14].f_inst|S:s|S1:iS1                                                   ; work         ;
;             |S2:iS2|                      ; 6 (6)             ; 0 (0)        ; 0           ; 0            ; 0       ; 0         ; 0    ; 0            ; |des3|feistel_algo:decrypt2|f:key_gen[14].f_inst|S:s|S2:iS2                                                   ; work         ;
;             |S5:iS5|                      ; 12 (12)           ; 0 (0)        ; 0           ; 0            ; 0       ; 0         ; 0    ; 0            ; |des3|feistel_algo:decrypt2|f:key_gen[14].f_inst|S:s|S5:iS5                                                   ; work         ;
;       |f:key_gen[15].f_inst|              ; 72 (48)           ; 0 (0)        ; 0           ; 0            ; 0       ; 0         ; 0    ; 0            ; |des3|feistel_algo:decrypt2|f:key_gen[15].f_inst                                                              ; work         ;
;          |S:s|                            ; 24 (0)            ; 0 (0)        ; 0           ; 0            ; 0       ; 0         ; 0    ; 0            ; |des3|feistel_algo:decrypt2|f:key_gen[15].f_inst|S:s                                                          ; work         ;
;             |S1:iS1|                      ; 6 (6)             ; 0 (0)        ; 0           ; 0            ; 0       ; 0         ; 0    ; 0            ; |des3|feistel_algo:decrypt2|f:key_gen[15].f_inst|S:s|S1:iS1                                                   ; work         ;
;             |S2:iS2|                      ; 6 (6)             ; 0 (0)        ; 0           ; 0            ; 0       ; 0         ; 0    ; 0            ; |des3|feistel_algo:decrypt2|f:key_gen[15].f_inst|S:s|S2:iS2                                                   ; work         ;
;             |S5:iS5|                      ; 12 (12)           ; 0 (0)        ; 0           ; 0            ; 0       ; 0         ; 0    ; 0            ; |des3|feistel_algo:decrypt2|f:key_gen[15].f_inst|S:s|S5:iS5                                                   ; work         ;
;       |f:key_gen[1].f_inst|               ; 72 (48)           ; 0 (0)        ; 0           ; 0            ; 0       ; 0         ; 0    ; 0            ; |des3|feistel_algo:decrypt2|f:key_gen[1].f_inst                                                               ; work         ;
;          |S:s|                            ; 24 (0)            ; 0 (0)        ; 0           ; 0            ; 0       ; 0         ; 0    ; 0            ; |des3|feistel_algo:decrypt2|f:key_gen[1].f_inst|S:s                                                           ; work         ;
;             |S1:iS1|                      ; 6 (6)             ; 0 (0)        ; 0           ; 0            ; 0       ; 0         ; 0    ; 0            ; |des3|feistel_algo:decrypt2|f:key_gen[1].f_inst|S:s|S1:iS1                                                    ; work         ;
;             |S2:iS2|                      ; 6 (6)             ; 0 (0)        ; 0           ; 0            ; 0       ; 0         ; 0    ; 0            ; |des3|feistel_algo:decrypt2|f:key_gen[1].f_inst|S:s|S2:iS2                                                    ; work         ;
;             |S5:iS5|                      ; 12 (12)           ; 0 (0)        ; 0           ; 0            ; 0       ; 0         ; 0    ; 0            ; |des3|feistel_algo:decrypt2|f:key_gen[1].f_inst|S:s|S5:iS5                                                    ; work         ;
;       |f:key_gen[2].f_inst|               ; 72 (48)           ; 0 (0)        ; 0           ; 0            ; 0       ; 0         ; 0    ; 0            ; |des3|feistel_algo:decrypt2|f:key_gen[2].f_inst                                                               ; work         ;
;          |S:s|                            ; 24 (0)            ; 0 (0)        ; 0           ; 0            ; 0       ; 0         ; 0    ; 0            ; |des3|feistel_algo:decrypt2|f:key_gen[2].f_inst|S:s                                                           ; work         ;
;             |S1:iS1|                      ; 6 (6)             ; 0 (0)        ; 0           ; 0            ; 0       ; 0         ; 0    ; 0            ; |des3|feistel_algo:decrypt2|f:key_gen[2].f_inst|S:s|S1:iS1                                                    ; work         ;
;             |S2:iS2|                      ; 6 (6)             ; 0 (0)        ; 0           ; 0            ; 0       ; 0         ; 0    ; 0            ; |des3|feistel_algo:decrypt2|f:key_gen[2].f_inst|S:s|S2:iS2                                                    ; work         ;
;             |S5:iS5|                      ; 12 (12)           ; 0 (0)        ; 0           ; 0            ; 0       ; 0         ; 0    ; 0            ; |des3|feistel_algo:decrypt2|f:key_gen[2].f_inst|S:s|S5:iS5                                                    ; work         ;
;       |f:key_gen[3].f_inst|               ; 72 (48)           ; 0 (0)        ; 0           ; 0            ; 0       ; 0         ; 0    ; 0            ; |des3|feistel_algo:decrypt2|f:key_gen[3].f_inst                                                               ; work         ;
;          |S:s|                            ; 24 (0)            ; 0 (0)        ; 0           ; 0            ; 0       ; 0         ; 0    ; 0            ; |des3|feistel_algo:decrypt2|f:key_gen[3].f_inst|S:s                                                           ; work         ;
;             |S1:iS1|                      ; 6 (6)             ; 0 (0)        ; 0           ; 0            ; 0       ; 0         ; 0    ; 0            ; |des3|feistel_algo:decrypt2|f:key_gen[3].f_inst|S:s|S1:iS1                                                    ; work         ;
;             |S2:iS2|                      ; 6 (6)             ; 0 (0)        ; 0           ; 0            ; 0       ; 0         ; 0    ; 0            ; |des3|feistel_algo:decrypt2|f:key_gen[3].f_inst|S:s|S2:iS2                                                    ; work         ;
;             |S5:iS5|                      ; 12 (12)           ; 0 (0)        ; 0           ; 0            ; 0       ; 0         ; 0    ; 0            ; |des3|feistel_algo:decrypt2|f:key_gen[3].f_inst|S:s|S5:iS5                                                    ; work         ;
;       |f:key_gen[4].f_inst|               ; 72 (48)           ; 0 (0)        ; 0           ; 0            ; 0       ; 0         ; 0    ; 0            ; |des3|feistel_algo:decrypt2|f:key_gen[4].f_inst                                                               ; work         ;
;          |S:s|                            ; 24 (0)            ; 0 (0)        ; 0           ; 0            ; 0       ; 0         ; 0    ; 0            ; |des3|feistel_algo:decrypt2|f:key_gen[4].f_inst|S:s                                                           ; work         ;
;             |S1:iS1|                      ; 6 (6)             ; 0 (0)        ; 0           ; 0            ; 0       ; 0         ; 0    ; 0            ; |des3|feistel_algo:decrypt2|f:key_gen[4].f_inst|S:s|S1:iS1                                                    ; work         ;
;             |S2:iS2|                      ; 6 (6)             ; 0 (0)        ; 0           ; 0            ; 0       ; 0         ; 0    ; 0            ; |des3|feistel_algo:decrypt2|f:key_gen[4].f_inst|S:s|S2:iS2                                                    ; work         ;
;             |S5:iS5|                      ; 12 (12)           ; 0 (0)        ; 0           ; 0            ; 0       ; 0         ; 0    ; 0            ; |des3|feistel_algo:decrypt2|f:key_gen[4].f_inst|S:s|S5:iS5                                                    ; work         ;
;       |f:key_gen[5].f_inst|               ; 72 (48)           ; 0 (0)        ; 0           ; 0            ; 0       ; 0         ; 0    ; 0            ; |des3|feistel_algo:decrypt2|f:key_gen[5].f_inst                                                               ; work         ;
;          |S:s|                            ; 24 (0)            ; 0 (0)        ; 0           ; 0            ; 0       ; 0         ; 0    ; 0            ; |des3|feistel_algo:decrypt2|f:key_gen[5].f_inst|S:s                                                           ; work         ;
;             |S1:iS1|                      ; 6 (6)             ; 0 (0)        ; 0           ; 0            ; 0       ; 0         ; 0    ; 0            ; |des3|feistel_algo:decrypt2|f:key_gen[5].f_inst|S:s|S1:iS1                                                    ; work         ;
;             |S2:iS2|                      ; 6 (6)             ; 0 (0)        ; 0           ; 0            ; 0       ; 0         ; 0    ; 0            ; |des3|feistel_algo:decrypt2|f:key_gen[5].f_inst|S:s|S2:iS2                                                    ; work         ;
;             |S5:iS5|                      ; 12 (12)           ; 0 (0)        ; 0           ; 0            ; 0       ; 0         ; 0    ; 0            ; |des3|feistel_algo:decrypt2|f:key_gen[5].f_inst|S:s|S5:iS5                                                    ; work         ;
;       |f:key_gen[6].f_inst|               ; 72 (48)           ; 0 (0)        ; 0           ; 0            ; 0       ; 0         ; 0    ; 0            ; |des3|feistel_algo:decrypt2|f:key_gen[6].f_inst                                                               ; work         ;
;          |S:s|                            ; 24 (0)            ; 0 (0)        ; 0           ; 0            ; 0       ; 0         ; 0    ; 0            ; |des3|feistel_algo:decrypt2|f:key_gen[6].f_inst|S:s                                                           ; work         ;
;             |S1:iS1|                      ; 6 (6)             ; 0 (0)        ; 0           ; 0            ; 0       ; 0         ; 0    ; 0            ; |des3|feistel_algo:decrypt2|f:key_gen[6].f_inst|S:s|S1:iS1                                                    ; work         ;
;             |S2:iS2|                      ; 6 (6)             ; 0 (0)        ; 0           ; 0            ; 0       ; 0         ; 0    ; 0            ; |des3|feistel_algo:decrypt2|f:key_gen[6].f_inst|S:s|S2:iS2                                                    ; work         ;
;             |S5:iS5|                      ; 12 (12)           ; 0 (0)        ; 0           ; 0            ; 0       ; 0         ; 0    ; 0            ; |des3|feistel_algo:decrypt2|f:key_gen[6].f_inst|S:s|S5:iS5                                                    ; work         ;
;       |f:key_gen[7].f_inst|               ; 72 (48)           ; 0 (0)        ; 0           ; 0            ; 0       ; 0         ; 0    ; 0            ; |des3|feistel_algo:decrypt2|f:key_gen[7].f_inst                                                               ; work         ;
;          |S:s|                            ; 24 (0)            ; 0 (0)        ; 0           ; 0            ; 0       ; 0         ; 0    ; 0            ; |des3|feistel_algo:decrypt2|f:key_gen[7].f_inst|S:s                                                           ; work         ;
;             |S1:iS1|                      ; 6 (6)             ; 0 (0)        ; 0           ; 0            ; 0       ; 0         ; 0    ; 0            ; |des3|feistel_algo:decrypt2|f:key_gen[7].f_inst|S:s|S1:iS1                                                    ; work         ;
;             |S2:iS2|                      ; 6 (6)             ; 0 (0)        ; 0           ; 0            ; 0       ; 0         ; 0    ; 0            ; |des3|feistel_algo:decrypt2|f:key_gen[7].f_inst|S:s|S2:iS2                                                    ; work         ;
;             |S5:iS5|                      ; 12 (12)           ; 0 (0)        ; 0           ; 0            ; 0       ; 0         ; 0    ; 0            ; |des3|feistel_algo:decrypt2|f:key_gen[7].f_inst|S:s|S5:iS5                                                    ; work         ;
;       |f:key_gen[8].f_inst|               ; 72 (48)           ; 0 (0)        ; 0           ; 0            ; 0       ; 0         ; 0    ; 0            ; |des3|feistel_algo:decrypt2|f:key_gen[8].f_inst                                                               ; work         ;
;          |S:s|                            ; 24 (0)            ; 0 (0)        ; 0           ; 0            ; 0       ; 0         ; 0    ; 0            ; |des3|feistel_algo:decrypt2|f:key_gen[8].f_inst|S:s                                                           ; work         ;
;             |S1:iS1|                      ; 6 (6)             ; 0 (0)        ; 0           ; 0            ; 0       ; 0         ; 0    ; 0            ; |des3|feistel_algo:decrypt2|f:key_gen[8].f_inst|S:s|S1:iS1                                                    ; work         ;
;             |S2:iS2|                      ; 6 (6)             ; 0 (0)        ; 0           ; 0            ; 0       ; 0         ; 0    ; 0            ; |des3|feistel_algo:decrypt2|f:key_gen[8].f_inst|S:s|S2:iS2                                                    ; work         ;
;             |S5:iS5|                      ; 12 (12)           ; 0 (0)        ; 0           ; 0            ; 0       ; 0         ; 0    ; 0            ; |des3|feistel_algo:decrypt2|f:key_gen[8].f_inst|S:s|S5:iS5                                                    ; work         ;
;       |f:key_gen[9].f_inst|               ; 72 (48)           ; 0 (0)        ; 0           ; 0            ; 0       ; 0         ; 0    ; 0            ; |des3|feistel_algo:decrypt2|f:key_gen[9].f_inst                                                               ; work         ;
;          |S:s|                            ; 24 (0)            ; 0 (0)        ; 0           ; 0            ; 0       ; 0         ; 0    ; 0            ; |des3|feistel_algo:decrypt2|f:key_gen[9].f_inst|S:s                                                           ; work         ;
;             |S1:iS1|                      ; 6 (6)             ; 0 (0)        ; 0           ; 0            ; 0       ; 0         ; 0    ; 0            ; |des3|feistel_algo:decrypt2|f:key_gen[9].f_inst|S:s|S1:iS1                                                    ; work         ;
;             |S2:iS2|                      ; 6 (6)             ; 0 (0)        ; 0           ; 0            ; 0       ; 0         ; 0    ; 0            ; |des3|feistel_algo:decrypt2|f:key_gen[9].f_inst|S:s|S2:iS2                                                    ; work         ;
;             |S5:iS5|                      ; 12 (12)           ; 0 (0)        ; 0           ; 0            ; 0       ; 0         ; 0    ; 0            ; |des3|feistel_algo:decrypt2|f:key_gen[9].f_inst|S:s|S5:iS5                                                    ; work         ;
;    |feistel_algo:encrypt1|                ; 3841 (2689)       ; 1042 (1042)  ; 0           ; 0            ; 0       ; 0         ; 0    ; 0            ; |des3|feistel_algo:encrypt1                                                                                   ; work         ;
;       |f:key_gen[0].f_inst|               ; 72 (48)           ; 0 (0)        ; 0           ; 0            ; 0       ; 0         ; 0    ; 0            ; |des3|feistel_algo:encrypt1|f:key_gen[0].f_inst                                                               ; work         ;
;          |S:s|                            ; 24 (0)            ; 0 (0)        ; 0           ; 0            ; 0       ; 0         ; 0    ; 0            ; |des3|feistel_algo:encrypt1|f:key_gen[0].f_inst|S:s                                                           ; work         ;
;             |S1:iS1|                      ; 6 (6)             ; 0 (0)        ; 0           ; 0            ; 0       ; 0         ; 0    ; 0            ; |des3|feistel_algo:encrypt1|f:key_gen[0].f_inst|S:s|S1:iS1                                                    ; work         ;
;             |S2:iS2|                      ; 6 (6)             ; 0 (0)        ; 0           ; 0            ; 0       ; 0         ; 0    ; 0            ; |des3|feistel_algo:encrypt1|f:key_gen[0].f_inst|S:s|S2:iS2                                                    ; work         ;
;             |S5:iS5|                      ; 12 (12)           ; 0 (0)        ; 0           ; 0            ; 0       ; 0         ; 0    ; 0            ; |des3|feistel_algo:encrypt1|f:key_gen[0].f_inst|S:s|S5:iS5                                                    ; work         ;
;       |f:key_gen[10].f_inst|              ; 72 (48)           ; 0 (0)        ; 0           ; 0            ; 0       ; 0         ; 0    ; 0            ; |des3|feistel_algo:encrypt1|f:key_gen[10].f_inst                                                              ; work         ;
;          |S:s|                            ; 24 (0)            ; 0 (0)        ; 0           ; 0            ; 0       ; 0         ; 0    ; 0            ; |des3|feistel_algo:encrypt1|f:key_gen[10].f_inst|S:s                                                          ; work         ;
;             |S1:iS1|                      ; 6 (6)             ; 0 (0)        ; 0           ; 0            ; 0       ; 0         ; 0    ; 0            ; |des3|feistel_algo:encrypt1|f:key_gen[10].f_inst|S:s|S1:iS1                                                   ; work         ;
;             |S2:iS2|                      ; 6 (6)             ; 0 (0)        ; 0           ; 0            ; 0       ; 0         ; 0    ; 0            ; |des3|feistel_algo:encrypt1|f:key_gen[10].f_inst|S:s|S2:iS2                                                   ; work         ;
;             |S5:iS5|                      ; 12 (12)           ; 0 (0)        ; 0           ; 0            ; 0       ; 0         ; 0    ; 0            ; |des3|feistel_algo:encrypt1|f:key_gen[10].f_inst|S:s|S5:iS5                                                   ; work         ;
;       |f:key_gen[11].f_inst|              ; 72 (48)           ; 0 (0)        ; 0           ; 0            ; 0       ; 0         ; 0    ; 0            ; |des3|feistel_algo:encrypt1|f:key_gen[11].f_inst                                                              ; work         ;
;          |S:s|                            ; 24 (0)            ; 0 (0)        ; 0           ; 0            ; 0       ; 0         ; 0    ; 0            ; |des3|feistel_algo:encrypt1|f:key_gen[11].f_inst|S:s                                                          ; work         ;
;             |S1:iS1|                      ; 6 (6)             ; 0 (0)        ; 0           ; 0            ; 0       ; 0         ; 0    ; 0            ; |des3|feistel_algo:encrypt1|f:key_gen[11].f_inst|S:s|S1:iS1                                                   ; work         ;
;             |S2:iS2|                      ; 6 (6)             ; 0 (0)        ; 0           ; 0            ; 0       ; 0         ; 0    ; 0            ; |des3|feistel_algo:encrypt1|f:key_gen[11].f_inst|S:s|S2:iS2                                                   ; work         ;
;             |S5:iS5|                      ; 12 (12)           ; 0 (0)        ; 0           ; 0            ; 0       ; 0         ; 0    ; 0            ; |des3|feistel_algo:encrypt1|f:key_gen[11].f_inst|S:s|S5:iS5                                                   ; work         ;
;       |f:key_gen[12].f_inst|              ; 72 (48)           ; 0 (0)        ; 0           ; 0            ; 0       ; 0         ; 0    ; 0            ; |des3|feistel_algo:encrypt1|f:key_gen[12].f_inst                                                              ; work         ;
;          |S:s|                            ; 24 (0)            ; 0 (0)        ; 0           ; 0            ; 0       ; 0         ; 0    ; 0            ; |des3|feistel_algo:encrypt1|f:key_gen[12].f_inst|S:s                                                          ; work         ;
;             |S1:iS1|                      ; 6 (6)             ; 0 (0)        ; 0           ; 0            ; 0       ; 0         ; 0    ; 0            ; |des3|feistel_algo:encrypt1|f:key_gen[12].f_inst|S:s|S1:iS1                                                   ; work         ;
;             |S2:iS2|                      ; 6 (6)             ; 0 (0)        ; 0           ; 0            ; 0       ; 0         ; 0    ; 0            ; |des3|feistel_algo:encrypt1|f:key_gen[12].f_inst|S:s|S2:iS2                                                   ; work         ;
;             |S5:iS5|                      ; 12 (12)           ; 0 (0)        ; 0           ; 0            ; 0       ; 0         ; 0    ; 0            ; |des3|feistel_algo:encrypt1|f:key_gen[12].f_inst|S:s|S5:iS5                                                   ; work         ;
;       |f:key_gen[13].f_inst|              ; 72 (48)           ; 0 (0)        ; 0           ; 0            ; 0       ; 0         ; 0    ; 0            ; |des3|feistel_algo:encrypt1|f:key_gen[13].f_inst                                                              ; work         ;
;          |S:s|                            ; 24 (0)            ; 0 (0)        ; 0           ; 0            ; 0       ; 0         ; 0    ; 0            ; |des3|feistel_algo:encrypt1|f:key_gen[13].f_inst|S:s                                                          ; work         ;
;             |S1:iS1|                      ; 6 (6)             ; 0 (0)        ; 0           ; 0            ; 0       ; 0         ; 0    ; 0            ; |des3|feistel_algo:encrypt1|f:key_gen[13].f_inst|S:s|S1:iS1                                                   ; work         ;
;             |S2:iS2|                      ; 6 (6)             ; 0 (0)        ; 0           ; 0            ; 0       ; 0         ; 0    ; 0            ; |des3|feistel_algo:encrypt1|f:key_gen[13].f_inst|S:s|S2:iS2                                                   ; work         ;
;             |S5:iS5|                      ; 12 (12)           ; 0 (0)        ; 0           ; 0            ; 0       ; 0         ; 0    ; 0            ; |des3|feistel_algo:encrypt1|f:key_gen[13].f_inst|S:s|S5:iS5                                                   ; work         ;
;       |f:key_gen[14].f_inst|              ; 72 (48)           ; 0 (0)        ; 0           ; 0            ; 0       ; 0         ; 0    ; 0            ; |des3|feistel_algo:encrypt1|f:key_gen[14].f_inst                                                              ; work         ;
;          |S:s|                            ; 24 (0)            ; 0 (0)        ; 0           ; 0            ; 0       ; 0         ; 0    ; 0            ; |des3|feistel_algo:encrypt1|f:key_gen[14].f_inst|S:s                                                          ; work         ;
;             |S1:iS1|                      ; 6 (6)             ; 0 (0)        ; 0           ; 0            ; 0       ; 0         ; 0    ; 0            ; |des3|feistel_algo:encrypt1|f:key_gen[14].f_inst|S:s|S1:iS1                                                   ; work         ;
;             |S2:iS2|                      ; 6 (6)             ; 0 (0)        ; 0           ; 0            ; 0       ; 0         ; 0    ; 0            ; |des3|feistel_algo:encrypt1|f:key_gen[14].f_inst|S:s|S2:iS2                                                   ; work         ;
;             |S5:iS5|                      ; 12 (12)           ; 0 (0)        ; 0           ; 0            ; 0       ; 0         ; 0    ; 0            ; |des3|feistel_algo:encrypt1|f:key_gen[14].f_inst|S:s|S5:iS5                                                   ; work         ;
;       |f:key_gen[15].f_inst|              ; 72 (48)           ; 0 (0)        ; 0           ; 0            ; 0       ; 0         ; 0    ; 0            ; |des3|feistel_algo:encrypt1|f:key_gen[15].f_inst                                                              ; work         ;
;          |S:s|                            ; 24 (0)            ; 0 (0)        ; 0           ; 0            ; 0       ; 0         ; 0    ; 0            ; |des3|feistel_algo:encrypt1|f:key_gen[15].f_inst|S:s                                                          ; work         ;
;             |S1:iS1|                      ; 6 (6)             ; 0 (0)        ; 0           ; 0            ; 0       ; 0         ; 0    ; 0            ; |des3|feistel_algo:encrypt1|f:key_gen[15].f_inst|S:s|S1:iS1                                                   ; work         ;
;             |S2:iS2|                      ; 6 (6)             ; 0 (0)        ; 0           ; 0            ; 0       ; 0         ; 0    ; 0            ; |des3|feistel_algo:encrypt1|f:key_gen[15].f_inst|S:s|S2:iS2                                                   ; work         ;
;             |S5:iS5|                      ; 12 (12)           ; 0 (0)        ; 0           ; 0            ; 0       ; 0         ; 0    ; 0            ; |des3|feistel_algo:encrypt1|f:key_gen[15].f_inst|S:s|S5:iS5                                                   ; work         ;
;       |f:key_gen[1].f_inst|               ; 72 (48)           ; 0 (0)        ; 0           ; 0            ; 0       ; 0         ; 0    ; 0            ; |des3|feistel_algo:encrypt1|f:key_gen[1].f_inst                                                               ; work         ;
;          |S:s|                            ; 24 (0)            ; 0 (0)        ; 0           ; 0            ; 0       ; 0         ; 0    ; 0            ; |des3|feistel_algo:encrypt1|f:key_gen[1].f_inst|S:s                                                           ; work         ;
;             |S1:iS1|                      ; 6 (6)             ; 0 (0)        ; 0           ; 0            ; 0       ; 0         ; 0    ; 0            ; |des3|feistel_algo:encrypt1|f:key_gen[1].f_inst|S:s|S1:iS1                                                    ; work         ;
;             |S2:iS2|                      ; 6 (6)             ; 0 (0)        ; 0           ; 0            ; 0       ; 0         ; 0    ; 0            ; |des3|feistel_algo:encrypt1|f:key_gen[1].f_inst|S:s|S2:iS2                                                    ; work         ;
;             |S5:iS5|                      ; 12 (12)           ; 0 (0)        ; 0           ; 0            ; 0       ; 0         ; 0    ; 0            ; |des3|feistel_algo:encrypt1|f:key_gen[1].f_inst|S:s|S5:iS5                                                    ; work         ;
;       |f:key_gen[2].f_inst|               ; 72 (48)           ; 0 (0)        ; 0           ; 0            ; 0       ; 0         ; 0    ; 0            ; |des3|feistel_algo:encrypt1|f:key_gen[2].f_inst                                                               ; work         ;
;          |S:s|                            ; 24 (0)            ; 0 (0)        ; 0           ; 0            ; 0       ; 0         ; 0    ; 0            ; |des3|feistel_algo:encrypt1|f:key_gen[2].f_inst|S:s                                                           ; work         ;
;             |S1:iS1|                      ; 6 (6)             ; 0 (0)        ; 0           ; 0            ; 0       ; 0         ; 0    ; 0            ; |des3|feistel_algo:encrypt1|f:key_gen[2].f_inst|S:s|S1:iS1                                                    ; work         ;
;             |S2:iS2|                      ; 6 (6)             ; 0 (0)        ; 0           ; 0            ; 0       ; 0         ; 0    ; 0            ; |des3|feistel_algo:encrypt1|f:key_gen[2].f_inst|S:s|S2:iS2                                                    ; work         ;
;             |S5:iS5|                      ; 12 (12)           ; 0 (0)        ; 0           ; 0            ; 0       ; 0         ; 0    ; 0            ; |des3|feistel_algo:encrypt1|f:key_gen[2].f_inst|S:s|S5:iS5                                                    ; work         ;
;       |f:key_gen[3].f_inst|               ; 72 (48)           ; 0 (0)        ; 0           ; 0            ; 0       ; 0         ; 0    ; 0            ; |des3|feistel_algo:encrypt1|f:key_gen[3].f_inst                                                               ; work         ;
;          |S:s|                            ; 24 (0)            ; 0 (0)        ; 0           ; 0            ; 0       ; 0         ; 0    ; 0            ; |des3|feistel_algo:encrypt1|f:key_gen[3].f_inst|S:s                                                           ; work         ;
;             |S1:iS1|                      ; 6 (6)             ; 0 (0)        ; 0           ; 0            ; 0       ; 0         ; 0    ; 0            ; |des3|feistel_algo:encrypt1|f:key_gen[3].f_inst|S:s|S1:iS1                                                    ; work         ;
;             |S2:iS2|                      ; 6 (6)             ; 0 (0)        ; 0           ; 0            ; 0       ; 0         ; 0    ; 0            ; |des3|feistel_algo:encrypt1|f:key_gen[3].f_inst|S:s|S2:iS2                                                    ; work         ;
;             |S5:iS5|                      ; 12 (12)           ; 0 (0)        ; 0           ; 0            ; 0       ; 0         ; 0    ; 0            ; |des3|feistel_algo:encrypt1|f:key_gen[3].f_inst|S:s|S5:iS5                                                    ; work         ;
;       |f:key_gen[4].f_inst|               ; 72 (48)           ; 0 (0)        ; 0           ; 0            ; 0       ; 0         ; 0    ; 0            ; |des3|feistel_algo:encrypt1|f:key_gen[4].f_inst                                                               ; work         ;
;          |S:s|                            ; 24 (0)            ; 0 (0)        ; 0           ; 0            ; 0       ; 0         ; 0    ; 0            ; |des3|feistel_algo:encrypt1|f:key_gen[4].f_inst|S:s                                                           ; work         ;
;             |S1:iS1|                      ; 6 (6)             ; 0 (0)        ; 0           ; 0            ; 0       ; 0         ; 0    ; 0            ; |des3|feistel_algo:encrypt1|f:key_gen[4].f_inst|S:s|S1:iS1                                                    ; work         ;
;             |S2:iS2|                      ; 6 (6)             ; 0 (0)        ; 0           ; 0            ; 0       ; 0         ; 0    ; 0            ; |des3|feistel_algo:encrypt1|f:key_gen[4].f_inst|S:s|S2:iS2                                                    ; work         ;
;             |S5:iS5|                      ; 12 (12)           ; 0 (0)        ; 0           ; 0            ; 0       ; 0         ; 0    ; 0            ; |des3|feistel_algo:encrypt1|f:key_gen[4].f_inst|S:s|S5:iS5                                                    ; work         ;
;       |f:key_gen[5].f_inst|               ; 72 (48)           ; 0 (0)        ; 0           ; 0            ; 0       ; 0         ; 0    ; 0            ; |des3|feistel_algo:encrypt1|f:key_gen[5].f_inst                                                               ; work         ;
;          |S:s|                            ; 24 (0)            ; 0 (0)        ; 0           ; 0            ; 0       ; 0         ; 0    ; 0            ; |des3|feistel_algo:encrypt1|f:key_gen[5].f_inst|S:s                                                           ; work         ;
;             |S1:iS1|                      ; 6 (6)             ; 0 (0)        ; 0           ; 0            ; 0       ; 0         ; 0    ; 0            ; |des3|feistel_algo:encrypt1|f:key_gen[5].f_inst|S:s|S1:iS1                                                    ; work         ;
;             |S2:iS2|                      ; 6 (6)             ; 0 (0)        ; 0           ; 0            ; 0       ; 0         ; 0    ; 0            ; |des3|feistel_algo:encrypt1|f:key_gen[5].f_inst|S:s|S2:iS2                                                    ; work         ;
;             |S5:iS5|                      ; 12 (12)           ; 0 (0)        ; 0           ; 0            ; 0       ; 0         ; 0    ; 0            ; |des3|feistel_algo:encrypt1|f:key_gen[5].f_inst|S:s|S5:iS5                                                    ; work         ;
;       |f:key_gen[6].f_inst|               ; 72 (48)           ; 0 (0)        ; 0           ; 0            ; 0       ; 0         ; 0    ; 0            ; |des3|feistel_algo:encrypt1|f:key_gen[6].f_inst                                                               ; work         ;
;          |S:s|                            ; 24 (0)            ; 0 (0)        ; 0           ; 0            ; 0       ; 0         ; 0    ; 0            ; |des3|feistel_algo:encrypt1|f:key_gen[6].f_inst|S:s                                                           ; work         ;
;             |S1:iS1|                      ; 6 (6)             ; 0 (0)        ; 0           ; 0            ; 0       ; 0         ; 0    ; 0            ; |des3|feistel_algo:encrypt1|f:key_gen[6].f_inst|S:s|S1:iS1                                                    ; work         ;
;             |S2:iS2|                      ; 6 (6)             ; 0 (0)        ; 0           ; 0            ; 0       ; 0         ; 0    ; 0            ; |des3|feistel_algo:encrypt1|f:key_gen[6].f_inst|S:s|S2:iS2                                                    ; work         ;
;             |S5:iS5|                      ; 12 (12)           ; 0 (0)        ; 0           ; 0            ; 0       ; 0         ; 0    ; 0            ; |des3|feistel_algo:encrypt1|f:key_gen[6].f_inst|S:s|S5:iS5                                                    ; work         ;
;       |f:key_gen[7].f_inst|               ; 72 (48)           ; 0 (0)        ; 0           ; 0            ; 0       ; 0         ; 0    ; 0            ; |des3|feistel_algo:encrypt1|f:key_gen[7].f_inst                                                               ; work         ;
;          |S:s|                            ; 24 (0)            ; 0 (0)        ; 0           ; 0            ; 0       ; 0         ; 0    ; 0            ; |des3|feistel_algo:encrypt1|f:key_gen[7].f_inst|S:s                                                           ; work         ;
;             |S1:iS1|                      ; 6 (6)             ; 0 (0)        ; 0           ; 0            ; 0       ; 0         ; 0    ; 0            ; |des3|feistel_algo:encrypt1|f:key_gen[7].f_inst|S:s|S1:iS1                                                    ; work         ;
;             |S2:iS2|                      ; 6 (6)             ; 0 (0)        ; 0           ; 0            ; 0       ; 0         ; 0    ; 0            ; |des3|feistel_algo:encrypt1|f:key_gen[7].f_inst|S:s|S2:iS2                                                    ; work         ;
;             |S5:iS5|                      ; 12 (12)           ; 0 (0)        ; 0           ; 0            ; 0       ; 0         ; 0    ; 0            ; |des3|feistel_algo:encrypt1|f:key_gen[7].f_inst|S:s|S5:iS5                                                    ; work         ;
;       |f:key_gen[8].f_inst|               ; 72 (48)           ; 0 (0)        ; 0           ; 0            ; 0       ; 0         ; 0    ; 0            ; |des3|feistel_algo:encrypt1|f:key_gen[8].f_inst                                                               ; work         ;
;          |S:s|                            ; 24 (0)            ; 0 (0)        ; 0           ; 0            ; 0       ; 0         ; 0    ; 0            ; |des3|feistel_algo:encrypt1|f:key_gen[8].f_inst|S:s                                                           ; work         ;
;             |S1:iS1|                      ; 6 (6)             ; 0 (0)        ; 0           ; 0            ; 0       ; 0         ; 0    ; 0            ; |des3|feistel_algo:encrypt1|f:key_gen[8].f_inst|S:s|S1:iS1                                                    ; work         ;
;             |S2:iS2|                      ; 6 (6)             ; 0 (0)        ; 0           ; 0            ; 0       ; 0         ; 0    ; 0            ; |des3|feistel_algo:encrypt1|f:key_gen[8].f_inst|S:s|S2:iS2                                                    ; work         ;
;             |S5:iS5|                      ; 12 (12)           ; 0 (0)        ; 0           ; 0            ; 0       ; 0         ; 0    ; 0            ; |des3|feistel_algo:encrypt1|f:key_gen[8].f_inst|S:s|S5:iS5                                                    ; work         ;
;       |f:key_gen[9].f_inst|               ; 72 (48)           ; 0 (0)        ; 0           ; 0            ; 0       ; 0         ; 0    ; 0            ; |des3|feistel_algo:encrypt1|f:key_gen[9].f_inst                                                               ; work         ;
;          |S:s|                            ; 24 (0)            ; 0 (0)        ; 0           ; 0            ; 0       ; 0         ; 0    ; 0            ; |des3|feistel_algo:encrypt1|f:key_gen[9].f_inst|S:s                                                           ; work         ;
;             |S1:iS1|                      ; 6 (6)             ; 0 (0)        ; 0           ; 0            ; 0       ; 0         ; 0    ; 0            ; |des3|feistel_algo:encrypt1|f:key_gen[9].f_inst|S:s|S1:iS1                                                    ; work         ;
;             |S2:iS2|                      ; 6 (6)             ; 0 (0)        ; 0           ; 0            ; 0       ; 0         ; 0    ; 0            ; |des3|feistel_algo:encrypt1|f:key_gen[9].f_inst|S:s|S2:iS2                                                    ; work         ;
;             |S5:iS5|                      ; 12 (12)           ; 0 (0)        ; 0           ; 0            ; 0       ; 0         ; 0    ; 0            ; |des3|feistel_algo:encrypt1|f:key_gen[9].f_inst|S:s|S5:iS5                                                    ; work         ;
;    |feistel_algo:encrypt3|                ; 3809 (2657)       ; 1106 (1106)  ; 0           ; 0            ; 0       ; 0         ; 0    ; 0            ; |des3|feistel_algo:encrypt3                                                                                   ; work         ;
;       |f:key_gen[0].f_inst|               ; 72 (48)           ; 0 (0)        ; 0           ; 0            ; 0       ; 0         ; 0    ; 0            ; |des3|feistel_algo:encrypt3|f:key_gen[0].f_inst                                                               ; work         ;
;          |S:s|                            ; 24 (0)            ; 0 (0)        ; 0           ; 0            ; 0       ; 0         ; 0    ; 0            ; |des3|feistel_algo:encrypt3|f:key_gen[0].f_inst|S:s                                                           ; work         ;
;             |S1:iS1|                      ; 6 (6)             ; 0 (0)        ; 0           ; 0            ; 0       ; 0         ; 0    ; 0            ; |des3|feistel_algo:encrypt3|f:key_gen[0].f_inst|S:s|S1:iS1                                                    ; work         ;
;             |S2:iS2|                      ; 6 (6)             ; 0 (0)        ; 0           ; 0            ; 0       ; 0         ; 0    ; 0            ; |des3|feistel_algo:encrypt3|f:key_gen[0].f_inst|S:s|S2:iS2                                                    ; work         ;
;             |S5:iS5|                      ; 12 (12)           ; 0 (0)        ; 0           ; 0            ; 0       ; 0         ; 0    ; 0            ; |des3|feistel_algo:encrypt3|f:key_gen[0].f_inst|S:s|S5:iS5                                                    ; work         ;
;       |f:key_gen[10].f_inst|              ; 72 (48)           ; 0 (0)        ; 0           ; 0            ; 0       ; 0         ; 0    ; 0            ; |des3|feistel_algo:encrypt3|f:key_gen[10].f_inst                                                              ; work         ;
;          |S:s|                            ; 24 (0)            ; 0 (0)        ; 0           ; 0            ; 0       ; 0         ; 0    ; 0            ; |des3|feistel_algo:encrypt3|f:key_gen[10].f_inst|S:s                                                          ; work         ;
;             |S1:iS1|                      ; 6 (6)             ; 0 (0)        ; 0           ; 0            ; 0       ; 0         ; 0    ; 0            ; |des3|feistel_algo:encrypt3|f:key_gen[10].f_inst|S:s|S1:iS1                                                   ; work         ;
;             |S2:iS2|                      ; 6 (6)             ; 0 (0)        ; 0           ; 0            ; 0       ; 0         ; 0    ; 0            ; |des3|feistel_algo:encrypt3|f:key_gen[10].f_inst|S:s|S2:iS2                                                   ; work         ;
;             |S5:iS5|                      ; 12 (12)           ; 0 (0)        ; 0           ; 0            ; 0       ; 0         ; 0    ; 0            ; |des3|feistel_algo:encrypt3|f:key_gen[10].f_inst|S:s|S5:iS5                                                   ; work         ;
;       |f:key_gen[11].f_inst|              ; 72 (48)           ; 0 (0)        ; 0           ; 0            ; 0       ; 0         ; 0    ; 0            ; |des3|feistel_algo:encrypt3|f:key_gen[11].f_inst                                                              ; work         ;
;          |S:s|                            ; 24 (0)            ; 0 (0)        ; 0           ; 0            ; 0       ; 0         ; 0    ; 0            ; |des3|feistel_algo:encrypt3|f:key_gen[11].f_inst|S:s                                                          ; work         ;
;             |S1:iS1|                      ; 6 (6)             ; 0 (0)        ; 0           ; 0            ; 0       ; 0         ; 0    ; 0            ; |des3|feistel_algo:encrypt3|f:key_gen[11].f_inst|S:s|S1:iS1                                                   ; work         ;
;             |S2:iS2|                      ; 6 (6)             ; 0 (0)        ; 0           ; 0            ; 0       ; 0         ; 0    ; 0            ; |des3|feistel_algo:encrypt3|f:key_gen[11].f_inst|S:s|S2:iS2                                                   ; work         ;
;             |S5:iS5|                      ; 12 (12)           ; 0 (0)        ; 0           ; 0            ; 0       ; 0         ; 0    ; 0            ; |des3|feistel_algo:encrypt3|f:key_gen[11].f_inst|S:s|S5:iS5                                                   ; work         ;
;       |f:key_gen[12].f_inst|              ; 72 (48)           ; 0 (0)        ; 0           ; 0            ; 0       ; 0         ; 0    ; 0            ; |des3|feistel_algo:encrypt3|f:key_gen[12].f_inst                                                              ; work         ;
;          |S:s|                            ; 24 (0)            ; 0 (0)        ; 0           ; 0            ; 0       ; 0         ; 0    ; 0            ; |des3|feistel_algo:encrypt3|f:key_gen[12].f_inst|S:s                                                          ; work         ;
;             |S1:iS1|                      ; 6 (6)             ; 0 (0)        ; 0           ; 0            ; 0       ; 0         ; 0    ; 0            ; |des3|feistel_algo:encrypt3|f:key_gen[12].f_inst|S:s|S1:iS1                                                   ; work         ;
;             |S2:iS2|                      ; 6 (6)             ; 0 (0)        ; 0           ; 0            ; 0       ; 0         ; 0    ; 0            ; |des3|feistel_algo:encrypt3|f:key_gen[12].f_inst|S:s|S2:iS2                                                   ; work         ;
;             |S5:iS5|                      ; 12 (12)           ; 0 (0)        ; 0           ; 0            ; 0       ; 0         ; 0    ; 0            ; |des3|feistel_algo:encrypt3|f:key_gen[12].f_inst|S:s|S5:iS5                                                   ; work         ;
;       |f:key_gen[13].f_inst|              ; 72 (48)           ; 0 (0)        ; 0           ; 0            ; 0       ; 0         ; 0    ; 0            ; |des3|feistel_algo:encrypt3|f:key_gen[13].f_inst                                                              ; work         ;
;          |S:s|                            ; 24 (0)            ; 0 (0)        ; 0           ; 0            ; 0       ; 0         ; 0    ; 0            ; |des3|feistel_algo:encrypt3|f:key_gen[13].f_inst|S:s                                                          ; work         ;
;             |S1:iS1|                      ; 6 (6)             ; 0 (0)        ; 0           ; 0            ; 0       ; 0         ; 0    ; 0            ; |des3|feistel_algo:encrypt3|f:key_gen[13].f_inst|S:s|S1:iS1                                                   ; work         ;
;             |S2:iS2|                      ; 6 (6)             ; 0 (0)        ; 0           ; 0            ; 0       ; 0         ; 0    ; 0            ; |des3|feistel_algo:encrypt3|f:key_gen[13].f_inst|S:s|S2:iS2                                                   ; work         ;
;             |S5:iS5|                      ; 12 (12)           ; 0 (0)        ; 0           ; 0            ; 0       ; 0         ; 0    ; 0            ; |des3|feistel_algo:encrypt3|f:key_gen[13].f_inst|S:s|S5:iS5                                                   ; work         ;
;       |f:key_gen[14].f_inst|              ; 72 (48)           ; 0 (0)        ; 0           ; 0            ; 0       ; 0         ; 0    ; 0            ; |des3|feistel_algo:encrypt3|f:key_gen[14].f_inst                                                              ; work         ;
;          |S:s|                            ; 24 (0)            ; 0 (0)        ; 0           ; 0            ; 0       ; 0         ; 0    ; 0            ; |des3|feistel_algo:encrypt3|f:key_gen[14].f_inst|S:s                                                          ; work         ;
;             |S1:iS1|                      ; 6 (6)             ; 0 (0)        ; 0           ; 0            ; 0       ; 0         ; 0    ; 0            ; |des3|feistel_algo:encrypt3|f:key_gen[14].f_inst|S:s|S1:iS1                                                   ; work         ;
;             |S2:iS2|                      ; 6 (6)             ; 0 (0)        ; 0           ; 0            ; 0       ; 0         ; 0    ; 0            ; |des3|feistel_algo:encrypt3|f:key_gen[14].f_inst|S:s|S2:iS2                                                   ; work         ;
;             |S5:iS5|                      ; 12 (12)           ; 0 (0)        ; 0           ; 0            ; 0       ; 0         ; 0    ; 0            ; |des3|feistel_algo:encrypt3|f:key_gen[14].f_inst|S:s|S5:iS5                                                   ; work         ;
;       |f:key_gen[15].f_inst|              ; 72 (48)           ; 0 (0)        ; 0           ; 0            ; 0       ; 0         ; 0    ; 0            ; |des3|feistel_algo:encrypt3|f:key_gen[15].f_inst                                                              ; work         ;
;          |S:s|                            ; 24 (0)            ; 0 (0)        ; 0           ; 0            ; 0       ; 0         ; 0    ; 0            ; |des3|feistel_algo:encrypt3|f:key_gen[15].f_inst|S:s                                                          ; work         ;
;             |S1:iS1|                      ; 6 (6)             ; 0 (0)        ; 0           ; 0            ; 0       ; 0         ; 0    ; 0            ; |des3|feistel_algo:encrypt3|f:key_gen[15].f_inst|S:s|S1:iS1                                                   ; work         ;
;             |S2:iS2|                      ; 6 (6)             ; 0 (0)        ; 0           ; 0            ; 0       ; 0         ; 0    ; 0            ; |des3|feistel_algo:encrypt3|f:key_gen[15].f_inst|S:s|S2:iS2                                                   ; work         ;
;             |S5:iS5|                      ; 12 (12)           ; 0 (0)        ; 0           ; 0            ; 0       ; 0         ; 0    ; 0            ; |des3|feistel_algo:encrypt3|f:key_gen[15].f_inst|S:s|S5:iS5                                                   ; work         ;
;       |f:key_gen[1].f_inst|               ; 72 (48)           ; 0 (0)        ; 0           ; 0            ; 0       ; 0         ; 0    ; 0            ; |des3|feistel_algo:encrypt3|f:key_gen[1].f_inst                                                               ; work         ;
;          |S:s|                            ; 24 (0)            ; 0 (0)        ; 0           ; 0            ; 0       ; 0         ; 0    ; 0            ; |des3|feistel_algo:encrypt3|f:key_gen[1].f_inst|S:s                                                           ; work         ;
;             |S1:iS1|                      ; 6 (6)             ; 0 (0)        ; 0           ; 0            ; 0       ; 0         ; 0    ; 0            ; |des3|feistel_algo:encrypt3|f:key_gen[1].f_inst|S:s|S1:iS1                                                    ; work         ;
;             |S2:iS2|                      ; 6 (6)             ; 0 (0)        ; 0           ; 0            ; 0       ; 0         ; 0    ; 0            ; |des3|feistel_algo:encrypt3|f:key_gen[1].f_inst|S:s|S2:iS2                                                    ; work         ;
;             |S5:iS5|                      ; 12 (12)           ; 0 (0)        ; 0           ; 0            ; 0       ; 0         ; 0    ; 0            ; |des3|feistel_algo:encrypt3|f:key_gen[1].f_inst|S:s|S5:iS5                                                    ; work         ;
;       |f:key_gen[2].f_inst|               ; 72 (48)           ; 0 (0)        ; 0           ; 0            ; 0       ; 0         ; 0    ; 0            ; |des3|feistel_algo:encrypt3|f:key_gen[2].f_inst                                                               ; work         ;
;          |S:s|                            ; 24 (0)            ; 0 (0)        ; 0           ; 0            ; 0       ; 0         ; 0    ; 0            ; |des3|feistel_algo:encrypt3|f:key_gen[2].f_inst|S:s                                                           ; work         ;
;             |S1:iS1|                      ; 6 (6)             ; 0 (0)        ; 0           ; 0            ; 0       ; 0         ; 0    ; 0            ; |des3|feistel_algo:encrypt3|f:key_gen[2].f_inst|S:s|S1:iS1                                                    ; work         ;
;             |S2:iS2|                      ; 6 (6)             ; 0 (0)        ; 0           ; 0            ; 0       ; 0         ; 0    ; 0            ; |des3|feistel_algo:encrypt3|f:key_gen[2].f_inst|S:s|S2:iS2                                                    ; work         ;
;             |S5:iS5|                      ; 12 (12)           ; 0 (0)        ; 0           ; 0            ; 0       ; 0         ; 0    ; 0            ; |des3|feistel_algo:encrypt3|f:key_gen[2].f_inst|S:s|S5:iS5                                                    ; work         ;
;       |f:key_gen[3].f_inst|               ; 72 (48)           ; 0 (0)        ; 0           ; 0            ; 0       ; 0         ; 0    ; 0            ; |des3|feistel_algo:encrypt3|f:key_gen[3].f_inst                                                               ; work         ;
;          |S:s|                            ; 24 (0)            ; 0 (0)        ; 0           ; 0            ; 0       ; 0         ; 0    ; 0            ; |des3|feistel_algo:encrypt3|f:key_gen[3].f_inst|S:s                                                           ; work         ;
;             |S1:iS1|                      ; 6 (6)             ; 0 (0)        ; 0           ; 0            ; 0       ; 0         ; 0    ; 0            ; |des3|feistel_algo:encrypt3|f:key_gen[3].f_inst|S:s|S1:iS1                                                    ; work         ;
;             |S2:iS2|                      ; 6 (6)             ; 0 (0)        ; 0           ; 0            ; 0       ; 0         ; 0    ; 0            ; |des3|feistel_algo:encrypt3|f:key_gen[3].f_inst|S:s|S2:iS2                                                    ; work         ;
;             |S5:iS5|                      ; 12 (12)           ; 0 (0)        ; 0           ; 0            ; 0       ; 0         ; 0    ; 0            ; |des3|feistel_algo:encrypt3|f:key_gen[3].f_inst|S:s|S5:iS5                                                    ; work         ;
;       |f:key_gen[4].f_inst|               ; 72 (48)           ; 0 (0)        ; 0           ; 0            ; 0       ; 0         ; 0    ; 0            ; |des3|feistel_algo:encrypt3|f:key_gen[4].f_inst                                                               ; work         ;
;          |S:s|                            ; 24 (0)            ; 0 (0)        ; 0           ; 0            ; 0       ; 0         ; 0    ; 0            ; |des3|feistel_algo:encrypt3|f:key_gen[4].f_inst|S:s                                                           ; work         ;
;             |S1:iS1|                      ; 6 (6)             ; 0 (0)        ; 0           ; 0            ; 0       ; 0         ; 0    ; 0            ; |des3|feistel_algo:encrypt3|f:key_gen[4].f_inst|S:s|S1:iS1                                                    ; work         ;
;             |S2:iS2|                      ; 6 (6)             ; 0 (0)        ; 0           ; 0            ; 0       ; 0         ; 0    ; 0            ; |des3|feistel_algo:encrypt3|f:key_gen[4].f_inst|S:s|S2:iS2                                                    ; work         ;
;             |S5:iS5|                      ; 12 (12)           ; 0 (0)        ; 0           ; 0            ; 0       ; 0         ; 0    ; 0            ; |des3|feistel_algo:encrypt3|f:key_gen[4].f_inst|S:s|S5:iS5                                                    ; work         ;
;       |f:key_gen[5].f_inst|               ; 72 (48)           ; 0 (0)        ; 0           ; 0            ; 0       ; 0         ; 0    ; 0            ; |des3|feistel_algo:encrypt3|f:key_gen[5].f_inst                                                               ; work         ;
;          |S:s|                            ; 24 (0)            ; 0 (0)        ; 0           ; 0            ; 0       ; 0         ; 0    ; 0            ; |des3|feistel_algo:encrypt3|f:key_gen[5].f_inst|S:s                                                           ; work         ;
;             |S1:iS1|                      ; 6 (6)             ; 0 (0)        ; 0           ; 0            ; 0       ; 0         ; 0    ; 0            ; |des3|feistel_algo:encrypt3|f:key_gen[5].f_inst|S:s|S1:iS1                                                    ; work         ;
;             |S2:iS2|                      ; 6 (6)             ; 0 (0)        ; 0           ; 0            ; 0       ; 0         ; 0    ; 0            ; |des3|feistel_algo:encrypt3|f:key_gen[5].f_inst|S:s|S2:iS2                                                    ; work         ;
;             |S5:iS5|                      ; 12 (12)           ; 0 (0)        ; 0           ; 0            ; 0       ; 0         ; 0    ; 0            ; |des3|feistel_algo:encrypt3|f:key_gen[5].f_inst|S:s|S5:iS5                                                    ; work         ;
;       |f:key_gen[6].f_inst|               ; 72 (48)           ; 0 (0)        ; 0           ; 0            ; 0       ; 0         ; 0    ; 0            ; |des3|feistel_algo:encrypt3|f:key_gen[6].f_inst                                                               ; work         ;
;          |S:s|                            ; 24 (0)            ; 0 (0)        ; 0           ; 0            ; 0       ; 0         ; 0    ; 0            ; |des3|feistel_algo:encrypt3|f:key_gen[6].f_inst|S:s                                                           ; work         ;
;             |S1:iS1|                      ; 6 (6)             ; 0 (0)        ; 0           ; 0            ; 0       ; 0         ; 0    ; 0            ; |des3|feistel_algo:encrypt3|f:key_gen[6].f_inst|S:s|S1:iS1                                                    ; work         ;
;             |S2:iS2|                      ; 6 (6)             ; 0 (0)        ; 0           ; 0            ; 0       ; 0         ; 0    ; 0            ; |des3|feistel_algo:encrypt3|f:key_gen[6].f_inst|S:s|S2:iS2                                                    ; work         ;
;             |S5:iS5|                      ; 12 (12)           ; 0 (0)        ; 0           ; 0            ; 0       ; 0         ; 0    ; 0            ; |des3|feistel_algo:encrypt3|f:key_gen[6].f_inst|S:s|S5:iS5                                                    ; work         ;
;       |f:key_gen[7].f_inst|               ; 72 (48)           ; 0 (0)        ; 0           ; 0            ; 0       ; 0         ; 0    ; 0            ; |des3|feistel_algo:encrypt3|f:key_gen[7].f_inst                                                               ; work         ;
;          |S:s|                            ; 24 (0)            ; 0 (0)        ; 0           ; 0            ; 0       ; 0         ; 0    ; 0            ; |des3|feistel_algo:encrypt3|f:key_gen[7].f_inst|S:s                                                           ; work         ;
;             |S1:iS1|                      ; 6 (6)             ; 0 (0)        ; 0           ; 0            ; 0       ; 0         ; 0    ; 0            ; |des3|feistel_algo:encrypt3|f:key_gen[7].f_inst|S:s|S1:iS1                                                    ; work         ;
;             |S2:iS2|                      ; 6 (6)             ; 0 (0)        ; 0           ; 0            ; 0       ; 0         ; 0    ; 0            ; |des3|feistel_algo:encrypt3|f:key_gen[7].f_inst|S:s|S2:iS2                                                    ; work         ;
;             |S5:iS5|                      ; 12 (12)           ; 0 (0)        ; 0           ; 0            ; 0       ; 0         ; 0    ; 0            ; |des3|feistel_algo:encrypt3|f:key_gen[7].f_inst|S:s|S5:iS5                                                    ; work         ;
;       |f:key_gen[8].f_inst|               ; 72 (48)           ; 0 (0)        ; 0           ; 0            ; 0       ; 0         ; 0    ; 0            ; |des3|feistel_algo:encrypt3|f:key_gen[8].f_inst                                                               ; work         ;
;          |S:s|                            ; 24 (0)            ; 0 (0)        ; 0           ; 0            ; 0       ; 0         ; 0    ; 0            ; |des3|feistel_algo:encrypt3|f:key_gen[8].f_inst|S:s                                                           ; work         ;
;             |S1:iS1|                      ; 6 (6)             ; 0 (0)        ; 0           ; 0            ; 0       ; 0         ; 0    ; 0            ; |des3|feistel_algo:encrypt3|f:key_gen[8].f_inst|S:s|S1:iS1                                                    ; work         ;
;             |S2:iS2|                      ; 6 (6)             ; 0 (0)        ; 0           ; 0            ; 0       ; 0         ; 0    ; 0            ; |des3|feistel_algo:encrypt3|f:key_gen[8].f_inst|S:s|S2:iS2                                                    ; work         ;
;             |S5:iS5|                      ; 12 (12)           ; 0 (0)        ; 0           ; 0            ; 0       ; 0         ; 0    ; 0            ; |des3|feistel_algo:encrypt3|f:key_gen[8].f_inst|S:s|S5:iS5                                                    ; work         ;
;       |f:key_gen[9].f_inst|               ; 72 (48)           ; 0 (0)        ; 0           ; 0            ; 0       ; 0         ; 0    ; 0            ; |des3|feistel_algo:encrypt3|f:key_gen[9].f_inst                                                               ; work         ;
;          |S:s|                            ; 24 (0)            ; 0 (0)        ; 0           ; 0            ; 0       ; 0         ; 0    ; 0            ; |des3|feistel_algo:encrypt3|f:key_gen[9].f_inst|S:s                                                           ; work         ;
;             |S1:iS1|                      ; 6 (6)             ; 0 (0)        ; 0           ; 0            ; 0       ; 0         ; 0    ; 0            ; |des3|feistel_algo:encrypt3|f:key_gen[9].f_inst|S:s|S1:iS1                                                    ; work         ;
;             |S2:iS2|                      ; 6 (6)             ; 0 (0)        ; 0           ; 0            ; 0       ; 0         ; 0    ; 0            ; |des3|feistel_algo:encrypt3|f:key_gen[9].f_inst|S:s|S2:iS2                                                    ; work         ;
;             |S5:iS5|                      ; 12 (12)           ; 0 (0)        ; 0           ; 0            ; 0       ; 0         ; 0    ; 0            ; |des3|feistel_algo:encrypt3|f:key_gen[9].f_inst|S:s|S5:iS5                                                    ; work         ;
+-------------------------------------------+-------------------+--------------+-------------+--------------+---------+-----------+------+--------------+---------------------------------------------------------------------------------------------------------------+--------------+
Note: For table entries with two numbers listed, the numbers in parentheses indicate the number of resources of the given type used by the specific entity alone. The numbers listed outside of parentheses indicate the total resources of the given type used by the specific entity and all of its sub-entities in the hierarchy.


+------------------------------------------------------------------------------------------------------------------------------------------------------------------------------------------------------------------------+
; Analysis & Synthesis RAM Summary                                                                                                                                                                                       ;
+--------------------------------------------------------------------------------------------------------------------+------+------------------+--------------+--------------+--------------+--------------+------+------+
; Name                                                                                                               ; Type ; Mode             ; Port A Depth ; Port A Width ; Port B Depth ; Port B Width ; Size ; MIF  ;
+--------------------------------------------------------------------------------------------------------------------+------+------------------+--------------+--------------+--------------+--------------+------+------+
; feistel_algo:decrypt2|altshift_taps:L16_rtl_0|shift_taps_ghm:auto_generated|altsyncram_n761:altsyncram4|ALTSYNCRAM ; AUTO ; Simple Dual Port ; 3            ; 128          ; 3            ; 128          ; 384  ; None ;
+--------------------------------------------------------------------------------------------------------------------+------+------------------+--------------+--------------+--------------+--------------+------+------+


+------------------------------------------------------+
; General Register Statistics                          ;
+----------------------------------------------+-------+
; Statistic                                    ; Value ;
+----------------------------------------------+-------+
; Total registers                              ; 3132  ;
; Number of registers using Synchronous Clear  ; 0     ;
; Number of registers using Synchronous Load   ; 0     ;
; Number of registers using Asynchronous Clear ; 3128  ;
; Number of registers using Asynchronous Load  ; 0     ;
; Number of registers using Clock Enable       ; 1     ;
; Number of registers using Preset             ; 0     ;
+----------------------------------------------+-------+


+---------------------------------------------------------------------------------------------+
; Inverted Register Statistics                                                                ;
+-----------------------------------------------------------------------------------+---------+
; Inverted Register                                                                 ; Fan out ;
+-----------------------------------------------------------------------------------+---------+
; feistel_algo:decrypt2|altshift_taps:L16_rtl_0|shift_taps_ghm:auto_generated|dffe6 ; 128     ;
; Total number of inverted registers = 1                                            ;         ;
+-----------------------------------------------------------------------------------+---------+


+-----------------------------------------------------------------------------------+
; Registers Packed Into Inferred Megafunctions                                      ;
+------------------------------------+---------------------------------+------------+
; Register Name                      ; Megafunction                    ; Type       ;
+------------------------------------+---------------------------------+------------+
; feistel_algo:encrypt3|R[0][0..31]  ; feistel_algo:decrypt2|L16_rtl_0 ; SHIFT_TAPS ;
; feistel_algo:decrypt2|odata[0..63] ; feistel_algo:decrypt2|L16_rtl_0 ; SHIFT_TAPS ;
; feistel_algo:decrypt2|L16[0..31]   ; feistel_algo:decrypt2|L16_rtl_0 ; SHIFT_TAPS ;
; feistel_algo:encrypt3|L[0][0..31]  ; feistel_algo:decrypt2|L16_rtl_0 ; SHIFT_TAPS ;
; feistel_algo:decrypt2|R16[0..31]   ; feistel_algo:decrypt2|L16_rtl_0 ; SHIFT_TAPS ;
; feistel_algo:decrypt2|L[0][0..31]  ; feistel_algo:decrypt2|L16_rtl_0 ; SHIFT_TAPS ;
; feistel_algo:encrypt1|odata[0..63] ; feistel_algo:decrypt2|L16_rtl_0 ; SHIFT_TAPS ;
; feistel_algo:encrypt1|R16[0..31]   ; feistel_algo:decrypt2|L16_rtl_0 ; SHIFT_TAPS ;
; feistel_algo:decrypt2|R[0][0..31]  ; feistel_algo:decrypt2|L16_rtl_0 ; SHIFT_TAPS ;
; feistel_algo:encrypt1|L16[0..31]   ; feistel_algo:decrypt2|L16_rtl_0 ; SHIFT_TAPS ;
+------------------------------------+---------------------------------+------------+


+--------------------------------------------------------------------------------------------------------------------------------+
; Source assignments for feistel_algo:decrypt2|altshift_taps:L16_rtl_0|shift_taps_ghm:auto_generated|altsyncram_n761:altsyncram4 ;
+---------------------------------+--------------------+------+------------------------------------------------------------------+
; Assignment                      ; Value              ; From ; To                                                               ;
+---------------------------------+--------------------+------+------------------------------------------------------------------+
; OPTIMIZE_POWER_DURING_SYNTHESIS ; NORMAL_COMPILATION ; -    ; -                                                                ;
+---------------------------------+--------------------+------+------------------------------------------------------------------+


+----------------------------------------------------------------------+
; Parameter Settings for User Entity Instance: Top-level Entity: |des3 ;
+----------------+-------+---------------------------------------------+
; Parameter Name ; Value ; Type                                        ;
+----------------+-------+---------------------------------------------+
; WIDTH          ; 64    ; Signed Integer                              ;
+----------------+-------+---------------------------------------------+
Note: In order to hide this table in the UI and the text report file, please set the "Show Parameter Settings in Synthesis Report" option in "Analysis and Synthesis Settings -> More Settings" to "Off".


+--------------------------------------------------------------------+
; Parameter Settings for User Entity Instance: feistel_algo:encrypt1 ;
+----------------+-------+-------------------------------------------+
; Parameter Name ; Value ; Type                                      ;
+----------------+-------+-------------------------------------------+
; WIDTH          ; 64    ; Signed Integer                            ;
+----------------+-------+-------------------------------------------+
Note: In order to hide this table in the UI and the text report file, please set the "Show Parameter Settings in Synthesis Report" option in "Analysis and Synthesis Settings -> More Settings" to "Off".


+------------------------------------------------------------------------------------------------+
; Parameter Settings for User Entity Instance: feistel_algo:encrypt1|key_scheduler:key_gen[0].ks ;
+----------------+-------+-----------------------------------------------------------------------+
; Parameter Name ; Value ; Type                                                                  ;
+----------------+-------+-----------------------------------------------------------------------+
; WIDTH          ; 64    ; Signed Integer                                                        ;
+----------------+-------+-----------------------------------------------------------------------+
Note: In order to hide this table in the UI and the text report file, please set the "Show Parameter Settings in Synthesis Report" option in "Analysis and Synthesis Settings -> More Settings" to "Off".


+------------------------------------------------------------------------------------------------+
; Parameter Settings for User Entity Instance: feistel_algo:encrypt1|key_scheduler:key_gen[1].ks ;
+----------------+-------+-----------------------------------------------------------------------+
; Parameter Name ; Value ; Type                                                                  ;
+----------------+-------+-----------------------------------------------------------------------+
; WIDTH          ; 64    ; Signed Integer                                                        ;
+----------------+-------+-----------------------------------------------------------------------+
Note: In order to hide this table in the UI and the text report file, please set the "Show Parameter Settings in Synthesis Report" option in "Analysis and Synthesis Settings -> More Settings" to "Off".


+------------------------------------------------------------------------------------------------+
; Parameter Settings for User Entity Instance: feistel_algo:encrypt1|key_scheduler:key_gen[2].ks ;
+----------------+-------+-----------------------------------------------------------------------+
; Parameter Name ; Value ; Type                                                                  ;
+----------------+-------+-----------------------------------------------------------------------+
; WIDTH          ; 64    ; Signed Integer                                                        ;
+----------------+-------+-----------------------------------------------------------------------+
Note: In order to hide this table in the UI and the text report file, please set the "Show Parameter Settings in Synthesis Report" option in "Analysis and Synthesis Settings -> More Settings" to "Off".


+------------------------------------------------------------------------------------------------+
; Parameter Settings for User Entity Instance: feistel_algo:encrypt1|key_scheduler:key_gen[3].ks ;
+----------------+-------+-----------------------------------------------------------------------+
; Parameter Name ; Value ; Type                                                                  ;
+----------------+-------+-----------------------------------------------------------------------+
; WIDTH          ; 64    ; Signed Integer                                                        ;
+----------------+-------+-----------------------------------------------------------------------+
Note: In order to hide this table in the UI and the text report file, please set the "Show Parameter Settings in Synthesis Report" option in "Analysis and Synthesis Settings -> More Settings" to "Off".


+------------------------------------------------------------------------------------------------+
; Parameter Settings for User Entity Instance: feistel_algo:encrypt1|key_scheduler:key_gen[4].ks ;
+----------------+-------+-----------------------------------------------------------------------+
; Parameter Name ; Value ; Type                                                                  ;
+----------------+-------+-----------------------------------------------------------------------+
; WIDTH          ; 64    ; Signed Integer                                                        ;
+----------------+-------+-----------------------------------------------------------------------+
Note: In order to hide this table in the UI and the text report file, please set the "Show Parameter Settings in Synthesis Report" option in "Analysis and Synthesis Settings -> More Settings" to "Off".


+------------------------------------------------------------------------------------------------+
; Parameter Settings for User Entity Instance: feistel_algo:encrypt1|key_scheduler:key_gen[5].ks ;
+----------------+-------+-----------------------------------------------------------------------+
; Parameter Name ; Value ; Type                                                                  ;
+----------------+-------+-----------------------------------------------------------------------+
; WIDTH          ; 64    ; Signed Integer                                                        ;
+----------------+-------+-----------------------------------------------------------------------+
Note: In order to hide this table in the UI and the text report file, please set the "Show Parameter Settings in Synthesis Report" option in "Analysis and Synthesis Settings -> More Settings" to "Off".


+------------------------------------------------------------------------------------------------+
; Parameter Settings for User Entity Instance: feistel_algo:encrypt1|key_scheduler:key_gen[6].ks ;
+----------------+-------+-----------------------------------------------------------------------+
; Parameter Name ; Value ; Type                                                                  ;
+----------------+-------+-----------------------------------------------------------------------+
; WIDTH          ; 64    ; Signed Integer                                                        ;
+----------------+-------+-----------------------------------------------------------------------+
Note: In order to hide this table in the UI and the text report file, please set the "Show Parameter Settings in Synthesis Report" option in "Analysis and Synthesis Settings -> More Settings" to "Off".


+------------------------------------------------------------------------------------------------+
; Parameter Settings for User Entity Instance: feistel_algo:encrypt1|key_scheduler:key_gen[7].ks ;
+----------------+-------+-----------------------------------------------------------------------+
; Parameter Name ; Value ; Type                                                                  ;
+----------------+-------+-----------------------------------------------------------------------+
; WIDTH          ; 64    ; Signed Integer                                                        ;
+----------------+-------+-----------------------------------------------------------------------+
Note: In order to hide this table in the UI and the text report file, please set the "Show Parameter Settings in Synthesis Report" option in "Analysis and Synthesis Settings -> More Settings" to "Off".


+------------------------------------------------------------------------------------------------+
; Parameter Settings for User Entity Instance: feistel_algo:encrypt1|key_scheduler:key_gen[8].ks ;
+----------------+-------+-----------------------------------------------------------------------+
; Parameter Name ; Value ; Type                                                                  ;
+----------------+-------+-----------------------------------------------------------------------+
; WIDTH          ; 64    ; Signed Integer                                                        ;
+----------------+-------+-----------------------------------------------------------------------+
Note: In order to hide this table in the UI and the text report file, please set the "Show Parameter Settings in Synthesis Report" option in "Analysis and Synthesis Settings -> More Settings" to "Off".


+------------------------------------------------------------------------------------------------+
; Parameter Settings for User Entity Instance: feistel_algo:encrypt1|key_scheduler:key_gen[9].ks ;
+----------------+-------+-----------------------------------------------------------------------+
; Parameter Name ; Value ; Type                                                                  ;
+----------------+-------+-----------------------------------------------------------------------+
; WIDTH          ; 64    ; Signed Integer                                                        ;
+----------------+-------+-----------------------------------------------------------------------+
Note: In order to hide this table in the UI and the text report file, please set the "Show Parameter Settings in Synthesis Report" option in "Analysis and Synthesis Settings -> More Settings" to "Off".


+-------------------------------------------------------------------------------------------------+
; Parameter Settings for User Entity Instance: feistel_algo:encrypt1|key_scheduler:key_gen[10].ks ;
+----------------+-------+------------------------------------------------------------------------+
; Parameter Name ; Value ; Type                                                                   ;
+----------------+-------+------------------------------------------------------------------------+
; WIDTH          ; 64    ; Signed Integer                                                         ;
+----------------+-------+------------------------------------------------------------------------+
Note: In order to hide this table in the UI and the text report file, please set the "Show Parameter Settings in Synthesis Report" option in "Analysis and Synthesis Settings -> More Settings" to "Off".


+-------------------------------------------------------------------------------------------------+
; Parameter Settings for User Entity Instance: feistel_algo:encrypt1|key_scheduler:key_gen[11].ks ;
+----------------+-------+------------------------------------------------------------------------+
; Parameter Name ; Value ; Type                                                                   ;
+----------------+-------+------------------------------------------------------------------------+
; WIDTH          ; 64    ; Signed Integer                                                         ;
+----------------+-------+------------------------------------------------------------------------+
Note: In order to hide this table in the UI and the text report file, please set the "Show Parameter Settings in Synthesis Report" option in "Analysis and Synthesis Settings -> More Settings" to "Off".


+-------------------------------------------------------------------------------------------------+
; Parameter Settings for User Entity Instance: feistel_algo:encrypt1|key_scheduler:key_gen[12].ks ;
+----------------+-------+------------------------------------------------------------------------+
; Parameter Name ; Value ; Type                                                                   ;
+----------------+-------+------------------------------------------------------------------------+
; WIDTH          ; 64    ; Signed Integer                                                         ;
+----------------+-------+------------------------------------------------------------------------+
Note: In order to hide this table in the UI and the text report file, please set the "Show Parameter Settings in Synthesis Report" option in "Analysis and Synthesis Settings -> More Settings" to "Off".


+-------------------------------------------------------------------------------------------------+
; Parameter Settings for User Entity Instance: feistel_algo:encrypt1|key_scheduler:key_gen[13].ks ;
+----------------+-------+------------------------------------------------------------------------+
; Parameter Name ; Value ; Type                                                                   ;
+----------------+-------+------------------------------------------------------------------------+
; WIDTH          ; 64    ; Signed Integer                                                         ;
+----------------+-------+------------------------------------------------------------------------+
Note: In order to hide this table in the UI and the text report file, please set the "Show Parameter Settings in Synthesis Report" option in "Analysis and Synthesis Settings -> More Settings" to "Off".


+-------------------------------------------------------------------------------------------------+
; Parameter Settings for User Entity Instance: feistel_algo:encrypt1|key_scheduler:key_gen[14].ks ;
+----------------+-------+------------------------------------------------------------------------+
; Parameter Name ; Value ; Type                                                                   ;
+----------------+-------+------------------------------------------------------------------------+
; WIDTH          ; 64    ; Signed Integer                                                         ;
+----------------+-------+------------------------------------------------------------------------+
Note: In order to hide this table in the UI and the text report file, please set the "Show Parameter Settings in Synthesis Report" option in "Analysis and Synthesis Settings -> More Settings" to "Off".


+-------------------------------------------------------------------------------------------------+
; Parameter Settings for User Entity Instance: feistel_algo:encrypt1|key_scheduler:key_gen[15].ks ;
+----------------+-------+------------------------------------------------------------------------+
; Parameter Name ; Value ; Type                                                                   ;
+----------------+-------+------------------------------------------------------------------------+
; WIDTH          ; 64    ; Signed Integer                                                         ;
+----------------+-------+------------------------------------------------------------------------+
Note: In order to hide this table in the UI and the text report file, please set the "Show Parameter Settings in Synthesis Report" option in "Analysis and Synthesis Settings -> More Settings" to "Off".


+--------------------------------------------------------------------+
; Parameter Settings for User Entity Instance: feistel_algo:decrypt2 ;
+----------------+-------+-------------------------------------------+
; Parameter Name ; Value ; Type                                      ;
+----------------+-------+-------------------------------------------+
; WIDTH          ; 64    ; Signed Integer                            ;
+----------------+-------+-------------------------------------------+
Note: In order to hide this table in the UI and the text report file, please set the "Show Parameter Settings in Synthesis Report" option in "Analysis and Synthesis Settings -> More Settings" to "Off".


+------------------------------------------------------------------------------------------------+
; Parameter Settings for User Entity Instance: feistel_algo:decrypt2|key_scheduler:key_gen[0].ks ;
+----------------+-------+-----------------------------------------------------------------------+
; Parameter Name ; Value ; Type                                                                  ;
+----------------+-------+-----------------------------------------------------------------------+
; WIDTH          ; 64    ; Signed Integer                                                        ;
+----------------+-------+-----------------------------------------------------------------------+
Note: In order to hide this table in the UI and the text report file, please set the "Show Parameter Settings in Synthesis Report" option in "Analysis and Synthesis Settings -> More Settings" to "Off".


+------------------------------------------------------------------------------------------------+
; Parameter Settings for User Entity Instance: feistel_algo:decrypt2|key_scheduler:key_gen[1].ks ;
+----------------+-------+-----------------------------------------------------------------------+
; Parameter Name ; Value ; Type                                                                  ;
+----------------+-------+-----------------------------------------------------------------------+
; WIDTH          ; 64    ; Signed Integer                                                        ;
+----------------+-------+-----------------------------------------------------------------------+
Note: In order to hide this table in the UI and the text report file, please set the "Show Parameter Settings in Synthesis Report" option in "Analysis and Synthesis Settings -> More Settings" to "Off".


+------------------------------------------------------------------------------------------------+
; Parameter Settings for User Entity Instance: feistel_algo:decrypt2|key_scheduler:key_gen[2].ks ;
+----------------+-------+-----------------------------------------------------------------------+
; Parameter Name ; Value ; Type                                                                  ;
+----------------+-------+-----------------------------------------------------------------------+
; WIDTH          ; 64    ; Signed Integer                                                        ;
+----------------+-------+-----------------------------------------------------------------------+
Note: In order to hide this table in the UI and the text report file, please set the "Show Parameter Settings in Synthesis Report" option in "Analysis and Synthesis Settings -> More Settings" to "Off".


+------------------------------------------------------------------------------------------------+
; Parameter Settings for User Entity Instance: feistel_algo:decrypt2|key_scheduler:key_gen[3].ks ;
+----------------+-------+-----------------------------------------------------------------------+
; Parameter Name ; Value ; Type                                                                  ;
+----------------+-------+-----------------------------------------------------------------------+
; WIDTH          ; 64    ; Signed Integer                                                        ;
+----------------+-------+-----------------------------------------------------------------------+
Note: In order to hide this table in the UI and the text report file, please set the "Show Parameter Settings in Synthesis Report" option in "Analysis and Synthesis Settings -> More Settings" to "Off".


+------------------------------------------------------------------------------------------------+
; Parameter Settings for User Entity Instance: feistel_algo:decrypt2|key_scheduler:key_gen[4].ks ;
+----------------+-------+-----------------------------------------------------------------------+
; Parameter Name ; Value ; Type                                                                  ;
+----------------+-------+-----------------------------------------------------------------------+
; WIDTH          ; 64    ; Signed Integer                                                        ;
+----------------+-------+-----------------------------------------------------------------------+
Note: In order to hide this table in the UI and the text report file, please set the "Show Parameter Settings in Synthesis Report" option in "Analysis and Synthesis Settings -> More Settings" to "Off".


+------------------------------------------------------------------------------------------------+
; Parameter Settings for User Entity Instance: feistel_algo:decrypt2|key_scheduler:key_gen[5].ks ;
+----------------+-------+-----------------------------------------------------------------------+
; Parameter Name ; Value ; Type                                                                  ;
+----------------+-------+-----------------------------------------------------------------------+
; WIDTH          ; 64    ; Signed Integer                                                        ;
+----------------+-------+-----------------------------------------------------------------------+
Note: In order to hide this table in the UI and the text report file, please set the "Show Parameter Settings in Synthesis Report" option in "Analysis and Synthesis Settings -> More Settings" to "Off".


+------------------------------------------------------------------------------------------------+
; Parameter Settings for User Entity Instance: feistel_algo:decrypt2|key_scheduler:key_gen[6].ks ;
+----------------+-------+-----------------------------------------------------------------------+
; Parameter Name ; Value ; Type                                                                  ;
+----------------+-------+-----------------------------------------------------------------------+
; WIDTH          ; 64    ; Signed Integer                                                        ;
+----------------+-------+-----------------------------------------------------------------------+
Note: In order to hide this table in the UI and the text report file, please set the "Show Parameter Settings in Synthesis Report" option in "Analysis and Synthesis Settings -> More Settings" to "Off".


+------------------------------------------------------------------------------------------------+
; Parameter Settings for User Entity Instance: feistel_algo:decrypt2|key_scheduler:key_gen[7].ks ;
+----------------+-------+-----------------------------------------------------------------------+
; Parameter Name ; Value ; Type                                                                  ;
+----------------+-------+-----------------------------------------------------------------------+
; WIDTH          ; 64    ; Signed Integer                                                        ;
+----------------+-------+-----------------------------------------------------------------------+
Note: In order to hide this table in the UI and the text report file, please set the "Show Parameter Settings in Synthesis Report" option in "Analysis and Synthesis Settings -> More Settings" to "Off".


+------------------------------------------------------------------------------------------------+
; Parameter Settings for User Entity Instance: feistel_algo:decrypt2|key_scheduler:key_gen[8].ks ;
+----------------+-------+-----------------------------------------------------------------------+
; Parameter Name ; Value ; Type                                                                  ;
+----------------+-------+-----------------------------------------------------------------------+
; WIDTH          ; 64    ; Signed Integer                                                        ;
+----------------+-------+-----------------------------------------------------------------------+
Note: In order to hide this table in the UI and the text report file, please set the "Show Parameter Settings in Synthesis Report" option in "Analysis and Synthesis Settings -> More Settings" to "Off".


+------------------------------------------------------------------------------------------------+
; Parameter Settings for User Entity Instance: feistel_algo:decrypt2|key_scheduler:key_gen[9].ks ;
+----------------+-------+-----------------------------------------------------------------------+
; Parameter Name ; Value ; Type                                                                  ;
+----------------+-------+-----------------------------------------------------------------------+
; WIDTH          ; 64    ; Signed Integer                                                        ;
+----------------+-------+-----------------------------------------------------------------------+
Note: In order to hide this table in the UI and the text report file, please set the "Show Parameter Settings in Synthesis Report" option in "Analysis and Synthesis Settings -> More Settings" to "Off".


+-------------------------------------------------------------------------------------------------+
; Parameter Settings for User Entity Instance: feistel_algo:decrypt2|key_scheduler:key_gen[10].ks ;
+----------------+-------+------------------------------------------------------------------------+
; Parameter Name ; Value ; Type                                                                   ;
+----------------+-------+------------------------------------------------------------------------+
; WIDTH          ; 64    ; Signed Integer                                                         ;
+----------------+-------+------------------------------------------------------------------------+
Note: In order to hide this table in the UI and the text report file, please set the "Show Parameter Settings in Synthesis Report" option in "Analysis and Synthesis Settings -> More Settings" to "Off".


+-------------------------------------------------------------------------------------------------+
; Parameter Settings for User Entity Instance: feistel_algo:decrypt2|key_scheduler:key_gen[11].ks ;
+----------------+-------+------------------------------------------------------------------------+
; Parameter Name ; Value ; Type                                                                   ;
+----------------+-------+------------------------------------------------------------------------+
; WIDTH          ; 64    ; Signed Integer                                                         ;
+----------------+-------+------------------------------------------------------------------------+
Note: In order to hide this table in the UI and the text report file, please set the "Show Parameter Settings in Synthesis Report" option in "Analysis and Synthesis Settings -> More Settings" to "Off".


+-------------------------------------------------------------------------------------------------+
; Parameter Settings for User Entity Instance: feistel_algo:decrypt2|key_scheduler:key_gen[12].ks ;
+----------------+-------+------------------------------------------------------------------------+
; Parameter Name ; Value ; Type                                                                   ;
+----------------+-------+------------------------------------------------------------------------+
; WIDTH          ; 64    ; Signed Integer                                                         ;
+----------------+-------+------------------------------------------------------------------------+
Note: In order to hide this table in the UI and the text report file, please set the "Show Parameter Settings in Synthesis Report" option in "Analysis and Synthesis Settings -> More Settings" to "Off".


+-------------------------------------------------------------------------------------------------+
; Parameter Settings for User Entity Instance: feistel_algo:decrypt2|key_scheduler:key_gen[13].ks ;
+----------------+-------+------------------------------------------------------------------------+
; Parameter Name ; Value ; Type                                                                   ;
+----------------+-------+------------------------------------------------------------------------+
; WIDTH          ; 64    ; Signed Integer                                                         ;
+----------------+-------+------------------------------------------------------------------------+
Note: In order to hide this table in the UI and the text report file, please set the "Show Parameter Settings in Synthesis Report" option in "Analysis and Synthesis Settings -> More Settings" to "Off".


+-------------------------------------------------------------------------------------------------+
; Parameter Settings for User Entity Instance: feistel_algo:decrypt2|key_scheduler:key_gen[14].ks ;
+----------------+-------+------------------------------------------------------------------------+
; Parameter Name ; Value ; Type                                                                   ;
+----------------+-------+------------------------------------------------------------------------+
; WIDTH          ; 64    ; Signed Integer                                                         ;
+----------------+-------+------------------------------------------------------------------------+
Note: In order to hide this table in the UI and the text report file, please set the "Show Parameter Settings in Synthesis Report" option in "Analysis and Synthesis Settings -> More Settings" to "Off".


+-------------------------------------------------------------------------------------------------+
; Parameter Settings for User Entity Instance: feistel_algo:decrypt2|key_scheduler:key_gen[15].ks ;
+----------------+-------+------------------------------------------------------------------------+
; Parameter Name ; Value ; Type                                                                   ;
+----------------+-------+------------------------------------------------------------------------+
; WIDTH          ; 64    ; Signed Integer                                                         ;
+----------------+-------+------------------------------------------------------------------------+
Note: In order to hide this table in the UI and the text report file, please set the "Show Parameter Settings in Synthesis Report" option in "Analysis and Synthesis Settings -> More Settings" to "Off".


+--------------------------------------------------------------------+
; Parameter Settings for User Entity Instance: feistel_algo:encrypt3 ;
+----------------+-------+-------------------------------------------+
; Parameter Name ; Value ; Type                                      ;
+----------------+-------+-------------------------------------------+
; WIDTH          ; 64    ; Signed Integer                            ;
+----------------+-------+-------------------------------------------+
Note: In order to hide this table in the UI and the text report file, please set the "Show Parameter Settings in Synthesis Report" option in "Analysis and Synthesis Settings -> More Settings" to "Off".


+------------------------------------------------------------------------------------------------+
; Parameter Settings for User Entity Instance: feistel_algo:encrypt3|key_scheduler:key_gen[0].ks ;
+----------------+-------+-----------------------------------------------------------------------+
; Parameter Name ; Value ; Type                                                                  ;
+----------------+-------+-----------------------------------------------------------------------+
; WIDTH          ; 64    ; Signed Integer                                                        ;
+----------------+-------+-----------------------------------------------------------------------+
Note: In order to hide this table in the UI and the text report file, please set the "Show Parameter Settings in Synthesis Report" option in "Analysis and Synthesis Settings -> More Settings" to "Off".


+------------------------------------------------------------------------------------------------+
; Parameter Settings for User Entity Instance: feistel_algo:encrypt3|key_scheduler:key_gen[1].ks ;
+----------------+-------+-----------------------------------------------------------------------+
; Parameter Name ; Value ; Type                                                                  ;
+----------------+-------+-----------------------------------------------------------------------+
; WIDTH          ; 64    ; Signed Integer                                                        ;
+----------------+-------+-----------------------------------------------------------------------+
Note: In order to hide this table in the UI and the text report file, please set the "Show Parameter Settings in Synthesis Report" option in "Analysis and Synthesis Settings -> More Settings" to "Off".


+------------------------------------------------------------------------------------------------+
; Parameter Settings for User Entity Instance: feistel_algo:encrypt3|key_scheduler:key_gen[2].ks ;
+----------------+-------+-----------------------------------------------------------------------+
; Parameter Name ; Value ; Type                                                                  ;
+----------------+-------+-----------------------------------------------------------------------+
; WIDTH          ; 64    ; Signed Integer                                                        ;
+----------------+-------+-----------------------------------------------------------------------+
Note: In order to hide this table in the UI and the text report file, please set the "Show Parameter Settings in Synthesis Report" option in "Analysis and Synthesis Settings -> More Settings" to "Off".


+------------------------------------------------------------------------------------------------+
; Parameter Settings for User Entity Instance: feistel_algo:encrypt3|key_scheduler:key_gen[3].ks ;
+----------------+-------+-----------------------------------------------------------------------+
; Parameter Name ; Value ; Type                                                                  ;
+----------------+-------+-----------------------------------------------------------------------+
; WIDTH          ; 64    ; Signed Integer                                                        ;
+----------------+-------+-----------------------------------------------------------------------+
Note: In order to hide this table in the UI and the text report file, please set the "Show Parameter Settings in Synthesis Report" option in "Analysis and Synthesis Settings -> More Settings" to "Off".


+------------------------------------------------------------------------------------------------+
; Parameter Settings for User Entity Instance: feistel_algo:encrypt3|key_scheduler:key_gen[4].ks ;
+----------------+-------+-----------------------------------------------------------------------+
; Parameter Name ; Value ; Type                                                                  ;
+----------------+-------+-----------------------------------------------------------------------+
; WIDTH          ; 64    ; Signed Integer                                                        ;
+----------------+-------+-----------------------------------------------------------------------+
Note: In order to hide this table in the UI and the text report file, please set the "Show Parameter Settings in Synthesis Report" option in "Analysis and Synthesis Settings -> More Settings" to "Off".


+------------------------------------------------------------------------------------------------+
; Parameter Settings for User Entity Instance: feistel_algo:encrypt3|key_scheduler:key_gen[5].ks ;
+----------------+-------+-----------------------------------------------------------------------+
; Parameter Name ; Value ; Type                                                                  ;
+----------------+-------+-----------------------------------------------------------------------+
; WIDTH          ; 64    ; Signed Integer                                                        ;
+----------------+-------+-----------------------------------------------------------------------+
Note: In order to hide this table in the UI and the text report file, please set the "Show Parameter Settings in Synthesis Report" option in "Analysis and Synthesis Settings -> More Settings" to "Off".


+------------------------------------------------------------------------------------------------+
; Parameter Settings for User Entity Instance: feistel_algo:encrypt3|key_scheduler:key_gen[6].ks ;
+----------------+-------+-----------------------------------------------------------------------+
; Parameter Name ; Value ; Type                                                                  ;
+----------------+-------+-----------------------------------------------------------------------+
; WIDTH          ; 64    ; Signed Integer                                                        ;
+----------------+-------+-----------------------------------------------------------------------+
Note: In order to hide this table in the UI and the text report file, please set the "Show Parameter Settings in Synthesis Report" option in "Analysis and Synthesis Settings -> More Settings" to "Off".


+------------------------------------------------------------------------------------------------+
; Parameter Settings for User Entity Instance: feistel_algo:encrypt3|key_scheduler:key_gen[7].ks ;
+----------------+-------+-----------------------------------------------------------------------+
; Parameter Name ; Value ; Type                                                                  ;
+----------------+-------+-----------------------------------------------------------------------+
; WIDTH          ; 64    ; Signed Integer                                                        ;
+----------------+-------+-----------------------------------------------------------------------+
Note: In order to hide this table in the UI and the text report file, please set the "Show Parameter Settings in Synthesis Report" option in "Analysis and Synthesis Settings -> More Settings" to "Off".


+------------------------------------------------------------------------------------------------+
; Parameter Settings for User Entity Instance: feistel_algo:encrypt3|key_scheduler:key_gen[8].ks ;
+----------------+-------+-----------------------------------------------------------------------+
; Parameter Name ; Value ; Type                                                                  ;
+----------------+-------+-----------------------------------------------------------------------+
; WIDTH          ; 64    ; Signed Integer                                                        ;
+----------------+-------+-----------------------------------------------------------------------+
Note: In order to hide this table in the UI and the text report file, please set the "Show Parameter Settings in Synthesis Report" option in "Analysis and Synthesis Settings -> More Settings" to "Off".


+------------------------------------------------------------------------------------------------+
; Parameter Settings for User Entity Instance: feistel_algo:encrypt3|key_scheduler:key_gen[9].ks ;
+----------------+-------+-----------------------------------------------------------------------+
; Parameter Name ; Value ; Type                                                                  ;
+----------------+-------+-----------------------------------------------------------------------+
; WIDTH          ; 64    ; Signed Integer                                                        ;
+----------------+-------+-----------------------------------------------------------------------+
Note: In order to hide this table in the UI and the text report file, please set the "Show Parameter Settings in Synthesis Report" option in "Analysis and Synthesis Settings -> More Settings" to "Off".


+-------------------------------------------------------------------------------------------------+
; Parameter Settings for User Entity Instance: feistel_algo:encrypt3|key_scheduler:key_gen[10].ks ;
+----------------+-------+------------------------------------------------------------------------+
; Parameter Name ; Value ; Type                                                                   ;
+----------------+-------+------------------------------------------------------------------------+
; WIDTH          ; 64    ; Signed Integer                                                         ;
+----------------+-------+------------------------------------------------------------------------+
Note: In order to hide this table in the UI and the text report file, please set the "Show Parameter Settings in Synthesis Report" option in "Analysis and Synthesis Settings -> More Settings" to "Off".


+-------------------------------------------------------------------------------------------------+
; Parameter Settings for User Entity Instance: feistel_algo:encrypt3|key_scheduler:key_gen[11].ks ;
+----------------+-------+------------------------------------------------------------------------+
; Parameter Name ; Value ; Type                                                                   ;
+----------------+-------+------------------------------------------------------------------------+
; WIDTH          ; 64    ; Signed Integer                                                         ;
+----------------+-------+------------------------------------------------------------------------+
Note: In order to hide this table in the UI and the text report file, please set the "Show Parameter Settings in Synthesis Report" option in "Analysis and Synthesis Settings -> More Settings" to "Off".


+-------------------------------------------------------------------------------------------------+
; Parameter Settings for User Entity Instance: feistel_algo:encrypt3|key_scheduler:key_gen[12].ks ;
+----------------+-------+------------------------------------------------------------------------+
; Parameter Name ; Value ; Type                                                                   ;
+----------------+-------+------------------------------------------------------------------------+
; WIDTH          ; 64    ; Signed Integer                                                         ;
+----------------+-------+------------------------------------------------------------------------+
Note: In order to hide this table in the UI and the text report file, please set the "Show Parameter Settings in Synthesis Report" option in "Analysis and Synthesis Settings -> More Settings" to "Off".


+-------------------------------------------------------------------------------------------------+
; Parameter Settings for User Entity Instance: feistel_algo:encrypt3|key_scheduler:key_gen[13].ks ;
+----------------+-------+------------------------------------------------------------------------+
; Parameter Name ; Value ; Type                                                                   ;
+----------------+-------+------------------------------------------------------------------------+
; WIDTH          ; 64    ; Signed Integer                                                         ;
+----------------+-------+------------------------------------------------------------------------+
Note: In order to hide this table in the UI and the text report file, please set the "Show Parameter Settings in Synthesis Report" option in "Analysis and Synthesis Settings -> More Settings" to "Off".


+-------------------------------------------------------------------------------------------------+
; Parameter Settings for User Entity Instance: feistel_algo:encrypt3|key_scheduler:key_gen[14].ks ;
+----------------+-------+------------------------------------------------------------------------+
; Parameter Name ; Value ; Type                                                                   ;
+----------------+-------+------------------------------------------------------------------------+
; WIDTH          ; 64    ; Signed Integer                                                         ;
+----------------+-------+------------------------------------------------------------------------+
Note: In order to hide this table in the UI and the text report file, please set the "Show Parameter Settings in Synthesis Report" option in "Analysis and Synthesis Settings -> More Settings" to "Off".


+-------------------------------------------------------------------------------------------------+
; Parameter Settings for User Entity Instance: feistel_algo:encrypt3|key_scheduler:key_gen[15].ks ;
+----------------+-------+------------------------------------------------------------------------+
; Parameter Name ; Value ; Type                                                                   ;
+----------------+-------+------------------------------------------------------------------------+
; WIDTH          ; 64    ; Signed Integer                                                         ;
+----------------+-------+------------------------------------------------------------------------+
Note: In order to hide this table in the UI and the text report file, please set the "Show Parameter Settings in Synthesis Report" option in "Analysis and Synthesis Settings -> More Settings" to "Off".


+------------------------------------------------------------------------------------------------+
; Parameter Settings for Inferred Entity Instance: feistel_algo:decrypt2|altshift_taps:L16_rtl_0 ;
+----------------+----------------+--------------------------------------------------------------+
; Parameter Name ; Value          ; Type                                                         ;
+----------------+----------------+--------------------------------------------------------------+
; WIDTH_BYTEENA  ; 1              ; Untyped                                                      ;
; NUMBER_OF_TAPS ; 1              ; Untyped                                                      ;
; TAP_DISTANCE   ; 3              ; Untyped                                                      ;
; WIDTH          ; 128            ; Untyped                                                      ;
; POWER_UP_STATE ; CLEARED        ; Untyped                                                      ;
; CBXI_PARAMETER ; shift_taps_ghm ; Untyped                                                      ;
+----------------+----------------+--------------------------------------------------------------+
Note: In order to hide this table in the UI and the text report file, please set the "Show Parameter Settings in Synthesis Report" option in "Analysis and Synthesis Settings -> More Settings" to "Off".


+----------------------------------------------------------------------------+
; altshift_taps Parameter Settings by Entity Instance                        ;
+----------------------------+-----------------------------------------------+
; Name                       ; Value                                         ;
+----------------------------+-----------------------------------------------+
; Number of entity instances ; 1                                             ;
; Entity Instance            ; feistel_algo:decrypt2|altshift_taps:L16_rtl_0 ;
;     -- NUMBER_OF_TAPS      ; 1                                             ;
;     -- TAP_DISTANCE        ; 3                                             ;
;     -- WIDTH               ; 128                                           ;
+----------------------------+-----------------------------------------------+


+---------------------------------------------------+
; Port Connectivity Checks: "feistel_algo:encrypt3" ;
+---------+-------+----------+----------------------+
; Port    ; Type  ; Severity ; Details              ;
+---------+-------+----------+----------------------+
; decrypt ; Input ; Info     ; Stuck at GND         ;
+---------+-------+----------+----------------------+


+---------------------------------------------------+
; Port Connectivity Checks: "feistel_algo:decrypt2" ;
+---------+-------+----------+----------------------+
; Port    ; Type  ; Severity ; Details              ;
+---------+-------+----------+----------------------+
; decrypt ; Input ; Info     ; Stuck at VCC         ;
+---------+-------+----------+----------------------+


+--------------------------------------------------------------------------------+
; Port Connectivity Checks: "feistel_algo:encrypt1|key_scheduler:key_gen[15].ks" ;
+---------------+-------+----------+---------------------------------------------+
; Port          ; Type  ; Severity ; Details                                     ;
+---------------+-------+----------+---------------------------------------------+
; feistel_state ; Input ; Info     ; Stuck at VCC                                ;
+---------------+-------+----------+---------------------------------------------+


+--------------------------------------------------------------------------------+
; Port Connectivity Checks: "feistel_algo:encrypt1|key_scheduler:key_gen[14].ks" ;
+---------------------+-------+----------+---------------------------------------+
; Port                ; Type  ; Severity ; Details                               ;
+---------------------+-------+----------+---------------------------------------+
; feistel_state[3..1] ; Input ; Info     ; Stuck at VCC                          ;
; feistel_state[0]    ; Input ; Info     ; Stuck at GND                          ;
+---------------------+-------+----------+---------------------------------------+


+--------------------------------------------------------------------------------+
; Port Connectivity Checks: "feistel_algo:encrypt1|key_scheduler:key_gen[13].ks" ;
+---------------------+-------+----------+---------------------------------------+
; Port                ; Type  ; Severity ; Details                               ;
+---------------------+-------+----------+---------------------------------------+
; feistel_state[3..2] ; Input ; Info     ; Stuck at VCC                          ;
; feistel_state[1]    ; Input ; Info     ; Stuck at GND                          ;
; feistel_state[0]    ; Input ; Info     ; Stuck at VCC                          ;
+---------------------+-------+----------+---------------------------------------+


+--------------------------------------------------------------------------------+
; Port Connectivity Checks: "feistel_algo:encrypt1|key_scheduler:key_gen[12].ks" ;
+---------------------+-------+----------+---------------------------------------+
; Port                ; Type  ; Severity ; Details                               ;
+---------------------+-------+----------+---------------------------------------+
; feistel_state[3..2] ; Input ; Info     ; Stuck at VCC                          ;
; feistel_state[1..0] ; Input ; Info     ; Stuck at GND                          ;
+---------------------+-------+----------+---------------------------------------+


+--------------------------------------------------------------------------------+
; Port Connectivity Checks: "feistel_algo:encrypt1|key_scheduler:key_gen[11].ks" ;
+---------------------+-------+----------+---------------------------------------+
; Port                ; Type  ; Severity ; Details                               ;
+---------------------+-------+----------+---------------------------------------+
; feistel_state[1..0] ; Input ; Info     ; Stuck at VCC                          ;
; feistel_state[3]    ; Input ; Info     ; Stuck at VCC                          ;
; feistel_state[2]    ; Input ; Info     ; Stuck at GND                          ;
+---------------------+-------+----------+---------------------------------------+


+--------------------------------------------------------------------------------+
; Port Connectivity Checks: "feistel_algo:encrypt1|key_scheduler:key_gen[10].ks" ;
+------------------+-------+----------+------------------------------------------+
; Port             ; Type  ; Severity ; Details                                  ;
+------------------+-------+----------+------------------------------------------+
; feistel_state[3] ; Input ; Info     ; Stuck at VCC                             ;
; feistel_state[2] ; Input ; Info     ; Stuck at GND                             ;
; feistel_state[1] ; Input ; Info     ; Stuck at VCC                             ;
; feistel_state[0] ; Input ; Info     ; Stuck at GND                             ;
+------------------+-------+----------+------------------------------------------+


+-------------------------------------------------------------------------------+
; Port Connectivity Checks: "feistel_algo:encrypt1|key_scheduler:key_gen[9].ks" ;
+---------------------+-------+----------+--------------------------------------+
; Port                ; Type  ; Severity ; Details                              ;
+---------------------+-------+----------+--------------------------------------+
; feistel_state[2..1] ; Input ; Info     ; Stuck at GND                         ;
; feistel_state[3]    ; Input ; Info     ; Stuck at VCC                         ;
; feistel_state[0]    ; Input ; Info     ; Stuck at VCC                         ;
+---------------------+-------+----------+--------------------------------------+


+-------------------------------------------------------------------------------+
; Port Connectivity Checks: "feistel_algo:encrypt1|key_scheduler:key_gen[8].ks" ;
+---------------------+-------+----------+--------------------------------------+
; Port                ; Type  ; Severity ; Details                              ;
+---------------------+-------+----------+--------------------------------------+
; feistel_state[2..0] ; Input ; Info     ; Stuck at GND                         ;
; feistel_state[3]    ; Input ; Info     ; Stuck at VCC                         ;
+---------------------+-------+----------+--------------------------------------+


+-------------------------------------------------------------------------------+
; Port Connectivity Checks: "feistel_algo:encrypt1|key_scheduler:key_gen[7].ks" ;
+---------------------+-------+----------+--------------------------------------+
; Port                ; Type  ; Severity ; Details                              ;
+---------------------+-------+----------+--------------------------------------+
; feistel_state[2..0] ; Input ; Info     ; Stuck at VCC                         ;
; feistel_state[3]    ; Input ; Info     ; Stuck at GND                         ;
+---------------------+-------+----------+--------------------------------------+


+-------------------------------------------------------------------------------+
; Port Connectivity Checks: "feistel_algo:encrypt1|key_scheduler:key_gen[6].ks" ;
+---------------------+-------+----------+--------------------------------------+
; Port                ; Type  ; Severity ; Details                              ;
+---------------------+-------+----------+--------------------------------------+
; feistel_state[2..1] ; Input ; Info     ; Stuck at VCC                         ;
; feistel_state[3]    ; Input ; Info     ; Stuck at GND                         ;
; feistel_state[0]    ; Input ; Info     ; Stuck at GND                         ;
+---------------------+-------+----------+--------------------------------------+


+-------------------------------------------------------------------------------+
; Port Connectivity Checks: "feistel_algo:encrypt1|key_scheduler:key_gen[5].ks" ;
+------------------+-------+----------+-----------------------------------------+
; Port             ; Type  ; Severity ; Details                                 ;
+------------------+-------+----------+-----------------------------------------+
; feistel_state[3] ; Input ; Info     ; Stuck at GND                            ;
; feistel_state[2] ; Input ; Info     ; Stuck at VCC                            ;
; feistel_state[1] ; Input ; Info     ; Stuck at GND                            ;
; feistel_state[0] ; Input ; Info     ; Stuck at VCC                            ;
+------------------+-------+----------+-----------------------------------------+


+-------------------------------------------------------------------------------+
; Port Connectivity Checks: "feistel_algo:encrypt1|key_scheduler:key_gen[4].ks" ;
+---------------------+-------+----------+--------------------------------------+
; Port                ; Type  ; Severity ; Details                              ;
+---------------------+-------+----------+--------------------------------------+
; feistel_state[1..0] ; Input ; Info     ; Stuck at GND                         ;
; feistel_state[3]    ; Input ; Info     ; Stuck at GND                         ;
; feistel_state[2]    ; Input ; Info     ; Stuck at VCC                         ;
+---------------------+-------+----------+--------------------------------------+


+-------------------------------------------------------------------------------+
; Port Connectivity Checks: "feistel_algo:encrypt1|key_scheduler:key_gen[3].ks" ;
+---------------------+-------+----------+--------------------------------------+
; Port                ; Type  ; Severity ; Details                              ;
+---------------------+-------+----------+--------------------------------------+
; feistel_state[1..0] ; Input ; Info     ; Stuck at VCC                         ;
; feistel_state[3..2] ; Input ; Info     ; Stuck at GND                         ;
+---------------------+-------+----------+--------------------------------------+


+-------------------------------------------------------------------------------+
; Port Connectivity Checks: "feistel_algo:encrypt1|key_scheduler:key_gen[2].ks" ;
+---------------------+-------+----------+--------------------------------------+
; Port                ; Type  ; Severity ; Details                              ;
+---------------------+-------+----------+--------------------------------------+
; feistel_state[3..2] ; Input ; Info     ; Stuck at GND                         ;
; feistel_state[1]    ; Input ; Info     ; Stuck at VCC                         ;
; feistel_state[0]    ; Input ; Info     ; Stuck at GND                         ;
+---------------------+-------+----------+--------------------------------------+


+-------------------------------------------------------------------------------+
; Port Connectivity Checks: "feistel_algo:encrypt1|key_scheduler:key_gen[1].ks" ;
+---------------------+-------+----------+--------------------------------------+
; Port                ; Type  ; Severity ; Details                              ;
+---------------------+-------+----------+--------------------------------------+
; feistel_state[3..1] ; Input ; Info     ; Stuck at GND                         ;
; feistel_state[0]    ; Input ; Info     ; Stuck at VCC                         ;
+---------------------+-------+----------+--------------------------------------+


+-------------------------------------------------------------------------------+
; Port Connectivity Checks: "feistel_algo:encrypt1|key_scheduler:key_gen[0].ks" ;
+---------------+-------+----------+--------------------------------------------+
; Port          ; Type  ; Severity ; Details                                    ;
+---------------+-------+----------+--------------------------------------------+
; feistel_state ; Input ; Info     ; Stuck at GND                               ;
+---------------+-------+----------+--------------------------------------------+


+---------------------------------------------------+
; Port Connectivity Checks: "feistel_algo:encrypt1" ;
+---------+-------+----------+----------------------+
; Port    ; Type  ; Severity ; Details              ;
+---------+-------+----------+----------------------+
; decrypt ; Input ; Info     ; Stuck at GND         ;
+---------+-------+----------+----------------------+


+-------------------------------+
; Elapsed Time Per Partition    ;
+----------------+--------------+
; Partition Name ; Elapsed Time ;
+----------------+--------------+
; Top            ; 00:01:55     ;
+----------------+--------------+


+-------------------------------+
; Analysis & Synthesis Messages ;
+-------------------------------+
Info: *******************************************************************
Info: Running Quartus II 64-Bit Analysis & Synthesis
    Info: Version 13.0.1 Build 232 06/12/2013 Service Pack 1 SJ Web Edition
    Info: Processing started: Sun Apr 12 13:57:09 2026
Info: Command: quartus_map --read_settings_files=on --write_settings_files=off 3DES -c 3DES
Info (11104): Parallel Compilation has detected 8 hyper-threaded processors. However, the extra hyper-threaded processors will not be used by default. Parallel Compilation will use 4 of the 4 physical processors detected instead.
Info (12021): Found 1 design units, including 1 entities, in source file /hk6/ce213/3des/des3/top.v
    Info (12023): Found entity 1: top
Info (12021): Found 1 design units, including 1 entities, in source file /hk6/ce213/3des/des3/s8.v
    Info (12023): Found entity 1: S8
Info (12021): Found 1 design units, including 1 entities, in source file /hk6/ce213/3des/des3/s7.v
    Info (12023): Found entity 1: S7
Info (12021): Found 1 design units, including 1 entities, in source file /hk6/ce213/3des/des3/s6.v
    Info (12023): Found entity 1: S6
Info (12021): Found 1 design units, including 1 entities, in source file /hk6/ce213/3des/des3/s5.v
    Info (12023): Found entity 1: S5
Info (12021): Found 1 design units, including 1 entities, in source file /hk6/ce213/3des/des3/s4.v
    Info (12023): Found entity 1: S4
Info (12021): Found 1 design units, including 1 entities, in source file /hk6/ce213/3des/des3/s3.v
    Info (12023): Found entity 1: S3
Info (12021): Found 1 design units, including 1 entities, in source file /hk6/ce213/3des/des3/s2.v
    Info (12023): Found entity 1: S2
Info (12021): Found 1 design units, including 1 entities, in source file /hk6/ce213/3des/des3/s1.v
    Info (12023): Found entity 1: S1
Info (12021): Found 1 design units, including 1 entities, in source file /hk6/ce213/3des/des3/s.v
    Info (12023): Found entity 1: S
Info (12021): Found 1 design units, including 1 entities, in source file /hk6/ce213/3des/des3/pc2.v
    Info (12023): Found entity 1: PC2
Info (12021): Found 1 design units, including 1 entities, in source file /hk6/ce213/3des/des3/pc1.v
    Info (12023): Found entity 1: PC1
Info (12021): Found 1 design units, including 1 entities, in source file /hk6/ce213/3des/des3/p.v
    Info (12023): Found entity 1: P
Info (12021): Found 1 design units, including 1 entities, in source file /hk6/ce213/3des/des3/key_scheduler.v
    Info (12023): Found entity 1: key_scheduler
Info (12021): Found 1 design units, including 1 entities, in source file /hk6/ce213/3des/des3/ip_inv.v
    Info (12023): Found entity 1: IP_inv
Info (12021): Found 1 design units, including 1 entities, in source file /hk6/ce213/3des/des3/ip.v
    Info (12023): Found entity 1: IP
Info (12021): Found 1 design units, including 1 entities, in source file /hk6/ce213/3des/des3/feistel_stage.v
    Info (12023): Found entity 1: feistel_stage
Info (12021): Found 1 design units, including 1 entities, in source file /hk6/ce213/3des/des3/feistel_algo.v
    Info (12023): Found entity 1: feistel_algo
Info (12021): Found 1 design units, including 1 entities, in source file /hk6/ce213/3des/des3/f.v
    Info (12023): Found entity 1: f
Info (12021): Found 1 design units, including 1 entities, in source file /hk6/ce213/3des/des3/e.v
    Info (12023): Found entity 1: E
Info (12021): Found 1 design units, including 1 entities, in source file /hk6/ce213/3des/des3/des3.v
    Info (12023): Found entity 1: des3
Info (12021): Found 1 design units, including 1 entities, in source file /hk6/ce213/3des/des3/des_stage.v
    Info (12023): Found entity 1: des_stage
Info (12021): Found 1 design units, including 1 entities, in source file /hk6/ce213/3des/des3/des_algo.v
    Info (12023): Found entity 1: des_algo
Info (12127): Elaborating entity "des3" for the top level hierarchy
Info (12128): Elaborating entity "feistel_algo" for hierarchy "feistel_algo:encrypt1"
Warning (10240): Verilog HDL Always Construct warning at feistel_algo.v(37): inferring latch(es) for variable "V", which holds its previous value in one or more paths through the always construct
Info (12128): Elaborating entity "IP" for hierarchy "feistel_algo:encrypt1|IP:ip"
Info (12128): Elaborating entity "IP_inv" for hierarchy "feistel_algo:encrypt1|IP_inv:ip_inv"
Info (12128): Elaborating entity "key_scheduler" for hierarchy "feistel_algo:encrypt1|key_scheduler:key_gen[0].ks"
Info (12128): Elaborating entity "f" for hierarchy "feistel_algo:encrypt1|f:key_gen[0].f_inst"
Info (12128): Elaborating entity "E" for hierarchy "feistel_algo:encrypt1|f:key_gen[0].f_inst|E:e"
Info (12128): Elaborating entity "S" for hierarchy "feistel_algo:encrypt1|f:key_gen[0].f_inst|S:s"
Info (12128): Elaborating entity "S1" for hierarchy "feistel_algo:encrypt1|f:key_gen[0].f_inst|S:s|S1:iS1"
Info (12128): Elaborating entity "S2" for hierarchy "feistel_algo:encrypt1|f:key_gen[0].f_inst|S:s|S2:iS2"
Info (12128): Elaborating entity "S3" for hierarchy "feistel_algo:encrypt1|f:key_gen[0].f_inst|S:s|S3:iS3"
Info (12128): Elaborating entity "S4" for hierarchy "feistel_algo:encrypt1|f:key_gen[0].f_inst|S:s|S4:iS4"
Info (12128): Elaborating entity "S5" for hierarchy "feistel_algo:encrypt1|f:key_gen[0].f_inst|S:s|S5:iS5"
Info (12128): Elaborating entity "S6" for hierarchy "feistel_algo:encrypt1|f:key_gen[0].f_inst|S:s|S6:iS6"
Info (12128): Elaborating entity "S7" for hierarchy "feistel_algo:encrypt1|f:key_gen[0].f_inst|S:s|S7:iS7"
Info (12128): Elaborating entity "S8" for hierarchy "feistel_algo:encrypt1|f:key_gen[0].f_inst|S:s|S8:iS8"
Info (12128): Elaborating entity "P" for hierarchy "feistel_algo:encrypt1|f:key_gen[0].f_inst|P:p"
Info (276014): Found 384 instances of uninferred RAM logic
    Info (276004): RAM logic "feistel_algo:encrypt3|f:key_gen[15].f_inst|S:s|S5:iS5|Ram0" is uninferred due to inappropriate RAM size
    Info (276004): RAM logic "feistel_algo:encrypt3|f:key_gen[15].f_inst|S:s|S1:iS1|Ram0" is uninferred due to inappropriate RAM size
    Info (276004): RAM logic "feistel_algo:encrypt3|f:key_gen[15].f_inst|S:s|S4:iS4|Ram0" is uninferred due to inappropriate RAM size
    Info (276004): RAM logic "feistel_algo:encrypt3|f:key_gen[15].f_inst|S:s|S2:iS2|Ram0" is uninferred due to inappropriate RAM size
    Info (276004): RAM logic "feistel_algo:encrypt3|f:key_gen[15].f_inst|S:s|S8:iS8|Ram0" is uninferred due to inappropriate RAM size
    Info (276004): RAM logic "feistel_algo:encrypt3|f:key_gen[15].f_inst|S:s|S6:iS6|Ram0" is uninferred due to inappropriate RAM size
    Info (276004): RAM logic "feistel_algo:encrypt3|f:key_gen[15].f_inst|S:s|S7:iS7|Ram0" is uninferred due to inappropriate RAM size
    Info (276004): RAM logic "feistel_algo:encrypt3|f:key_gen[15].f_inst|S:s|S3:iS3|Ram0" is uninferred due to inappropriate RAM size
    Info (276004): RAM logic "feistel_algo:encrypt3|f:key_gen[14].f_inst|S:s|S5:iS5|Ram0" is uninferred due to inappropriate RAM size
    Info (276004): RAM logic "feistel_algo:encrypt3|f:key_gen[14].f_inst|S:s|S1:iS1|Ram0" is uninferred due to inappropriate RAM size
    Info (276004): RAM logic "feistel_algo:encrypt3|f:key_gen[14].f_inst|S:s|S4:iS4|Ram0" is uninferred due to inappropriate RAM size
    Info (276004): RAM logic "feistel_algo:encrypt3|f:key_gen[14].f_inst|S:s|S2:iS2|Ram0" is uninferred due to inappropriate RAM size
    Info (276004): RAM logic "feistel_algo:encrypt3|f:key_gen[14].f_inst|S:s|S8:iS8|Ram0" is uninferred due to inappropriate RAM size
    Info (276004): RAM logic "feistel_algo:encrypt3|f:key_gen[14].f_inst|S:s|S6:iS6|Ram0" is uninferred due to inappropriate RAM size
    Info (276004): RAM logic "feistel_algo:encrypt3|f:key_gen[14].f_inst|S:s|S7:iS7|Ram0" is uninferred due to inappropriate RAM size
    Info (276004): RAM logic "feistel_algo:encrypt3|f:key_gen[14].f_inst|S:s|S3:iS3|Ram0" is uninferred due to inappropriate RAM size
    Info (276004): RAM logic "feistel_algo:encrypt3|f:key_gen[13].f_inst|S:s|S5:iS5|Ram0" is uninferred due to inappropriate RAM size
    Info (276004): RAM logic "feistel_algo:encrypt3|f:key_gen[13].f_inst|S:s|S1:iS1|Ram0" is uninferred due to inappropriate RAM size
    Info (276004): RAM logic "feistel_algo:encrypt3|f:key_gen[13].f_inst|S:s|S4:iS4|Ram0" is uninferred due to inappropriate RAM size
    Info (276004): RAM logic "feistel_algo:encrypt3|f:key_gen[13].f_inst|S:s|S2:iS2|Ram0" is uninferred due to inappropriate RAM size
    Info (276004): RAM logic "feistel_algo:encrypt3|f:key_gen[13].f_inst|S:s|S8:iS8|Ram0" is uninferred due to inappropriate RAM size
    Info (276004): RAM logic "feistel_algo:encrypt3|f:key_gen[13].f_inst|S:s|S6:iS6|Ram0" is uninferred due to inappropriate RAM size
    Info (276004): RAM logic "feistel_algo:encrypt3|f:key_gen[13].f_inst|S:s|S7:iS7|Ram0" is uninferred due to inappropriate RAM size
    Info (276004): RAM logic "feistel_algo:encrypt3|f:key_gen[13].f_inst|S:s|S3:iS3|Ram0" is uninferred due to inappropriate RAM size
    Info (276004): RAM logic "feistel_algo:encrypt3|f:key_gen[12].f_inst|S:s|S5:iS5|Ram0" is uninferred due to inappropriate RAM size
    Info (276004): RAM logic "feistel_algo:encrypt3|f:key_gen[12].f_inst|S:s|S1:iS1|Ram0" is uninferred due to inappropriate RAM size
    Info (276004): RAM logic "feistel_algo:encrypt3|f:key_gen[12].f_inst|S:s|S4:iS4|Ram0" is uninferred due to inappropriate RAM size
    Info (276004): RAM logic "feistel_algo:encrypt3|f:key_gen[12].f_inst|S:s|S2:iS2|Ram0" is uninferred due to inappropriate RAM size
    Info (276004): RAM logic "feistel_algo:encrypt3|f:key_gen[12].f_inst|S:s|S8:iS8|Ram0" is uninferred due to inappropriate RAM size
    Info (276004): RAM logic "feistel_algo:encrypt3|f:key_gen[12].f_inst|S:s|S6:iS6|Ram0" is uninferred due to inappropriate RAM size
    Info (276004): RAM logic "feistel_algo:encrypt3|f:key_gen[12].f_inst|S:s|S7:iS7|Ram0" is uninferred due to inappropriate RAM size
    Info (276004): RAM logic "feistel_algo:encrypt3|f:key_gen[12].f_inst|S:s|S3:iS3|Ram0" is uninferred due to inappropriate RAM size
    Info (276004): RAM logic "feistel_algo:encrypt3|f:key_gen[11].f_inst|S:s|S5:iS5|Ram0" is uninferred due to inappropriate RAM size
    Info (276004): RAM logic "feistel_algo:encrypt3|f:key_gen[11].f_inst|S:s|S1:iS1|Ram0" is uninferred due to inappropriate RAM size
    Info (276004): RAM logic "feistel_algo:encrypt3|f:key_gen[11].f_inst|S:s|S4:iS4|Ram0" is uninferred due to inappropriate RAM size
    Info (276004): RAM logic "feistel_algo:encrypt3|f:key_gen[11].f_inst|S:s|S2:iS2|Ram0" is uninferred due to inappropriate RAM size
    Info (276004): RAM logic "feistel_algo:encrypt3|f:key_gen[11].f_inst|S:s|S8:iS8|Ram0" is uninferred due to inappropriate RAM size
    Info (276004): RAM logic "feistel_algo:encrypt3|f:key_gen[11].f_inst|S:s|S6:iS6|Ram0" is uninferred due to inappropriate RAM size
    Info (276004): RAM logic "feistel_algo:encrypt3|f:key_gen[11].f_inst|S:s|S7:iS7|Ram0" is uninferred due to inappropriate RAM size
    Info (276004): RAM logic "feistel_algo:encrypt3|f:key_gen[11].f_inst|S:s|S3:iS3|Ram0" is uninferred due to inappropriate RAM size
    Info (276004): RAM logic "feistel_algo:encrypt3|f:key_gen[10].f_inst|S:s|S5:iS5|Ram0" is uninferred due to inappropriate RAM size
    Info (276004): RAM logic "feistel_algo:encrypt3|f:key_gen[10].f_inst|S:s|S1:iS1|Ram0" is uninferred due to inappropriate RAM size
    Info (276004): RAM logic "feistel_algo:encrypt3|f:key_gen[10].f_inst|S:s|S4:iS4|Ram0" is uninferred due to inappropriate RAM size
    Info (276004): RAM logic "feistel_algo:encrypt3|f:key_gen[10].f_inst|S:s|S2:iS2|Ram0" is uninferred due to inappropriate RAM size
    Info (276004): RAM logic "feistel_algo:encrypt3|f:key_gen[10].f_inst|S:s|S8:iS8|Ram0" is uninferred due to inappropriate RAM size
    Info (276004): RAM logic "feistel_algo:encrypt3|f:key_gen[10].f_inst|S:s|S6:iS6|Ram0" is uninferred due to inappropriate RAM size
    Info (276004): RAM logic "feistel_algo:encrypt3|f:key_gen[10].f_inst|S:s|S7:iS7|Ram0" is uninferred due to inappropriate RAM size
    Info (276004): RAM logic "feistel_algo:encrypt3|f:key_gen[10].f_inst|S:s|S3:iS3|Ram0" is uninferred due to inappropriate RAM size
    Info (276004): RAM logic "feistel_algo:encrypt3|f:key_gen[9].f_inst|S:s|S5:iS5|Ram0" is uninferred due to inappropriate RAM size
    Info (276004): RAM logic "feistel_algo:encrypt3|f:key_gen[9].f_inst|S:s|S1:iS1|Ram0" is uninferred due to inappropriate RAM size
    Info (276004): RAM logic "feistel_algo:encrypt3|f:key_gen[9].f_inst|S:s|S4:iS4|Ram0" is uninferred due to inappropriate RAM size
    Info (276004): RAM logic "feistel_algo:encrypt3|f:key_gen[9].f_inst|S:s|S2:iS2|Ram0" is uninferred due to inappropriate RAM size
    Info (276004): RAM logic "feistel_algo:encrypt3|f:key_gen[9].f_inst|S:s|S8:iS8|Ram0" is uninferred due to inappropriate RAM size
    Info (276004): RAM logic "feistel_algo:encrypt3|f:key_gen[9].f_inst|S:s|S6:iS6|Ram0" is uninferred due to inappropriate RAM size
    Info (276004): RAM logic "feistel_algo:encrypt3|f:key_gen[9].f_inst|S:s|S7:iS7|Ram0" is uninferred due to inappropriate RAM size
    Info (276004): RAM logic "feistel_algo:encrypt3|f:key_gen[9].f_inst|S:s|S3:iS3|Ram0" is uninferred due to inappropriate RAM size
    Info (276004): RAM logic "feistel_algo:encrypt3|f:key_gen[8].f_inst|S:s|S5:iS5|Ram0" is uninferred due to inappropriate RAM size
    Info (276004): RAM logic "feistel_algo:encrypt3|f:key_gen[8].f_inst|S:s|S1:iS1|Ram0" is uninferred due to inappropriate RAM size
    Info (276004): RAM logic "feistel_algo:encrypt3|f:key_gen[8].f_inst|S:s|S4:iS4|Ram0" is uninferred due to inappropriate RAM size
    Info (276004): RAM logic "feistel_algo:encrypt3|f:key_gen[8].f_inst|S:s|S2:iS2|Ram0" is uninferred due to inappropriate RAM size
    Info (276004): RAM logic "feistel_algo:encrypt3|f:key_gen[8].f_inst|S:s|S8:iS8|Ram0" is uninferred due to inappropriate RAM size
    Info (276004): RAM logic "feistel_algo:encrypt3|f:key_gen[8].f_inst|S:s|S6:iS6|Ram0" is uninferred due to inappropriate RAM size
    Info (276004): RAM logic "feistel_algo:encrypt3|f:key_gen[8].f_inst|S:s|S7:iS7|Ram0" is uninferred due to inappropriate RAM size
    Info (276004): RAM logic "feistel_algo:encrypt3|f:key_gen[8].f_inst|S:s|S3:iS3|Ram0" is uninferred due to inappropriate RAM size
    Info (276004): RAM logic "feistel_algo:encrypt3|f:key_gen[7].f_inst|S:s|S5:iS5|Ram0" is uninferred due to inappropriate RAM size
    Info (276004): RAM logic "feistel_algo:encrypt3|f:key_gen[7].f_inst|S:s|S1:iS1|Ram0" is uninferred due to inappropriate RAM size
    Info (276004): RAM logic "feistel_algo:encrypt3|f:key_gen[7].f_inst|S:s|S4:iS4|Ram0" is uninferred due to inappropriate RAM size
    Info (276004): RAM logic "feistel_algo:encrypt3|f:key_gen[7].f_inst|S:s|S2:iS2|Ram0" is uninferred due to inappropriate RAM size
    Info (276004): RAM logic "feistel_algo:encrypt3|f:key_gen[7].f_inst|S:s|S8:iS8|Ram0" is uninferred due to inappropriate RAM size
    Info (276004): RAM logic "feistel_algo:encrypt3|f:key_gen[7].f_inst|S:s|S6:iS6|Ram0" is uninferred due to inappropriate RAM size
    Info (276004): RAM logic "feistel_algo:encrypt3|f:key_gen[7].f_inst|S:s|S7:iS7|Ram0" is uninferred due to inappropriate RAM size
    Info (276004): RAM logic "feistel_algo:encrypt3|f:key_gen[7].f_inst|S:s|S3:iS3|Ram0" is uninferred due to inappropriate RAM size
    Info (276004): RAM logic "feistel_algo:encrypt3|f:key_gen[6].f_inst|S:s|S5:iS5|Ram0" is uninferred due to inappropriate RAM size
    Info (276004): RAM logic "feistel_algo:encrypt3|f:key_gen[6].f_inst|S:s|S1:iS1|Ram0" is uninferred due to inappropriate RAM size
    Info (276004): RAM logic "feistel_algo:encrypt3|f:key_gen[6].f_inst|S:s|S4:iS4|Ram0" is uninferred due to inappropriate RAM size
    Info (276004): RAM logic "feistel_algo:encrypt3|f:key_gen[6].f_inst|S:s|S2:iS2|Ram0" is uninferred due to inappropriate RAM size
    Info (276004): RAM logic "feistel_algo:encrypt3|f:key_gen[6].f_inst|S:s|S8:iS8|Ram0" is uninferred due to inappropriate RAM size
    Info (276004): RAM logic "feistel_algo:encrypt3|f:key_gen[6].f_inst|S:s|S6:iS6|Ram0" is uninferred due to inappropriate RAM size
    Info (276004): RAM logic "feistel_algo:encrypt3|f:key_gen[6].f_inst|S:s|S7:iS7|Ram0" is uninferred due to inappropriate RAM size
    Info (276004): RAM logic "feistel_algo:encrypt3|f:key_gen[6].f_inst|S:s|S3:iS3|Ram0" is uninferred due to inappropriate RAM size
    Info (276004): RAM logic "feistel_algo:encrypt3|f:key_gen[5].f_inst|S:s|S5:iS5|Ram0" is uninferred due to inappropriate RAM size
    Info (276004): RAM logic "feistel_algo:encrypt3|f:key_gen[5].f_inst|S:s|S1:iS1|Ram0" is uninferred due to inappropriate RAM size
    Info (276004): RAM logic "feistel_algo:encrypt3|f:key_gen[5].f_inst|S:s|S4:iS4|Ram0" is uninferred due to inappropriate RAM size
    Info (276004): RAM logic "feistel_algo:encrypt3|f:key_gen[5].f_inst|S:s|S2:iS2|Ram0" is uninferred due to inappropriate RAM size
    Info (276004): RAM logic "feistel_algo:encrypt3|f:key_gen[5].f_inst|S:s|S8:iS8|Ram0" is uninferred due to inappropriate RAM size
    Info (276004): RAM logic "feistel_algo:encrypt3|f:key_gen[5].f_inst|S:s|S6:iS6|Ram0" is uninferred due to inappropriate RAM size
    Info (276004): RAM logic "feistel_algo:encrypt3|f:key_gen[5].f_inst|S:s|S7:iS7|Ram0" is uninferred due to inappropriate RAM size
    Info (276004): RAM logic "feistel_algo:encrypt3|f:key_gen[5].f_inst|S:s|S3:iS3|Ram0" is uninferred due to inappropriate RAM size
    Info (276004): RAM logic "feistel_algo:encrypt3|f:key_gen[4].f_inst|S:s|S5:iS5|Ram0" is uninferred due to inappropriate RAM size
    Info (276004): RAM logic "feistel_algo:encrypt3|f:key_gen[4].f_inst|S:s|S1:iS1|Ram0" is uninferred due to inappropriate RAM size
    Info (276004): RAM logic "feistel_algo:encrypt3|f:key_gen[4].f_inst|S:s|S4:iS4|Ram0" is uninferred due to inappropriate RAM size
    Info (276004): RAM logic "feistel_algo:encrypt3|f:key_gen[4].f_inst|S:s|S2:iS2|Ram0" is uninferred due to inappropriate RAM size
    Info (276004): RAM logic "feistel_algo:encrypt3|f:key_gen[4].f_inst|S:s|S8:iS8|Ram0" is uninferred due to inappropriate RAM size
    Info (276004): RAM logic "feistel_algo:encrypt3|f:key_gen[4].f_inst|S:s|S6:iS6|Ram0" is uninferred due to inappropriate RAM size
    Info (276004): RAM logic "feistel_algo:encrypt3|f:key_gen[4].f_inst|S:s|S7:iS7|Ram0" is uninferred due to inappropriate RAM size
    Info (276004): RAM logic "feistel_algo:encrypt3|f:key_gen[4].f_inst|S:s|S3:iS3|Ram0" is uninferred due to inappropriate RAM size
    Info (276004): RAM logic "feistel_algo:encrypt3|f:key_gen[3].f_inst|S:s|S5:iS5|Ram0" is uninferred due to inappropriate RAM size
    Info (276004): RAM logic "feistel_algo:encrypt3|f:key_gen[3].f_inst|S:s|S1:iS1|Ram0" is uninferred due to inappropriate RAM size
    Info (276004): RAM logic "feistel_algo:encrypt3|f:key_gen[3].f_inst|S:s|S4:iS4|Ram0" is uninferred due to inappropriate RAM size
    Info (276004): RAM logic "feistel_algo:encrypt3|f:key_gen[3].f_inst|S:s|S2:iS2|Ram0" is uninferred due to inappropriate RAM size
    Info (276004): RAM logic "feistel_algo:encrypt3|f:key_gen[3].f_inst|S:s|S8:iS8|Ram0" is uninferred due to inappropriate RAM size
    Info (276004): RAM logic "feistel_algo:encrypt3|f:key_gen[3].f_inst|S:s|S6:iS6|Ram0" is uninferred due to inappropriate RAM size
    Info (276004): RAM logic "feistel_algo:encrypt3|f:key_gen[3].f_inst|S:s|S7:iS7|Ram0" is uninferred due to inappropriate RAM size
    Info (276004): RAM logic "feistel_algo:encrypt3|f:key_gen[3].f_inst|S:s|S3:iS3|Ram0" is uninferred due to inappropriate RAM size
    Info (276004): RAM logic "feistel_algo:encrypt3|f:key_gen[2].f_inst|S:s|S5:iS5|Ram0" is uninferred due to inappropriate RAM size
    Info (276004): RAM logic "feistel_algo:encrypt3|f:key_gen[2].f_inst|S:s|S1:iS1|Ram0" is uninferred due to inappropriate RAM size
    Info (276004): RAM logic "feistel_algo:encrypt3|f:key_gen[2].f_inst|S:s|S4:iS4|Ram0" is uninferred due to inappropriate RAM size
    Info (276004): RAM logic "feistel_algo:encrypt3|f:key_gen[2].f_inst|S:s|S2:iS2|Ram0" is uninferred due to inappropriate RAM size
    Info (276004): RAM logic "feistel_algo:encrypt3|f:key_gen[2].f_inst|S:s|S8:iS8|Ram0" is uninferred due to inappropriate RAM size
    Info (276004): RAM logic "feistel_algo:encrypt3|f:key_gen[2].f_inst|S:s|S6:iS6|Ram0" is uninferred due to inappropriate RAM size
    Info (276004): RAM logic "feistel_algo:encrypt3|f:key_gen[2].f_inst|S:s|S7:iS7|Ram0" is uninferred due to inappropriate RAM size
    Info (276004): RAM logic "feistel_algo:encrypt3|f:key_gen[2].f_inst|S:s|S3:iS3|Ram0" is uninferred due to inappropriate RAM size
    Info (276004): RAM logic "feistel_algo:encrypt3|f:key_gen[1].f_inst|S:s|S5:iS5|Ram0" is uninferred due to inappropriate RAM size
    Info (276004): RAM logic "feistel_algo:encrypt3|f:key_gen[1].f_inst|S:s|S1:iS1|Ram0" is uninferred due to inappropriate RAM size
    Info (276004): RAM logic "feistel_algo:encrypt3|f:key_gen[1].f_inst|S:s|S4:iS4|Ram0" is uninferred due to inappropriate RAM size
    Info (276004): RAM logic "feistel_algo:encrypt3|f:key_gen[1].f_inst|S:s|S2:iS2|Ram0" is uninferred due to inappropriate RAM size
    Info (276004): RAM logic "feistel_algo:encrypt3|f:key_gen[1].f_inst|S:s|S8:iS8|Ram0" is uninferred due to inappropriate RAM size
    Info (276004): RAM logic "feistel_algo:encrypt3|f:key_gen[1].f_inst|S:s|S6:iS6|Ram0" is uninferred due to inappropriate RAM size
    Info (276004): RAM logic "feistel_algo:encrypt3|f:key_gen[1].f_inst|S:s|S7:iS7|Ram0" is uninferred due to inappropriate RAM size
    Info (276004): RAM logic "feistel_algo:encrypt3|f:key_gen[1].f_inst|S:s|S3:iS3|Ram0" is uninferred due to inappropriate RAM size
    Info (276004): RAM logic "feistel_algo:encrypt3|f:key_gen[0].f_inst|S:s|S5:iS5|Ram0" is uninferred due to inappropriate RAM size
    Info (276004): RAM logic "feistel_algo:encrypt3|f:key_gen[0].f_inst|S:s|S1:iS1|Ram0" is uninferred due to inappropriate RAM size
    Info (276004): RAM logic "feistel_algo:encrypt3|f:key_gen[0].f_inst|S:s|S4:iS4|Ram0" is uninferred due to inappropriate RAM size
    Info (276004): RAM logic "feistel_algo:encrypt3|f:key_gen[0].f_inst|S:s|S2:iS2|Ram0" is uninferred due to inappropriate RAM size
    Info (276004): RAM logic "feistel_algo:encrypt3|f:key_gen[0].f_inst|S:s|S8:iS8|Ram0" is uninferred due to inappropriate RAM size
    Info (276004): RAM logic "feistel_algo:encrypt3|f:key_gen[0].f_inst|S:s|S6:iS6|Ram0" is uninferred due to inappropriate RAM size
    Info (276004): RAM logic "feistel_algo:encrypt3|f:key_gen[0].f_inst|S:s|S7:iS7|Ram0" is uninferred due to inappropriate RAM size
    Info (276004): RAM logic "feistel_algo:encrypt3|f:key_gen[0].f_inst|S:s|S3:iS3|Ram0" is uninferred due to inappropriate RAM size
    Info (276004): RAM logic "feistel_algo:decrypt2|f:key_gen[15].f_inst|S:s|S5:iS5|Ram0" is uninferred due to inappropriate RAM size
    Info (276004): RAM logic "feistel_algo:decrypt2|f:key_gen[15].f_inst|S:s|S1:iS1|Ram0" is uninferred due to inappropriate RAM size
    Info (276004): RAM logic "feistel_algo:decrypt2|f:key_gen[15].f_inst|S:s|S4:iS4|Ram0" is uninferred due to inappropriate RAM size
    Info (276004): RAM logic "feistel_algo:decrypt2|f:key_gen[15].f_inst|S:s|S2:iS2|Ram0" is uninferred due to inappropriate RAM size
    Info (276004): RAM logic "feistel_algo:decrypt2|f:key_gen[15].f_inst|S:s|S8:iS8|Ram0" is uninferred due to inappropriate RAM size
    Info (276004): RAM logic "feistel_algo:decrypt2|f:key_gen[15].f_inst|S:s|S6:iS6|Ram0" is uninferred due to inappropriate RAM size
    Info (276004): RAM logic "feistel_algo:decrypt2|f:key_gen[15].f_inst|S:s|S7:iS7|Ram0" is uninferred due to inappropriate RAM size
    Info (276004): RAM logic "feistel_algo:decrypt2|f:key_gen[15].f_inst|S:s|S3:iS3|Ram0" is uninferred due to inappropriate RAM size
    Info (276004): RAM logic "feistel_algo:decrypt2|f:key_gen[14].f_inst|S:s|S5:iS5|Ram0" is uninferred due to inappropriate RAM size
    Info (276004): RAM logic "feistel_algo:decrypt2|f:key_gen[14].f_inst|S:s|S1:iS1|Ram0" is uninferred due to inappropriate RAM size
    Info (276004): RAM logic "feistel_algo:decrypt2|f:key_gen[14].f_inst|S:s|S4:iS4|Ram0" is uninferred due to inappropriate RAM size
    Info (276004): RAM logic "feistel_algo:decrypt2|f:key_gen[14].f_inst|S:s|S2:iS2|Ram0" is uninferred due to inappropriate RAM size
    Info (276004): RAM logic "feistel_algo:decrypt2|f:key_gen[14].f_inst|S:s|S8:iS8|Ram0" is uninferred due to inappropriate RAM size
    Info (276004): RAM logic "feistel_algo:decrypt2|f:key_gen[14].f_inst|S:s|S6:iS6|Ram0" is uninferred due to inappropriate RAM size
    Info (276004): RAM logic "feistel_algo:decrypt2|f:key_gen[14].f_inst|S:s|S7:iS7|Ram0" is uninferred due to inappropriate RAM size
    Info (276004): RAM logic "feistel_algo:decrypt2|f:key_gen[14].f_inst|S:s|S3:iS3|Ram0" is uninferred due to inappropriate RAM size
    Info (276004): RAM logic "feistel_algo:decrypt2|f:key_gen[13].f_inst|S:s|S5:iS5|Ram0" is uninferred due to inappropriate RAM size
    Info (276004): RAM logic "feistel_algo:decrypt2|f:key_gen[13].f_inst|S:s|S1:iS1|Ram0" is uninferred due to inappropriate RAM size
    Info (276004): RAM logic "feistel_algo:decrypt2|f:key_gen[13].f_inst|S:s|S4:iS4|Ram0" is uninferred due to inappropriate RAM size
    Info (276004): RAM logic "feistel_algo:decrypt2|f:key_gen[13].f_inst|S:s|S2:iS2|Ram0" is uninferred due to inappropriate RAM size
    Info (276004): RAM logic "feistel_algo:decrypt2|f:key_gen[13].f_inst|S:s|S8:iS8|Ram0" is uninferred due to inappropriate RAM size
    Info (276004): RAM logic "feistel_algo:decrypt2|f:key_gen[13].f_inst|S:s|S6:iS6|Ram0" is uninferred due to inappropriate RAM size
    Info (276004): RAM logic "feistel_algo:decrypt2|f:key_gen[13].f_inst|S:s|S7:iS7|Ram0" is uninferred due to inappropriate RAM size
    Info (276004): RAM logic "feistel_algo:decrypt2|f:key_gen[13].f_inst|S:s|S3:iS3|Ram0" is uninferred due to inappropriate RAM size
    Info (276004): RAM logic "feistel_algo:decrypt2|f:key_gen[12].f_inst|S:s|S5:iS5|Ram0" is uninferred due to inappropriate RAM size
    Info (276004): RAM logic "feistel_algo:decrypt2|f:key_gen[12].f_inst|S:s|S1:iS1|Ram0" is uninferred due to inappropriate RAM size
    Info (276004): RAM logic "feistel_algo:decrypt2|f:key_gen[12].f_inst|S:s|S4:iS4|Ram0" is uninferred due to inappropriate RAM size
    Info (276004): RAM logic "feistel_algo:decrypt2|f:key_gen[12].f_inst|S:s|S2:iS2|Ram0" is uninferred due to inappropriate RAM size
    Info (276004): RAM logic "feistel_algo:decrypt2|f:key_gen[12].f_inst|S:s|S8:iS8|Ram0" is uninferred due to inappropriate RAM size
    Info (276004): RAM logic "feistel_algo:decrypt2|f:key_gen[12].f_inst|S:s|S6:iS6|Ram0" is uninferred due to inappropriate RAM size
    Info (276004): RAM logic "feistel_algo:decrypt2|f:key_gen[12].f_inst|S:s|S7:iS7|Ram0" is uninferred due to inappropriate RAM size
    Info (276004): RAM logic "feistel_algo:decrypt2|f:key_gen[12].f_inst|S:s|S3:iS3|Ram0" is uninferred due to inappropriate RAM size
    Info (276004): RAM logic "feistel_algo:decrypt2|f:key_gen[11].f_inst|S:s|S5:iS5|Ram0" is uninferred due to inappropriate RAM size
    Info (276004): RAM logic "feistel_algo:decrypt2|f:key_gen[11].f_inst|S:s|S1:iS1|Ram0" is uninferred due to inappropriate RAM size
    Info (276004): RAM logic "feistel_algo:decrypt2|f:key_gen[11].f_inst|S:s|S4:iS4|Ram0" is uninferred due to inappropriate RAM size
    Info (276004): RAM logic "feistel_algo:decrypt2|f:key_gen[11].f_inst|S:s|S2:iS2|Ram0" is uninferred due to inappropriate RAM size
    Info (276004): RAM logic "feistel_algo:decrypt2|f:key_gen[11].f_inst|S:s|S8:iS8|Ram0" is uninferred due to inappropriate RAM size
    Info (276004): RAM logic "feistel_algo:decrypt2|f:key_gen[11].f_inst|S:s|S6:iS6|Ram0" is uninferred due to inappropriate RAM size
    Info (276004): RAM logic "feistel_algo:decrypt2|f:key_gen[11].f_inst|S:s|S7:iS7|Ram0" is uninferred due to inappropriate RAM size
    Info (276004): RAM logic "feistel_algo:decrypt2|f:key_gen[11].f_inst|S:s|S3:iS3|Ram0" is uninferred due to inappropriate RAM size
    Info (276004): RAM logic "feistel_algo:decrypt2|f:key_gen[10].f_inst|S:s|S5:iS5|Ram0" is uninferred due to inappropriate RAM size
    Info (276004): RAM logic "feistel_algo:decrypt2|f:key_gen[10].f_inst|S:s|S1:iS1|Ram0" is uninferred due to inappropriate RAM size
    Info (276004): RAM logic "feistel_algo:decrypt2|f:key_gen[10].f_inst|S:s|S4:iS4|Ram0" is uninferred due to inappropriate RAM size
    Info (276004): RAM logic "feistel_algo:decrypt2|f:key_gen[10].f_inst|S:s|S2:iS2|Ram0" is uninferred due to inappropriate RAM size
    Info (276004): RAM logic "feistel_algo:decrypt2|f:key_gen[10].f_inst|S:s|S8:iS8|Ram0" is uninferred due to inappropriate RAM size
    Info (276004): RAM logic "feistel_algo:decrypt2|f:key_gen[10].f_inst|S:s|S6:iS6|Ram0" is uninferred due to inappropriate RAM size
    Info (276004): RAM logic "feistel_algo:decrypt2|f:key_gen[10].f_inst|S:s|S7:iS7|Ram0" is uninferred due to inappropriate RAM size
    Info (276004): RAM logic "feistel_algo:decrypt2|f:key_gen[10].f_inst|S:s|S3:iS3|Ram0" is uninferred due to inappropriate RAM size
    Info (276004): RAM logic "feistel_algo:decrypt2|f:key_gen[9].f_inst|S:s|S5:iS5|Ram0" is uninferred due to inappropriate RAM size
    Info (276004): RAM logic "feistel_algo:decrypt2|f:key_gen[9].f_inst|S:s|S1:iS1|Ram0" is uninferred due to inappropriate RAM size
    Info (276004): RAM logic "feistel_algo:decrypt2|f:key_gen[9].f_inst|S:s|S4:iS4|Ram0" is uninferred due to inappropriate RAM size
    Info (276004): RAM logic "feistel_algo:decrypt2|f:key_gen[9].f_inst|S:s|S2:iS2|Ram0" is uninferred due to inappropriate RAM size
    Info (276004): RAM logic "feistel_algo:decrypt2|f:key_gen[9].f_inst|S:s|S8:iS8|Ram0" is uninferred due to inappropriate RAM size
    Info (276004): RAM logic "feistel_algo:decrypt2|f:key_gen[9].f_inst|S:s|S6:iS6|Ram0" is uninferred due to inappropriate RAM size
    Info (276004): RAM logic "feistel_algo:decrypt2|f:key_gen[9].f_inst|S:s|S7:iS7|Ram0" is uninferred due to inappropriate RAM size
    Info (276004): RAM logic "feistel_algo:decrypt2|f:key_gen[9].f_inst|S:s|S3:iS3|Ram0" is uninferred due to inappropriate RAM size
    Info (276004): RAM logic "feistel_algo:decrypt2|f:key_gen[8].f_inst|S:s|S5:iS5|Ram0" is uninferred due to inappropriate RAM size
    Info (276004): RAM logic "feistel_algo:decrypt2|f:key_gen[8].f_inst|S:s|S1:iS1|Ram0" is uninferred due to inappropriate RAM size
    Info (276004): RAM logic "feistel_algo:decrypt2|f:key_gen[8].f_inst|S:s|S4:iS4|Ram0" is uninferred due to inappropriate RAM size
    Info (276004): RAM logic "feistel_algo:decrypt2|f:key_gen[8].f_inst|S:s|S2:iS2|Ram0" is uninferred due to inappropriate RAM size
    Info (276004): RAM logic "feistel_algo:decrypt2|f:key_gen[8].f_inst|S:s|S8:iS8|Ram0" is uninferred due to inappropriate RAM size
    Info (276004): RAM logic "feistel_algo:decrypt2|f:key_gen[8].f_inst|S:s|S6:iS6|Ram0" is uninferred due to inappropriate RAM size
    Info (276004): RAM logic "feistel_algo:decrypt2|f:key_gen[8].f_inst|S:s|S7:iS7|Ram0" is uninferred due to inappropriate RAM size
    Info (276004): RAM logic "feistel_algo:decrypt2|f:key_gen[8].f_inst|S:s|S3:iS3|Ram0" is uninferred due to inappropriate RAM size
    Info (276004): RAM logic "feistel_algo:decrypt2|f:key_gen[7].f_inst|S:s|S5:iS5|Ram0" is uninferred due to inappropriate RAM size
    Info (276004): RAM logic "feistel_algo:decrypt2|f:key_gen[7].f_inst|S:s|S1:iS1|Ram0" is uninferred due to inappropriate RAM size
    Info (276004): RAM logic "feistel_algo:decrypt2|f:key_gen[7].f_inst|S:s|S4:iS4|Ram0" is uninferred due to inappropriate RAM size
    Info (276004): RAM logic "feistel_algo:decrypt2|f:key_gen[7].f_inst|S:s|S2:iS2|Ram0" is uninferred due to inappropriate RAM size
    Info (276004): RAM logic "feistel_algo:decrypt2|f:key_gen[7].f_inst|S:s|S8:iS8|Ram0" is uninferred due to inappropriate RAM size
    Info (276004): RAM logic "feistel_algo:decrypt2|f:key_gen[7].f_inst|S:s|S6:iS6|Ram0" is uninferred due to inappropriate RAM size
    Info (276004): RAM logic "feistel_algo:decrypt2|f:key_gen[7].f_inst|S:s|S7:iS7|Ram0" is uninferred due to inappropriate RAM size
    Info (276004): RAM logic "feistel_algo:decrypt2|f:key_gen[7].f_inst|S:s|S3:iS3|Ram0" is uninferred due to inappropriate RAM size
    Info (276004): RAM logic "feistel_algo:decrypt2|f:key_gen[6].f_inst|S:s|S5:iS5|Ram0" is uninferred due to inappropriate RAM size
    Info (276004): RAM logic "feistel_algo:decrypt2|f:key_gen[6].f_inst|S:s|S1:iS1|Ram0" is uninferred due to inappropriate RAM size
    Info (276004): RAM logic "feistel_algo:decrypt2|f:key_gen[6].f_inst|S:s|S4:iS4|Ram0" is uninferred due to inappropriate RAM size
    Info (276004): RAM logic "feistel_algo:decrypt2|f:key_gen[6].f_inst|S:s|S2:iS2|Ram0" is uninferred due to inappropriate RAM size
    Info (276004): RAM logic "feistel_algo:decrypt2|f:key_gen[6].f_inst|S:s|S8:iS8|Ram0" is uninferred due to inappropriate RAM size
    Info (276004): RAM logic "feistel_algo:decrypt2|f:key_gen[6].f_inst|S:s|S6:iS6|Ram0" is uninferred due to inappropriate RAM size
    Info (276004): RAM logic "feistel_algo:decrypt2|f:key_gen[6].f_inst|S:s|S7:iS7|Ram0" is uninferred due to inappropriate RAM size
    Info (276004): RAM logic "feistel_algo:decrypt2|f:key_gen[6].f_inst|S:s|S3:iS3|Ram0" is uninferred due to inappropriate RAM size
    Info (276004): RAM logic "feistel_algo:decrypt2|f:key_gen[5].f_inst|S:s|S5:iS5|Ram0" is uninferred due to inappropriate RAM size
    Info (276004): RAM logic "feistel_algo:decrypt2|f:key_gen[5].f_inst|S:s|S1:iS1|Ram0" is uninferred due to inappropriate RAM size
    Info (276004): RAM logic "feistel_algo:decrypt2|f:key_gen[5].f_inst|S:s|S4:iS4|Ram0" is uninferred due to inappropriate RAM size
    Info (276004): RAM logic "feistel_algo:decrypt2|f:key_gen[5].f_inst|S:s|S2:iS2|Ram0" is uninferred due to inappropriate RAM size
    Info (276004): RAM logic "feistel_algo:decrypt2|f:key_gen[5].f_inst|S:s|S8:iS8|Ram0" is uninferred due to inappropriate RAM size
    Info (276004): RAM logic "feistel_algo:decrypt2|f:key_gen[5].f_inst|S:s|S6:iS6|Ram0" is uninferred due to inappropriate RAM size
    Info (276004): RAM logic "feistel_algo:decrypt2|f:key_gen[5].f_inst|S:s|S7:iS7|Ram0" is uninferred due to inappropriate RAM size
    Info (276004): RAM logic "feistel_algo:decrypt2|f:key_gen[5].f_inst|S:s|S3:iS3|Ram0" is uninferred due to inappropriate RAM size
    Info (276004): RAM logic "feistel_algo:decrypt2|f:key_gen[4].f_inst|S:s|S5:iS5|Ram0" is uninferred due to inappropriate RAM size
    Info (276004): RAM logic "feistel_algo:decrypt2|f:key_gen[4].f_inst|S:s|S1:iS1|Ram0" is uninferred due to inappropriate RAM size
    Info (276004): RAM logic "feistel_algo:decrypt2|f:key_gen[4].f_inst|S:s|S4:iS4|Ram0" is uninferred due to inappropriate RAM size
    Info (276004): RAM logic "feistel_algo:decrypt2|f:key_gen[4].f_inst|S:s|S2:iS2|Ram0" is uninferred due to inappropriate RAM size
    Info (276004): RAM logic "feistel_algo:decrypt2|f:key_gen[4].f_inst|S:s|S8:iS8|Ram0" is uninferred due to inappropriate RAM size
    Info (276004): RAM logic "feistel_algo:decrypt2|f:key_gen[4].f_inst|S:s|S6:iS6|Ram0" is uninferred due to inappropriate RAM size
    Info (276004): RAM logic "feistel_algo:decrypt2|f:key_gen[4].f_inst|S:s|S7:iS7|Ram0" is uninferred due to inappropriate RAM size
    Info (276004): RAM logic "feistel_algo:decrypt2|f:key_gen[4].f_inst|S:s|S3:iS3|Ram0" is uninferred due to inappropriate RAM size
    Info (276004): RAM logic "feistel_algo:decrypt2|f:key_gen[3].f_inst|S:s|S5:iS5|Ram0" is uninferred due to inappropriate RAM size
    Info (276004): RAM logic "feistel_algo:decrypt2|f:key_gen[3].f_inst|S:s|S1:iS1|Ram0" is uninferred due to inappropriate RAM size
    Info (276004): RAM logic "feistel_algo:decrypt2|f:key_gen[3].f_inst|S:s|S4:iS4|Ram0" is uninferred due to inappropriate RAM size
    Info (276004): RAM logic "feistel_algo:decrypt2|f:key_gen[3].f_inst|S:s|S2:iS2|Ram0" is uninferred due to inappropriate RAM size
    Info (276004): RAM logic "feistel_algo:decrypt2|f:key_gen[3].f_inst|S:s|S8:iS8|Ram0" is uninferred due to inappropriate RAM size
    Info (276004): RAM logic "feistel_algo:decrypt2|f:key_gen[3].f_inst|S:s|S6:iS6|Ram0" is uninferred due to inappropriate RAM size
    Info (276004): RAM logic "feistel_algo:decrypt2|f:key_gen[3].f_inst|S:s|S7:iS7|Ram0" is uninferred due to inappropriate RAM size
    Info (276004): RAM logic "feistel_algo:decrypt2|f:key_gen[3].f_inst|S:s|S3:iS3|Ram0" is uninferred due to inappropriate RAM size
    Info (276004): RAM logic "feistel_algo:decrypt2|f:key_gen[2].f_inst|S:s|S5:iS5|Ram0" is uninferred due to inappropriate RAM size
    Info (276004): RAM logic "feistel_algo:decrypt2|f:key_gen[2].f_inst|S:s|S1:iS1|Ram0" is uninferred due to inappropriate RAM size
    Info (276004): RAM logic "feistel_algo:decrypt2|f:key_gen[2].f_inst|S:s|S4:iS4|Ram0" is uninferred due to inappropriate RAM size
    Info (276004): RAM logic "feistel_algo:decrypt2|f:key_gen[2].f_inst|S:s|S2:iS2|Ram0" is uninferred due to inappropriate RAM size
    Info (276004): RAM logic "feistel_algo:decrypt2|f:key_gen[2].f_inst|S:s|S8:iS8|Ram0" is uninferred due to inappropriate RAM size
    Info (276004): RAM logic "feistel_algo:decrypt2|f:key_gen[2].f_inst|S:s|S6:iS6|Ram0" is uninferred due to inappropriate RAM size
    Info (276004): RAM logic "feistel_algo:decrypt2|f:key_gen[2].f_inst|S:s|S7:iS7|Ram0" is uninferred due to inappropriate RAM size
    Info (276004): RAM logic "feistel_algo:decrypt2|f:key_gen[2].f_inst|S:s|S3:iS3|Ram0" is uninferred due to inappropriate RAM size
    Info (276004): RAM logic "feistel_algo:decrypt2|f:key_gen[1].f_inst|S:s|S5:iS5|Ram0" is uninferred due to inappropriate RAM size
    Info (276004): RAM logic "feistel_algo:decrypt2|f:key_gen[1].f_inst|S:s|S1:iS1|Ram0" is uninferred due to inappropriate RAM size
    Info (276004): RAM logic "feistel_algo:decrypt2|f:key_gen[1].f_inst|S:s|S4:iS4|Ram0" is uninferred due to inappropriate RAM size
    Info (276004): RAM logic "feistel_algo:decrypt2|f:key_gen[1].f_inst|S:s|S2:iS2|Ram0" is uninferred due to inappropriate RAM size
    Info (276004): RAM logic "feistel_algo:decrypt2|f:key_gen[1].f_inst|S:s|S8:iS8|Ram0" is uninferred due to inappropriate RAM size
    Info (276004): RAM logic "feistel_algo:decrypt2|f:key_gen[1].f_inst|S:s|S6:iS6|Ram0" is uninferred due to inappropriate RAM size
    Info (276004): RAM logic "feistel_algo:decrypt2|f:key_gen[1].f_inst|S:s|S7:iS7|Ram0" is uninferred due to inappropriate RAM size
    Info (276004): RAM logic "feistel_algo:decrypt2|f:key_gen[1].f_inst|S:s|S3:iS3|Ram0" is uninferred due to inappropriate RAM size
    Info (276004): RAM logic "feistel_algo:decrypt2|f:key_gen[0].f_inst|S:s|S5:iS5|Ram0" is uninferred due to inappropriate RAM size
    Info (276004): RAM logic "feistel_algo:decrypt2|f:key_gen[0].f_inst|S:s|S1:iS1|Ram0" is uninferred due to inappropriate RAM size
    Info (276004): RAM logic "feistel_algo:decrypt2|f:key_gen[0].f_inst|S:s|S4:iS4|Ram0" is uninferred due to inappropriate RAM size
    Info (276004): RAM logic "feistel_algo:decrypt2|f:key_gen[0].f_inst|S:s|S2:iS2|Ram0" is uninferred due to inappropriate RAM size
    Info (276004): RAM logic "feistel_algo:decrypt2|f:key_gen[0].f_inst|S:s|S8:iS8|Ram0" is uninferred due to inappropriate RAM size
    Info (276004): RAM logic "feistel_algo:decrypt2|f:key_gen[0].f_inst|S:s|S6:iS6|Ram0" is uninferred due to inappropriate RAM size
    Info (276004): RAM logic "feistel_algo:decrypt2|f:key_gen[0].f_inst|S:s|S7:iS7|Ram0" is uninferred due to inappropriate RAM size
    Info (276004): RAM logic "feistel_algo:decrypt2|f:key_gen[0].f_inst|S:s|S3:iS3|Ram0" is uninferred due to inappropriate RAM size
    Info (276004): RAM logic "feistel_algo:encrypt1|f:key_gen[15].f_inst|S:s|S5:iS5|Ram0" is uninferred due to inappropriate RAM size
    Info (276004): RAM logic "feistel_algo:encrypt1|f:key_gen[15].f_inst|S:s|S1:iS1|Ram0" is uninferred due to inappropriate RAM size
    Info (276004): RAM logic "feistel_algo:encrypt1|f:key_gen[15].f_inst|S:s|S4:iS4|Ram0" is uninferred due to inappropriate RAM size
    Info (276004): RAM logic "feistel_algo:encrypt1|f:key_gen[15].f_inst|S:s|S2:iS2|Ram0" is uninferred due to inappropriate RAM size
    Info (276004): RAM logic "feistel_algo:encrypt1|f:key_gen[15].f_inst|S:s|S8:iS8|Ram0" is uninferred due to inappropriate RAM size
    Info (276004): RAM logic "feistel_algo:encrypt1|f:key_gen[15].f_inst|S:s|S6:iS6|Ram0" is uninferred due to inappropriate RAM size
    Info (276004): RAM logic "feistel_algo:encrypt1|f:key_gen[15].f_inst|S:s|S7:iS7|Ram0" is uninferred due to inappropriate RAM size
    Info (276004): RAM logic "feistel_algo:encrypt1|f:key_gen[15].f_inst|S:s|S3:iS3|Ram0" is uninferred due to inappropriate RAM size
    Info (276004): RAM logic "feistel_algo:encrypt1|f:key_gen[14].f_inst|S:s|S5:iS5|Ram0" is uninferred due to inappropriate RAM size
    Info (276004): RAM logic "feistel_algo:encrypt1|f:key_gen[14].f_inst|S:s|S1:iS1|Ram0" is uninferred due to inappropriate RAM size
    Info (276004): RAM logic "feistel_algo:encrypt1|f:key_gen[14].f_inst|S:s|S4:iS4|Ram0" is uninferred due to inappropriate RAM size
    Info (276004): RAM logic "feistel_algo:encrypt1|f:key_gen[14].f_inst|S:s|S2:iS2|Ram0" is uninferred due to inappropriate RAM size
    Info (276004): RAM logic "feistel_algo:encrypt1|f:key_gen[14].f_inst|S:s|S8:iS8|Ram0" is uninferred due to inappropriate RAM size
    Info (276004): RAM logic "feistel_algo:encrypt1|f:key_gen[14].f_inst|S:s|S6:iS6|Ram0" is uninferred due to inappropriate RAM size
    Info (276004): RAM logic "feistel_algo:encrypt1|f:key_gen[14].f_inst|S:s|S7:iS7|Ram0" is uninferred due to inappropriate RAM size
    Info (276004): RAM logic "feistel_algo:encrypt1|f:key_gen[14].f_inst|S:s|S3:iS3|Ram0" is uninferred due to inappropriate RAM size
    Info (276004): RAM logic "feistel_algo:encrypt1|f:key_gen[13].f_inst|S:s|S5:iS5|Ram0" is uninferred due to inappropriate RAM size
    Info (276004): RAM logic "feistel_algo:encrypt1|f:key_gen[13].f_inst|S:s|S1:iS1|Ram0" is uninferred due to inappropriate RAM size
    Info (276004): RAM logic "feistel_algo:encrypt1|f:key_gen[13].f_inst|S:s|S4:iS4|Ram0" is uninferred due to inappropriate RAM size
    Info (276004): RAM logic "feistel_algo:encrypt1|f:key_gen[13].f_inst|S:s|S2:iS2|Ram0" is uninferred due to inappropriate RAM size
    Info (276004): RAM logic "feistel_algo:encrypt1|f:key_gen[13].f_inst|S:s|S8:iS8|Ram0" is uninferred due to inappropriate RAM size
    Info (276004): RAM logic "feistel_algo:encrypt1|f:key_gen[13].f_inst|S:s|S6:iS6|Ram0" is uninferred due to inappropriate RAM size
    Info (276004): RAM logic "feistel_algo:encrypt1|f:key_gen[13].f_inst|S:s|S7:iS7|Ram0" is uninferred due to inappropriate RAM size
    Info (276004): RAM logic "feistel_algo:encrypt1|f:key_gen[13].f_inst|S:s|S3:iS3|Ram0" is uninferred due to inappropriate RAM size
    Info (276004): RAM logic "feistel_algo:encrypt1|f:key_gen[12].f_inst|S:s|S5:iS5|Ram0" is uninferred due to inappropriate RAM size
    Info (276004): RAM logic "feistel_algo:encrypt1|f:key_gen[12].f_inst|S:s|S1:iS1|Ram0" is uninferred due to inappropriate RAM size
    Info (276004): RAM logic "feistel_algo:encrypt1|f:key_gen[12].f_inst|S:s|S4:iS4|Ram0" is uninferred due to inappropriate RAM size
    Info (276004): RAM logic "feistel_algo:encrypt1|f:key_gen[12].f_inst|S:s|S2:iS2|Ram0" is uninferred due to inappropriate RAM size
    Info (276004): RAM logic "feistel_algo:encrypt1|f:key_gen[12].f_inst|S:s|S8:iS8|Ram0" is uninferred due to inappropriate RAM size
    Info (276004): RAM logic "feistel_algo:encrypt1|f:key_gen[12].f_inst|S:s|S6:iS6|Ram0" is uninferred due to inappropriate RAM size
    Info (276004): RAM logic "feistel_algo:encrypt1|f:key_gen[12].f_inst|S:s|S7:iS7|Ram0" is uninferred due to inappropriate RAM size
    Info (276004): RAM logic "feistel_algo:encrypt1|f:key_gen[12].f_inst|S:s|S3:iS3|Ram0" is uninferred due to inappropriate RAM size
    Info (276004): RAM logic "feistel_algo:encrypt1|f:key_gen[11].f_inst|S:s|S5:iS5|Ram0" is uninferred due to inappropriate RAM size
    Info (276004): RAM logic "feistel_algo:encrypt1|f:key_gen[11].f_inst|S:s|S1:iS1|Ram0" is uninferred due to inappropriate RAM size
    Info (276004): RAM logic "feistel_algo:encrypt1|f:key_gen[11].f_inst|S:s|S4:iS4|Ram0" is uninferred due to inappropriate RAM size
    Info (276004): RAM logic "feistel_algo:encrypt1|f:key_gen[11].f_inst|S:s|S2:iS2|Ram0" is uninferred due to inappropriate RAM size
    Info (276004): RAM logic "feistel_algo:encrypt1|f:key_gen[11].f_inst|S:s|S8:iS8|Ram0" is uninferred due to inappropriate RAM size
    Info (276004): RAM logic "feistel_algo:encrypt1|f:key_gen[11].f_inst|S:s|S6:iS6|Ram0" is uninferred due to inappropriate RAM size
    Info (276004): RAM logic "feistel_algo:encrypt1|f:key_gen[11].f_inst|S:s|S7:iS7|Ram0" is uninferred due to inappropriate RAM size
    Info (276004): RAM logic "feistel_algo:encrypt1|f:key_gen[11].f_inst|S:s|S3:iS3|Ram0" is uninferred due to inappropriate RAM size
    Info (276004): RAM logic "feistel_algo:encrypt1|f:key_gen[10].f_inst|S:s|S5:iS5|Ram0" is uninferred due to inappropriate RAM size
    Info (276004): RAM logic "feistel_algo:encrypt1|f:key_gen[10].f_inst|S:s|S1:iS1|Ram0" is uninferred due to inappropriate RAM size
    Info (276004): RAM logic "feistel_algo:encrypt1|f:key_gen[10].f_inst|S:s|S4:iS4|Ram0" is uninferred due to inappropriate RAM size
    Info (276004): RAM logic "feistel_algo:encrypt1|f:key_gen[10].f_inst|S:s|S2:iS2|Ram0" is uninferred due to inappropriate RAM size
    Info (276004): RAM logic "feistel_algo:encrypt1|f:key_gen[10].f_inst|S:s|S8:iS8|Ram0" is uninferred due to inappropriate RAM size
    Info (276004): RAM logic "feistel_algo:encrypt1|f:key_gen[10].f_inst|S:s|S6:iS6|Ram0" is uninferred due to inappropriate RAM size
    Info (276004): RAM logic "feistel_algo:encrypt1|f:key_gen[10].f_inst|S:s|S7:iS7|Ram0" is uninferred due to inappropriate RAM size
    Info (276004): RAM logic "feistel_algo:encrypt1|f:key_gen[10].f_inst|S:s|S3:iS3|Ram0" is uninferred due to inappropriate RAM size
    Info (276004): RAM logic "feistel_algo:encrypt1|f:key_gen[9].f_inst|S:s|S5:iS5|Ram0" is uninferred due to inappropriate RAM size
    Info (276004): RAM logic "feistel_algo:encrypt1|f:key_gen[9].f_inst|S:s|S1:iS1|Ram0" is uninferred due to inappropriate RAM size
    Info (276004): RAM logic "feistel_algo:encrypt1|f:key_gen[9].f_inst|S:s|S4:iS4|Ram0" is uninferred due to inappropriate RAM size
    Info (276004): RAM logic "feistel_algo:encrypt1|f:key_gen[9].f_inst|S:s|S2:iS2|Ram0" is uninferred due to inappropriate RAM size
    Info (276004): RAM logic "feistel_algo:encrypt1|f:key_gen[9].f_inst|S:s|S8:iS8|Ram0" is uninferred due to inappropriate RAM size
    Info (276004): RAM logic "feistel_algo:encrypt1|f:key_gen[9].f_inst|S:s|S6:iS6|Ram0" is uninferred due to inappropriate RAM size
    Info (276004): RAM logic "feistel_algo:encrypt1|f:key_gen[9].f_inst|S:s|S7:iS7|Ram0" is uninferred due to inappropriate RAM size
    Info (276004): RAM logic "feistel_algo:encrypt1|f:key_gen[9].f_inst|S:s|S3:iS3|Ram0" is uninferred due to inappropriate RAM size
    Info (276004): RAM logic "feistel_algo:encrypt1|f:key_gen[8].f_inst|S:s|S5:iS5|Ram0" is uninferred due to inappropriate RAM size
    Info (276004): RAM logic "feistel_algo:encrypt1|f:key_gen[8].f_inst|S:s|S1:iS1|Ram0" is uninferred due to inappropriate RAM size
    Info (276004): RAM logic "feistel_algo:encrypt1|f:key_gen[8].f_inst|S:s|S4:iS4|Ram0" is uninferred due to inappropriate RAM size
    Info (276004): RAM logic "feistel_algo:encrypt1|f:key_gen[8].f_inst|S:s|S2:iS2|Ram0" is uninferred due to inappropriate RAM size
    Info (276004): RAM logic "feistel_algo:encrypt1|f:key_gen[8].f_inst|S:s|S8:iS8|Ram0" is uninferred due to inappropriate RAM size
    Info (276004): RAM logic "feistel_algo:encrypt1|f:key_gen[8].f_inst|S:s|S6:iS6|Ram0" is uninferred due to inappropriate RAM size
    Info (276004): RAM logic "feistel_algo:encrypt1|f:key_gen[8].f_inst|S:s|S7:iS7|Ram0" is uninferred due to inappropriate RAM size
    Info (276004): RAM logic "feistel_algo:encrypt1|f:key_gen[8].f_inst|S:s|S3:iS3|Ram0" is uninferred due to inappropriate RAM size
    Info (276004): RAM logic "feistel_algo:encrypt1|f:key_gen[7].f_inst|S:s|S5:iS5|Ram0" is uninferred due to inappropriate RAM size
    Info (276004): RAM logic "feistel_algo:encrypt1|f:key_gen[7].f_inst|S:s|S1:iS1|Ram0" is uninferred due to inappropriate RAM size
    Info (276004): RAM logic "feistel_algo:encrypt1|f:key_gen[7].f_inst|S:s|S4:iS4|Ram0" is uninferred due to inappropriate RAM size
    Info (276004): RAM logic "feistel_algo:encrypt1|f:key_gen[7].f_inst|S:s|S2:iS2|Ram0" is uninferred due to inappropriate RAM size
    Info (276004): RAM logic "feistel_algo:encrypt1|f:key_gen[7].f_inst|S:s|S8:iS8|Ram0" is uninferred due to inappropriate RAM size
    Info (276004): RAM logic "feistel_algo:encrypt1|f:key_gen[7].f_inst|S:s|S6:iS6|Ram0" is uninferred due to inappropriate RAM size
    Info (276004): RAM logic "feistel_algo:encrypt1|f:key_gen[7].f_inst|S:s|S7:iS7|Ram0" is uninferred due to inappropriate RAM size
    Info (276004): RAM logic "feistel_algo:encrypt1|f:key_gen[7].f_inst|S:s|S3:iS3|Ram0" is uninferred due to inappropriate RAM size
    Info (276004): RAM logic "feistel_algo:encrypt1|f:key_gen[6].f_inst|S:s|S5:iS5|Ram0" is uninferred due to inappropriate RAM size
    Info (276004): RAM logic "feistel_algo:encrypt1|f:key_gen[6].f_inst|S:s|S1:iS1|Ram0" is uninferred due to inappropriate RAM size
    Info (276004): RAM logic "feistel_algo:encrypt1|f:key_gen[6].f_inst|S:s|S4:iS4|Ram0" is uninferred due to inappropriate RAM size
    Info (276004): RAM logic "feistel_algo:encrypt1|f:key_gen[6].f_inst|S:s|S2:iS2|Ram0" is uninferred due to inappropriate RAM size
    Info (276004): RAM logic "feistel_algo:encrypt1|f:key_gen[6].f_inst|S:s|S8:iS8|Ram0" is uninferred due to inappropriate RAM size
    Info (276004): RAM logic "feistel_algo:encrypt1|f:key_gen[6].f_inst|S:s|S6:iS6|Ram0" is uninferred due to inappropriate RAM size
    Info (276004): RAM logic "feistel_algo:encrypt1|f:key_gen[6].f_inst|S:s|S7:iS7|Ram0" is uninferred due to inappropriate RAM size
    Info (276004): RAM logic "feistel_algo:encrypt1|f:key_gen[6].f_inst|S:s|S3:iS3|Ram0" is uninferred due to inappropriate RAM size
    Info (276004): RAM logic "feistel_algo:encrypt1|f:key_gen[5].f_inst|S:s|S5:iS5|Ram0" is uninferred due to inappropriate RAM size
    Info (276004): RAM logic "feistel_algo:encrypt1|f:key_gen[5].f_inst|S:s|S1:iS1|Ram0" is uninferred due to inappropriate RAM size
    Info (276004): RAM logic "feistel_algo:encrypt1|f:key_gen[5].f_inst|S:s|S4:iS4|Ram0" is uninferred due to inappropriate RAM size
    Info (276004): RAM logic "feistel_algo:encrypt1|f:key_gen[5].f_inst|S:s|S2:iS2|Ram0" is uninferred due to inappropriate RAM size
    Info (276004): RAM logic "feistel_algo:encrypt1|f:key_gen[5].f_inst|S:s|S8:iS8|Ram0" is uninferred due to inappropriate RAM size
    Info (276004): RAM logic "feistel_algo:encrypt1|f:key_gen[5].f_inst|S:s|S6:iS6|Ram0" is uninferred due to inappropriate RAM size
    Info (276004): RAM logic "feistel_algo:encrypt1|f:key_gen[5].f_inst|S:s|S7:iS7|Ram0" is uninferred due to inappropriate RAM size
    Info (276004): RAM logic "feistel_algo:encrypt1|f:key_gen[5].f_inst|S:s|S3:iS3|Ram0" is uninferred due to inappropriate RAM size
    Info (276004): RAM logic "feistel_algo:encrypt1|f:key_gen[4].f_inst|S:s|S5:iS5|Ram0" is uninferred due to inappropriate RAM size
    Info (276004): RAM logic "feistel_algo:encrypt1|f:key_gen[4].f_inst|S:s|S1:iS1|Ram0" is uninferred due to inappropriate RAM size
    Info (276004): RAM logic "feistel_algo:encrypt1|f:key_gen[4].f_inst|S:s|S4:iS4|Ram0" is uninferred due to inappropriate RAM size
    Info (276004): RAM logic "feistel_algo:encrypt1|f:key_gen[4].f_inst|S:s|S2:iS2|Ram0" is uninferred due to inappropriate RAM size
    Info (276004): RAM logic "feistel_algo:encrypt1|f:key_gen[4].f_inst|S:s|S8:iS8|Ram0" is uninferred due to inappropriate RAM size
    Info (276004): RAM logic "feistel_algo:encrypt1|f:key_gen[4].f_inst|S:s|S6:iS6|Ram0" is uninferred due to inappropriate RAM size
    Info (276004): RAM logic "feistel_algo:encrypt1|f:key_gen[4].f_inst|S:s|S7:iS7|Ram0" is uninferred due to inappropriate RAM size
    Info (276004): RAM logic "feistel_algo:encrypt1|f:key_gen[4].f_inst|S:s|S3:iS3|Ram0" is uninferred due to inappropriate RAM size
    Info (276004): RAM logic "feistel_algo:encrypt1|f:key_gen[3].f_inst|S:s|S5:iS5|Ram0" is uninferred due to inappropriate RAM size
    Info (276004): RAM logic "feistel_algo:encrypt1|f:key_gen[3].f_inst|S:s|S1:iS1|Ram0" is uninferred due to inappropriate RAM size
    Info (276004): RAM logic "feistel_algo:encrypt1|f:key_gen[3].f_inst|S:s|S4:iS4|Ram0" is uninferred due to inappropriate RAM size
    Info (276004): RAM logic "feistel_algo:encrypt1|f:key_gen[3].f_inst|S:s|S2:iS2|Ram0" is uninferred due to inappropriate RAM size
    Info (276004): RAM logic "feistel_algo:encrypt1|f:key_gen[3].f_inst|S:s|S8:iS8|Ram0" is uninferred due to inappropriate RAM size
    Info (276004): RAM logic "feistel_algo:encrypt1|f:key_gen[3].f_inst|S:s|S6:iS6|Ram0" is uninferred due to inappropriate RAM size
    Info (276004): RAM logic "feistel_algo:encrypt1|f:key_gen[3].f_inst|S:s|S7:iS7|Ram0" is uninferred due to inappropriate RAM size
    Info (276004): RAM logic "feistel_algo:encrypt1|f:key_gen[3].f_inst|S:s|S3:iS3|Ram0" is uninferred due to inappropriate RAM size
    Info (276004): RAM logic "feistel_algo:encrypt1|f:key_gen[2].f_inst|S:s|S5:iS5|Ram0" is uninferred due to inappropriate RAM size
    Info (276004): RAM logic "feistel_algo:encrypt1|f:key_gen[2].f_inst|S:s|S1:iS1|Ram0" is uninferred due to inappropriate RAM size
    Info (276004): RAM logic "feistel_algo:encrypt1|f:key_gen[2].f_inst|S:s|S4:iS4|Ram0" is uninferred due to inappropriate RAM size
    Info (276004): RAM logic "feistel_algo:encrypt1|f:key_gen[2].f_inst|S:s|S2:iS2|Ram0" is uninferred due to inappropriate RAM size
    Info (276004): RAM logic "feistel_algo:encrypt1|f:key_gen[2].f_inst|S:s|S8:iS8|Ram0" is uninferred due to inappropriate RAM size
    Info (276004): RAM logic "feistel_algo:encrypt1|f:key_gen[2].f_inst|S:s|S6:iS6|Ram0" is uninferred due to inappropriate RAM size
    Info (276004): RAM logic "feistel_algo:encrypt1|f:key_gen[2].f_inst|S:s|S7:iS7|Ram0" is uninferred due to inappropriate RAM size
    Info (276004): RAM logic "feistel_algo:encrypt1|f:key_gen[2].f_inst|S:s|S3:iS3|Ram0" is uninferred due to inappropriate RAM size
    Info (276004): RAM logic "feistel_algo:encrypt1|f:key_gen[1].f_inst|S:s|S5:iS5|Ram0" is uninferred due to inappropriate RAM size
    Info (276004): RAM logic "feistel_algo:encrypt1|f:key_gen[1].f_inst|S:s|S1:iS1|Ram0" is uninferred due to inappropriate RAM size
    Info (276004): RAM logic "feistel_algo:encrypt1|f:key_gen[1].f_inst|S:s|S4:iS4|Ram0" is uninferred due to inappropriate RAM size
    Info (276004): RAM logic "feistel_algo:encrypt1|f:key_gen[1].f_inst|S:s|S2:iS2|Ram0" is uninferred due to inappropriate RAM size
    Info (276004): RAM logic "feistel_algo:encrypt1|f:key_gen[1].f_inst|S:s|S8:iS8|Ram0" is uninferred due to inappropriate RAM size
    Info (276004): RAM logic "feistel_algo:encrypt1|f:key_gen[1].f_inst|S:s|S6:iS6|Ram0" is uninferred due to inappropriate RAM size
    Info (276004): RAM logic "feistel_algo:encrypt1|f:key_gen[1].f_inst|S:s|S7:iS7|Ram0" is uninferred due to inappropriate RAM size
    Info (276004): RAM logic "feistel_algo:encrypt1|f:key_gen[1].f_inst|S:s|S3:iS3|Ram0" is uninferred due to inappropriate RAM size
    Info (276004): RAM logic "feistel_algo:encrypt1|f:key_gen[0].f_inst|S:s|S5:iS5|Ram0" is uninferred due to inappropriate RAM size
    Info (276004): RAM logic "feistel_algo:encrypt1|f:key_gen[0].f_inst|S:s|S1:iS1|Ram0" is uninferred due to inappropriate RAM size
    Info (276004): RAM logic "feistel_algo:encrypt1|f:key_gen[0].f_inst|S:s|S4:iS4|Ram0" is uninferred due to inappropriate RAM size
    Info (276004): RAM logic "feistel_algo:encrypt1|f:key_gen[0].f_inst|S:s|S2:iS2|Ram0" is uninferred due to inappropriate RAM size
    Info (276004): RAM logic "feistel_algo:encrypt1|f:key_gen[0].f_inst|S:s|S8:iS8|Ram0" is uninferred due to inappropriate RAM size
    Info (276004): RAM logic "feistel_algo:encrypt1|f:key_gen[0].f_inst|S:s|S6:iS6|Ram0" is uninferred due to inappropriate RAM size
    Info (276004): RAM logic "feistel_algo:encrypt1|f:key_gen[0].f_inst|S:s|S7:iS7|Ram0" is uninferred due to inappropriate RAM size
    Info (276004): RAM logic "feistel_algo:encrypt1|f:key_gen[0].f_inst|S:s|S3:iS3|Ram0" is uninferred due to inappropriate RAM size
Info (19000): Inferred 1 megafunctions from design logic
    Info (276034): Inferred altshift_taps megafunction from the following design logic: "feistel_algo:decrypt2|L16_rtl_0"
        Info (286033): Parameter NUMBER_OF_TAPS set to 1
        Info (286033): Parameter TAP_DISTANCE set to 3
        Info (286033): Parameter WIDTH set to 128
Info (12130): Elaborated megafunction instantiation "feistel_algo:decrypt2|altshift_taps:L16_rtl_0"
Info (12133): Instantiated megafunction "feistel_algo:decrypt2|altshift_taps:L16_rtl_0" with the following parameter:
    Info (12134): Parameter "NUMBER_OF_TAPS" = "1"
    Info (12134): Parameter "TAP_DISTANCE" = "3"
    Info (12134): Parameter "WIDTH" = "128"
Info (12021): Found 1 design units, including 1 entities, in source file db/shift_taps_ghm.tdf
    Info (12023): Found entity 1: shift_taps_ghm
Info (12021): Found 1 design units, including 1 entities, in source file db/altsyncram_n761.tdf
    Info (12023): Found entity 1: altsyncram_n761
Info (12021): Found 1 design units, including 1 entities, in source file db/add_sub_gvd.tdf
    Info (12023): Found entity 1: add_sub_gvd
Info (12021): Found 1 design units, including 1 entities, in source file db/cntr_kkf.tdf
    Info (12023): Found entity 1: cntr_kkf
Info (12021): Found 1 design units, including 1 entities, in source file db/cmpr_6cc.tdf
    Info (12023): Found entity 1: cmpr_6cc
Info (12021): Found 1 design units, including 1 entities, in source file db/cntr_74h.tdf
    Info (12023): Found entity 1: cntr_74h
Info (13000): Registers with preset signals will power-up high
Info (13003): DEV_CLRn pin will set, and not reset, register with preset signal due to NOT Gate Push-Back
Info (16010): Generating hard_block partition "hard_block:auto_generated_inst"
    Info (16011): Adding 0 node(s), including 0 DDIO, 0 PLL, 0 transceiver and 0 LCELL
Warning (21074): Design contains 24 input pin(s) that do not drive logic
    Warning (15610): No output dependent on input pin "key1[0]"
    Warning (15610): No output dependent on input pin "key1[8]"
    Warning (15610): No output dependent on input pin "key1[16]"
    Warning (15610): No output dependent on input pin "key1[24]"
    Warning (15610): No output dependent on input pin "key1[32]"
    Warning (15610): No output dependent on input pin "key1[40]"
    Warning (15610): No output dependent on input pin "key1[48]"
    Warning (15610): No output dependent on input pin "key1[56]"
    Warning (15610): No output dependent on input pin "key2[0]"
    Warning (15610): No output dependent on input pin "key2[8]"
    Warning (15610): No output dependent on input pin "key2[16]"
    Warning (15610): No output dependent on input pin "key2[24]"
    Warning (15610): No output dependent on input pin "key2[32]"
    Warning (15610): No output dependent on input pin "key2[40]"
    Warning (15610): No output dependent on input pin "key2[48]"
    Warning (15610): No output dependent on input pin "key2[56]"
    Warning (15610): No output dependent on input pin "key3[0]"
    Warning (15610): No output dependent on input pin "key3[8]"
    Warning (15610): No output dependent on input pin "key3[16]"
    Warning (15610): No output dependent on input pin "key3[24]"
    Warning (15610): No output dependent on input pin "key3[32]"
    Warning (15610): No output dependent on input pin "key3[40]"
    Warning (15610): No output dependent on input pin "key3[48]"
    Warning (15610): No output dependent on input pin "key3[56]"
Info (21057): Implemented 13600 device resources after synthesis - the final resource count might be different
    Info (21058): Implemented 259 input pins
    Info (21059): Implemented 65 output pins
    Info (21061): Implemented 13148 logic cells
    Info (21064): Implemented 128 RAM segments
Info: Quartus II 64-Bit Analysis & Synthesis was successful. 0 errors, 26 warnings
    Info: Peak virtual memory: 4661 megabytes
    Info: Processing ended: Sun Apr 12 13:59:10 2026
    Info: Elapsed time: 00:02:01
    Info: Total CPU time (on all processors): 00:01:59


