Fitter report for 3DES
Sun Apr 12 14:00:09 2026
Quartus II 64-Bit Version 13.0.1 Build 232 06/12/2013 Service Pack 1 SJ Web Edition


---------------------
; Table of Contents ;
---------------------
  1. Legal Notice
  2. Fitter Summary
  3. Fitter Settings
  4. Parallel Compilation
  5. Incremental Compilation Preservation Summary
  6. Incremental Compilation Partition Settings
  7. Incremental Compilation Placement Preservation
  8. Pin-Out File
  9. Fitter Resource Usage Summary
 10. Fitter Partition Statistics
 11. Input Pins
 12. Output Pins
 13. I/O Bank Usage
 14. All Package Pins
 15. Output Pin Default Load For Reported TCO
 16. Fitter Resource Utilization by Entity
 17. Delay Chain Summary
 18. Pad To Core Delay Chain Fanout
 19. Control Signals
 20. Global & Other Fast Signals
 21. Non-Global High Fan-Out Signals
 22. Fitter RAM Summary
 23. Other Routing Usage Summary
 24. LAB Logic Elements
 25. LAB-wide Signals
 26. LAB Signals Sourced
 27. LAB Signals Sourced Out
 28. LAB Distinct Inputs
 29. Fitter Device Options
 30. Operating Settings and Conditions
 31. Fitter Messages
 32. Fitter Suppressed Messages



----------------
; Legal Notice ;
----------------
Copyright (C) 1991-2013 Altera Corporation
Your use of Altera Corporation's design tools, logic functions 
and other software and tools, and its AMPP partner logic 
functions, and any output files from any of the foregoing 
(including device programming or simulation files), and any 
associated documentation or information are expressly subject 
to the terms and conditions of the Altera Program License 
Subscription Agreement, Altera MegaCore Function License 
Agreement, or other applicable license agreement, including, 
without limitation, that your use is for the sole purpose of 
programming logic devices manufactured by Altera and sold by 
Altera or its authorized distributors.  Please refer to the 
applicable agreement for further details.



+--------------------------------------------------------------------------------------+
; Fitter Summary                                                                       ;
+------------------------------------+-------------------------------------------------+
; Fitter Status                      ; Successful - Sun Apr 12 14:00:09 2026           ;
; Quartus II 64-Bit Version          ; 13.0.1 Build 232 06/12/2013 SP 1 SJ Web Edition ;
; Revision Name                      ; 3DES                                            ;
; Top-level Entity Name              ; des3                                            ;
; Family                             ; Cyclone II                                      ;
; Device                             ; EP2C35F672C6                                    ;
; Timing Models                      ; Final                                           ;
; Total logic elements               ; 12,181 / 33,216 ( 37 % )                        ;
;     Total combinational functions  ; 11,492 / 33,216 ( 35 % )                        ;
;     Dedicated logic registers      ; 3,132 / 33,216 ( 9 % )                          ;
; Total registers                    ; 3132                                            ;
; Total pins                         ; 324 / 475 ( 68 % )                              ;
; Total virtual pins                 ; 0                                               ;
; Total memory bits                  ; 384 / 483,840 ( < 1 % )                         ;
; Embedded Multiplier 9-bit elements ; 0 / 70 ( 0 % )                                  ;
; Total PLLs                         ; 0 / 4 ( 0 % )                                   ;
+------------------------------------+-------------------------------------------------+


+----------------------------------------------------------------------------------------------------------------------------------------------+
; Fitter Settings                                                                                                                              ;
+----------------------------------------------------------------------------+--------------------------------+--------------------------------+
; Option                                                                     ; Setting                        ; Default Value                  ;
+----------------------------------------------------------------------------+--------------------------------+--------------------------------+
; Device                                                                     ; EP2C35F672C6                   ;                                ;
; Minimum Core Junction Temperature                                          ; 0                              ;                                ;
; Maximum Core Junction Temperature                                          ; 85                             ;                                ;
; Fit Attempts to Skip                                                       ; 0                              ; 0.0                            ;
; Use smart compilation                                                      ; Off                            ; Off                            ;
; Enable parallel Assembler and TimeQuest Timing Analyzer during compilation ; On                             ; On                             ;
; Enable compact report table                                                ; Off                            ; Off                            ;
; Auto Merge PLLs                                                            ; On                             ; On                             ;
; Ignore PLL Mode When Merging PLLs                                          ; Off                            ; Off                            ;
; Router Timing Optimization Level                                           ; Normal                         ; Normal                         ;
; Placement Effort Multiplier                                                ; 1.0                            ; 1.0                            ;
; Router Effort Multiplier                                                   ; 1.0                            ; 1.0                            ;
; Always Enable Input Buffers                                                ; Off                            ; Off                            ;
; Optimize Hold Timing                                                       ; IO Paths and Minimum TPD Paths ; IO Paths and Minimum TPD Paths ;
; Optimize Multi-Corner Timing                                               ; On                             ; On                             ;
; PowerPlay Power Optimization                                               ; Normal compilation             ; Normal compilation             ;
; Optimize Timing                                                            ; Normal compilation             ; Normal compilation             ;
; Optimize Timing for ECOs                                                   ; Off                            ; Off                            ;
; Regenerate full fit report during ECO compiles                             ; Off                            ; Off                            ;
; Optimize IOC Register Placement for Timing                                 ; Normal                         ; Normal                         ;
; Limit to One Fitting Attempt                                               ; Off                            ; Off                            ;
; Final Placement Optimizations                                              ; Automatically                  ; Automatically                  ;
; Fitter Aggressive Routability Optimizations                                ; Automatically                  ; Automatically                  ;
; Fitter Initial Placement Seed                                              ; 1                              ; 1                              ;
; PCI I/O                                                                    ; Off                            ; Off                            ;
; Weak Pull-Up Resistor                                                      ; Off                            ; Off                            ;
; Enable Bus-Hold Circuitry                                                  ; Off                            ; Off                            ;
; Auto Global Memory Control Signals                                         ; Off                            ; Off                            ;
; Auto Packed Registers                                                      ; Auto                           ; Auto                           ;
; Auto Delay Chains                                                          ; On                             ; On                             ;
; Auto Delay Chains for High Fanout Input Pins                               ; Off                            ; Off                            ;
; Perform Physical Synthesis for Combinational Logic for Fitting             ; Off                            ; Off                            ;
; Perform Physical Synthesis for Combinational Logic for Performance         ; Off                            ; Off                            ;
; Perform Register Duplication for Performance                               ; Off                            ; Off                            ;
; Perform Logic to Memory Mapping for Fitting                                ; Off                            ; Off                            ;
; Perform Register Retiming for Performance                                  ; Off                            ; Off                            ;
; Perform Asynchronous Signal Pipelining                                     ; Off                            ; Off                            ;
; Fitter Effort                                                              ; Auto Fit                       ; Auto Fit                       ;
; Physical Synthesis Effort Level                                            ; Normal                         ; Normal                         ;
; Auto Global Clock                                                          ; On                             ; On                             ;
; Auto Global Register Control Signals                                       ; On                             ; On                             ;
; Force Fitter to Avoid Periphery Placement Warnings                         ; Off                            ; Off                            ;
+----------------------------------------------------------------------------+--------------------------------+--------------------------------+


+------------------------------------------+
; Parallel Compilation                     ;
+----------------------------+-------------+
; Processors                 ; Number      ;
+----------------------------+-------------+
; Number detected on machine ; 8           ;
; Maximum allowed            ; 4           ;
;                            ;             ;
; Average used               ; 2.34        ;
; Maximum used               ; 4           ;
;                            ;             ;
; Usage by Processor         ; % Time Used ;
;     Processor 1            ; 100.0%      ;
;     Processors 2-4         ;  44.6%      ;
;     Processors 5-8         ;   0.0%      ;
+----------------------------+-------------+


+----------------------------------------------+
; Incremental Compilation Preservation Summary ;
+---------------------+------------------------+
; Type                ; Value                  ;
+---------------------+------------------------+
; Placement (by node) ;                        ;
;     -- Requested    ; 0 / 15083 ( 0.00 % )   ;
;     -- Achieved     ; 0 / 15083 ( 0.00 % )   ;
;                     ;                        ;
; Routing (by net)    ;                        ;
;     -- Requested    ; 0 / 0 ( 0.00 % )       ;
;     -- Achieved     ; 0 / 0 ( 0.00 % )       ;
+---------------------+------------------------+


+----------------------------------------------------------------------------------------------------------------------------------------------------------------------------------------+
; Incremental Compilation Partition Settings                                                                                                                                             ;
+--------------------------------+----------------+-------------------+-------------------------+------------------------+------------------------------+--------------------------------+
; Partition Name                 ; Partition Type ; Netlist Type Used ; Preservation Level Used ; Netlist Type Requested ; Preservation Level Requested ; Contents                       ;
+--------------------------------+----------------+-------------------+-------------------------+------------------------+------------------------------+--------------------------------+
; Top                            ; User-created   ; Source File       ; N/A                     ; Source File            ; N/A                          ;                                ;
; hard_block:auto_generated_inst ; Auto-generated ; Source File       ; N/A                     ; Source File            ; N/A                          ; hard_block:auto_generated_inst ;
+--------------------------------+----------------+-------------------+-------------------------+------------------------+------------------------------+--------------------------------+


+------------------------------------------------------------------------------------------------------------+
; Incremental Compilation Placement Preservation                                                             ;
+--------------------------------+---------+-------------------+-------------------------+-------------------+
; Partition Name                 ; # Nodes ; # Preserved Nodes ; Preservation Level Used ; Netlist Type Used ;
+--------------------------------+---------+-------------------+-------------------------+-------------------+
; Top                            ; 15080   ; 0                 ; N/A                     ; Source File       ;
; hard_block:auto_generated_inst ; 3       ; 0                 ; N/A                     ; Source File       ;
+--------------------------------+---------+-------------------+-------------------------+-------------------+


+--------------+
; Pin-Out File ;
+--------------+
The pin-out file can be found in C:/HK6/CE213/3DES/quartus/output_files/3DES.pin.


+------------------------------------------------------------------------+
; Fitter Resource Usage Summary                                          ;
+---------------------------------------------+--------------------------+
; Resource                                    ; Usage                    ;
+---------------------------------------------+--------------------------+
; Total logic elements                        ; 12,181 / 33,216 ( 37 % ) ;
;     -- Combinational with no register       ; 9049                     ;
;     -- Register only                        ; 689                      ;
;     -- Combinational with a register        ; 2443                     ;
;                                             ;                          ;
; Logic element usage by number of LUT inputs ;                          ;
;     -- 4 input functions                    ; 8941                     ;
;     -- 3 input functions                    ; 20                       ;
;     -- <=2 input functions                  ; 2531                     ;
;     -- Register only                        ; 689                      ;
;                                             ;                          ;
; Logic elements by mode                      ;                          ;
;     -- normal mode                          ; 11489                    ;
;     -- arithmetic mode                      ; 3                        ;
;                                             ;                          ;
; Total registers*                            ; 3,132 / 34,593 ( 9 % )   ;
;     -- Dedicated logic registers            ; 3,132 / 33,216 ( 9 % )   ;
;     -- I/O registers                        ; 0 / 1,377 ( 0 % )        ;
;                                             ;                          ;
; Total LABs:  partially or completely used   ; 889 / 2,076 ( 43 % )     ;
; Virtual pins                                ; 0                        ;
; I/O pins                                    ; 324 / 475 ( 68 % )       ;
;     -- Clock pins                           ; 6 / 8 ( 75 % )           ;
;                                             ;                          ;
; Global signals                              ; 3                        ;
; M4Ks                                        ; 4 / 105 ( 4 % )          ;
; Total block memory bits                     ; 384 / 483,840 ( < 1 % )  ;
; Total block memory implementation bits      ; 18,432 / 483,840 ( 4 % ) ;
; Embedded Multiplier 9-bit elements          ; 0 / 70 ( 0 % )           ;
; PLLs                                        ; 0 / 4 ( 0 % )            ;
; Global clocks                               ; 3 / 16 ( 19 % )          ;
; JTAGs                                       ; 0 / 1 ( 0 % )            ;
; ASMI blocks                                 ; 0 / 1 ( 0 % )            ;
; CRC blocks                                  ; 0 / 1 ( 0 % )            ;
; Average interconnect usage (total/H/V)      ; 9% / 8% / 10%            ;
; Peak interconnect usage (total/H/V)         ; 23% / 23% / 24%          ;
; Maximum fan-out                             ; 3140                     ;
; Highest non-global fan-out                  ; 20                       ;
; Total fan-out                               ; 51017                    ;
; Average fan-out                             ; 3.29                     ;
+---------------------------------------------+--------------------------+
*  Register count does not include registers inside RAM blocks or DSP blocks.



+-------------------------------------------------------------------------------------------------------+
; Fitter Partition Statistics                                                                           ;
+---------------------------------------------+------------------------+--------------------------------+
; Statistic                                   ; Top                    ; hard_block:auto_generated_inst ;
+---------------------------------------------+------------------------+--------------------------------+
; Difficulty Clustering Region                ; Low                    ; Low                            ;
;                                             ;                        ;                                ;
; Total logic elements                        ; 12181 / 33216 ( 37 % ) ; 0 / 33216 ( 0 % )              ;
;     -- Combinational with no register       ; 9049                   ; 0                              ;
;     -- Register only                        ; 689                    ; 0                              ;
;     -- Combinational with a register        ; 2443                   ; 0                              ;
;                                             ;                        ;                                ;
; Logic element usage by number of LUT inputs ;                        ;                                ;
;     -- 4 input functions                    ; 8941                   ; 0                              ;
;     -- 3 input functions                    ; 20                     ; 0                              ;
;     -- <=2 input functions                  ; 2531                   ; 0                              ;
;     -- Register only                        ; 689                    ; 0                              ;
;                                             ;                        ;                                ;
; Logic elements by mode                      ;                        ;                                ;
;     -- normal mode                          ; 11489                  ; 0                              ;
;     -- arithmetic mode                      ; 3                      ; 0                              ;
;                                             ;                        ;                                ;
; Total registers                             ; 3132                   ; 0                              ;
;     -- Dedicated logic registers            ; 3132 / 33216 ( 9 % )   ; 0 / 33216 ( 0 % )              ;
;                                             ;                        ;                                ;
; Total LABs:  partially or completely used   ; 889 / 2076 ( 43 % )    ; 0 / 2076 ( 0 % )               ;
;                                             ;                        ;                                ;
; Virtual pins                                ; 0                      ; 0                              ;
; I/O pins                                    ; 324                    ; 0                              ;
; Embedded Multiplier 9-bit elements          ; 0 / 70 ( 0 % )         ; 0 / 70 ( 0 % )                 ;
; Total memory bits                           ; 384                    ; 0                              ;
; Total RAM block bits                        ; 18432                  ; 0                              ;
; M4K                                         ; 4 / 105 ( 3 % )        ; 0 / 105 ( 0 % )                ;
; Clock control block                         ; 3 / 20 ( 15 % )        ; 0 / 20 ( 0 % )                 ;
;                                             ;                        ;                                ;
; Connections                                 ;                        ;                                ;
;     -- Input Connections                    ; 0                      ; 0                              ;
;     -- Registered Input Connections         ; 0                      ; 0                              ;
;     -- Output Connections                   ; 0                      ; 0                              ;
;     -- Registered Output Connections        ; 0                      ; 0                              ;
;                                             ;                        ;                                ;
; Internal Connections                        ;                        ;                                ;
;     -- Total Connections                    ; 51023                  ; 0                              ;
;     -- Registered Connections               ; 6032                   ; 0                              ;
;                                             ;                        ;                                ;
; External Connections                        ;                        ;                                ;
;     -- Top                                  ; 0                      ; 0                              ;
;     -- hard_block:auto_generated_inst       ; 0                      ; 0                              ;
;                                             ;                        ;                                ;
; Partition Interface                         ;                        ;                                ;
;     -- Input Ports                          ; 259                    ; 0                              ;
;     -- Output Ports                         ; 65                     ; 0                              ;
;     -- Bidir Ports                          ; 0                      ; 0                              ;
;                                             ;                        ;                                ;
; Registered Ports                            ;                        ;                                ;
;     -- Registered Input Ports               ; 0                      ; 0                              ;
;     -- Registered Output Ports              ; 0                      ; 0                              ;
;                                             ;                        ;                                ;
; Port Connectivity                           ;                        ;                                ;
;     -- Input Ports driven by GND            ; 0                      ; 0                              ;
;     -- Output Ports driven by GND           ; 0                      ; 0                              ;
;     -- Input Ports driven by VCC            ; 0                      ; 0                              ;
;     -- Output Ports driven by VCC           ; 0                      ; 0                              ;
;     -- Input Ports with no Source           ; 0                      ; 0                              ;
;     -- Output Ports with no Source          ; 0                      ; 0                              ;
;     -- Input Ports with no Fanout           ; 0                      ; 0                              ;
;     -- Output Ports with no Fanout          ; 0                      ; 0                              ;
+---------------------------------------------+------------------------+--------------------------------+


+-----------------------------------------------------------------------------------------------------------------------------------------------------------------------------------------------------------------------------------------------------------------+
; Input Pins                                                                                                                                                                                                                                                      ;
+-----------+-------+----------+--------------+--------------+-------------+-----------------------+--------------------+--------+----------------+---------------+-----------------+----------+--------------+--------------+-------------+----------------------+
; Name      ; Pin # ; I/O Bank ; X coordinate ; Y coordinate ; Cell number ; Combinational Fan-Out ; Registered Fan-Out ; Global ; Input Register ; Power Up High ; PCI I/O Enabled ; Bus Hold ; Weak Pull Up ; I/O Standard ; Termination ; Location assigned by ;
+-----------+-------+----------+--------------+--------------+-------------+-----------------------+--------------------+--------+----------------+---------------+-----------------+----------+--------------+--------------+-------------+----------------------+
; clk       ; P2    ; 1        ; 0            ; 18           ; 2           ; 1                     ; 0                  ; yes    ; no             ; no            ; no              ; no       ; Off          ; 3.3-V LVTTL  ; Off         ; Fitter               ;
; idata[0]  ; G1    ; 2        ; 0            ; 28           ; 2           ; 1                     ; 0                  ; no     ; no             ; no            ; no              ; no       ; Off          ; 3.3-V LVTTL  ; Off         ; Fitter               ;
; idata[10] ; D6    ; 3        ; 11           ; 36           ; 2           ; 1                     ; 0                  ; no     ; no             ; no            ; no              ; no       ; Off          ; 3.3-V LVTTL  ; Off         ; Fitter               ;
; idata[11] ; N9    ; 2        ; 0            ; 25           ; 3           ; 1                     ; 0                  ; no     ; no             ; no            ; no              ; no       ; Off          ; 3.3-V LVTTL  ; Off         ; Fitter               ;
; idata[12] ; J1    ; 2        ; 0            ; 26           ; 1           ; 1                     ; 0                  ; no     ; no             ; no            ; no              ; no       ; Off          ; 3.3-V LVTTL  ; Off         ; Fitter               ;
; idata[13] ; P26   ; 6        ; 65           ; 19           ; 3           ; 1                     ; 0                  ; no     ; no             ; no            ; no              ; no       ; Off          ; 3.3-V LVTTL  ; Off         ; Fitter               ;
; idata[14] ; F9    ; 3        ; 9            ; 36           ; 2           ; 1                     ; 0                  ; no     ; no             ; no            ; no              ; no       ; Off          ; 3.3-V LVTTL  ; Off         ; Fitter               ;
; idata[15] ; E5    ; 2        ; 0            ; 34           ; 4           ; 1                     ; 0                  ; no     ; no             ; no            ; no              ; no       ; Off          ; 3.3-V LVTTL  ; Off         ; Fitter               ;
; idata[16] ; M4    ; 2        ; 0            ; 23           ; 1           ; 1                     ; 0                  ; no     ; no             ; no            ; no              ; no       ; Off          ; 3.3-V LVTTL  ; Off         ; Fitter               ;
; idata[17] ; AE14  ; 7        ; 33           ; 0            ; 0           ; 1                     ; 0                  ; no     ; no             ; no            ; no              ; no       ; Off          ; 3.3-V LVTTL  ; Off         ; Fitter               ;
; idata[18] ; K9    ; 3        ; 5            ; 36           ; 1           ; 1                     ; 0                  ; no     ; no             ; no            ; no              ; no       ; Off          ; 3.3-V LVTTL  ; Off         ; Fitter               ;
; idata[19] ; H3    ; 2        ; 0            ; 28           ; 4           ; 1                     ; 0                  ; no     ; no             ; no            ; no              ; no       ; Off          ; 3.3-V LVTTL  ; Off         ; Fitter               ;
; idata[1]  ; P9    ; 2        ; 0            ; 25           ; 4           ; 1                     ; 0                  ; no     ; no             ; no            ; no              ; no       ; Off          ; 3.3-V LVTTL  ; Off         ; Fitter               ;
; idata[20] ; H4    ; 2        ; 0            ; 27           ; 0           ; 1                     ; 0                  ; no     ; no             ; no            ; no              ; no       ; Off          ; 3.3-V LVTTL  ; Off         ; Fitter               ;
; idata[21] ; H1    ; 2        ; 0            ; 27           ; 4           ; 1                     ; 0                  ; no     ; no             ; no            ; no              ; no       ; Off          ; 3.3-V LVTTL  ; Off         ; Fitter               ;
; idata[22] ; A9    ; 3        ; 20           ; 36           ; 2           ; 1                     ; 0                  ; no     ; no             ; no            ; no              ; no       ; Off          ; 3.3-V LVTTL  ; Off         ; Fitter               ;
; idata[23] ; B3    ; 2        ; 0            ; 34           ; 3           ; 1                     ; 0                  ; no     ; no             ; no            ; no              ; no       ; Off          ; 3.3-V LVTTL  ; Off         ; Fitter               ;
; idata[24] ; K8    ; 2        ; 0            ; 29           ; 2           ; 1                     ; 0                  ; no     ; no             ; no            ; no              ; no       ; Off          ; 3.3-V LVTTL  ; Off         ; Fitter               ;
; idata[25] ; AF14  ; 7        ; 33           ; 0            ; 1           ; 1                     ; 0                  ; no     ; no             ; no            ; no              ; no       ; Off          ; 3.3-V LVTTL  ; Off         ; Fitter               ;
; idata[26] ; K4    ; 2        ; 0            ; 26           ; 2           ; 1                     ; 0                  ; no     ; no             ; no            ; no              ; no       ; Off          ; 3.3-V LVTTL  ; Off         ; Fitter               ;
; idata[27] ; F3    ; 2        ; 0            ; 32           ; 0           ; 1                     ; 0                  ; no     ; no             ; no            ; no              ; no       ; Off          ; 3.3-V LVTTL  ; Off         ; Fitter               ;
; idata[28] ; H8    ; 3        ; 7            ; 36           ; 2           ; 1                     ; 0                  ; no     ; no             ; no            ; no              ; no       ; Off          ; 3.3-V LVTTL  ; Off         ; Fitter               ;
; idata[29] ; J6    ; 2        ; 0            ; 29           ; 1           ; 1                     ; 0                  ; no     ; no             ; no            ; no              ; no       ; Off          ; 3.3-V LVTTL  ; Off         ; Fitter               ;
; idata[2]  ; D1    ; 2        ; 0            ; 32           ; 3           ; 1                     ; 0                  ; no     ; no             ; no            ; no              ; no       ; Off          ; 3.3-V LVTTL  ; Off         ; Fitter               ;
; idata[30] ; F1    ; 2        ; 0            ; 28           ; 1           ; 1                     ; 0                  ; no     ; no             ; no            ; no              ; no       ; Off          ; 3.3-V LVTTL  ; Off         ; Fitter               ;
; idata[31] ; J9    ; 3        ; 5            ; 36           ; 0           ; 1                     ; 0                  ; no     ; no             ; no            ; no              ; no       ; Off          ; 3.3-V LVTTL  ; Off         ; Fitter               ;
; idata[32] ; H10   ; 3        ; 7            ; 36           ; 1           ; 1                     ; 0                  ; no     ; no             ; no            ; no              ; no       ; Off          ; 3.3-V LVTTL  ; Off         ; Fitter               ;
; idata[33] ; L7    ; 2        ; 0            ; 24           ; 0           ; 1                     ; 0                  ; no     ; no             ; no            ; no              ; no       ; Off          ; 3.3-V LVTTL  ; Off         ; Fitter               ;
; idata[34] ; L10   ; 2        ; 0            ; 23           ; 0           ; 1                     ; 0                  ; no     ; no             ; no            ; no              ; no       ; Off          ; 3.3-V LVTTL  ; Off         ; Fitter               ;
; idata[35] ; L9    ; 2        ; 0            ; 24           ; 2           ; 1                     ; 0                  ; no     ; no             ; no            ; no              ; no       ; Off          ; 3.3-V LVTTL  ; Off         ; Fitter               ;
; idata[36] ; E8    ; 3        ; 7            ; 36           ; 3           ; 1                     ; 0                  ; no     ; no             ; no            ; no              ; no       ; Off          ; 3.3-V LVTTL  ; Off         ; Fitter               ;
; idata[37] ; G6    ; 2        ; 0            ; 33           ; 4           ; 1                     ; 0                  ; no     ; no             ; no            ; no              ; no       ; Off          ; 3.3-V LVTTL  ; Off         ; Fitter               ;
; idata[38] ; M2    ; 2        ; 0            ; 23           ; 4           ; 1                     ; 0                  ; no     ; no             ; no            ; no              ; no       ; Off          ; 3.3-V LVTTL  ; Off         ; Fitter               ;
; idata[39] ; E1    ; 2        ; 0            ; 30           ; 1           ; 1                     ; 0                  ; no     ; no             ; no            ; no              ; no       ; Off          ; 3.3-V LVTTL  ; Off         ; Fitter               ;
; idata[3]  ; T4    ; 1        ; 0            ; 14           ; 2           ; 1                     ; 0                  ; no     ; no             ; no            ; no              ; no       ; Off          ; 3.3-V LVTTL  ; Off         ; Fitter               ;
; idata[40] ; K3    ; 2        ; 0            ; 26           ; 3           ; 1                     ; 0                  ; no     ; no             ; no            ; no              ; no       ; Off          ; 3.3-V LVTTL  ; Off         ; Fitter               ;
; idata[41] ; L2    ; 2        ; 0            ; 24           ; 3           ; 1                     ; 0                  ; no     ; no             ; no            ; no              ; no       ; Off          ; 3.3-V LVTTL  ; Off         ; Fitter               ;
; idata[42] ; L4    ; 2        ; 0            ; 25           ; 2           ; 1                     ; 0                  ; no     ; no             ; no            ; no              ; no       ; Off          ; 3.3-V LVTTL  ; Off         ; Fitter               ;
; idata[43] ; J4    ; 2        ; 0            ; 27           ; 2           ; 1                     ; 0                  ; no     ; no             ; no            ; no              ; no       ; Off          ; 3.3-V LVTTL  ; Off         ; Fitter               ;
; idata[44] ; A6    ; 3        ; 3            ; 36           ; 0           ; 1                     ; 0                  ; no     ; no             ; no            ; no              ; no       ; Off          ; 3.3-V LVTTL  ; Off         ; Fitter               ;
; idata[45] ; F6    ; 2        ; 0            ; 33           ; 0           ; 1                     ; 0                  ; no     ; no             ; no            ; no              ; no       ; Off          ; 3.3-V LVTTL  ; Off         ; Fitter               ;
; idata[46] ; F7    ; 2        ; 0            ; 32           ; 4           ; 1                     ; 0                  ; no     ; no             ; no            ; no              ; no       ; Off          ; 3.3-V LVTTL  ; Off         ; Fitter               ;
; idata[47] ; C7    ; 3        ; 9            ; 36           ; 0           ; 1                     ; 0                  ; no     ; no             ; no            ; no              ; no       ; Off          ; 3.3-V LVTTL  ; Off         ; Fitter               ;
; idata[48] ; F2    ; 2        ; 0            ; 28           ; 0           ; 1                     ; 0                  ; no     ; no             ; no            ; no              ; no       ; Off          ; 3.3-V LVTTL  ; Off         ; Fitter               ;
; idata[49] ; M5    ; 2        ; 0            ; 23           ; 2           ; 1                     ; 0                  ; no     ; no             ; no            ; no              ; no       ; Off          ; 3.3-V LVTTL  ; Off         ; Fitter               ;
; idata[4]  ; C2    ; 2        ; 0            ; 33           ; 1           ; 1                     ; 0                  ; no     ; no             ; no            ; no              ; no       ; Off          ; 3.3-V LVTTL  ; Off         ; Fitter               ;
; idata[50] ; G4    ; 2        ; 0            ; 30           ; 4           ; 1                     ; 0                  ; no     ; no             ; no            ; no              ; no       ; Off          ; 3.3-V LVTTL  ; Off         ; Fitter               ;
; idata[51] ; J8    ; 2        ; 0            ; 31           ; 1           ; 1                     ; 0                  ; no     ; no             ; no            ; no              ; no       ; Off          ; 3.3-V LVTTL  ; Off         ; Fitter               ;
; idata[52] ; M3    ; 2        ; 0            ; 23           ; 3           ; 1                     ; 0                  ; no     ; no             ; no            ; no              ; no       ; Off          ; 3.3-V LVTTL  ; Off         ; Fitter               ;
; idata[53] ; G3    ; 2        ; 0            ; 29           ; 0           ; 1                     ; 0                  ; no     ; no             ; no            ; no              ; no       ; Off          ; 3.3-V LVTTL  ; Off         ; Fitter               ;
; idata[54] ; L6    ; 2        ; 0            ; 24           ; 1           ; 1                     ; 0                  ; no     ; no             ; no            ; no              ; no       ; Off          ; 3.3-V LVTTL  ; Off         ; Fitter               ;
; idata[55] ; D7    ; 3        ; 9            ; 36           ; 1           ; 1                     ; 0                  ; no     ; no             ; no            ; no              ; no       ; Off          ; 3.3-V LVTTL  ; Off         ; Fitter               ;
; idata[56] ; K2    ; 2        ; 0            ; 25           ; 1           ; 1                     ; 0                  ; no     ; no             ; no            ; no              ; no       ; Off          ; 3.3-V LVTTL  ; Off         ; Fitter               ;
; idata[57] ; G5    ; 2        ; 0            ; 33           ; 3           ; 1                     ; 0                  ; no     ; no             ; no            ; no              ; no       ; Off          ; 3.3-V LVTTL  ; Off         ; Fitter               ;
; idata[58] ; H2    ; 2        ; 0            ; 27           ; 3           ; 1                     ; 0                  ; no     ; no             ; no            ; no              ; no       ; Off          ; 3.3-V LVTTL  ; Off         ; Fitter               ;
; idata[59] ; B2    ; 2        ; 0            ; 34           ; 2           ; 1                     ; 0                  ; no     ; no             ; no            ; no              ; no       ; Off          ; 3.3-V LVTTL  ; Off         ; Fitter               ;
; idata[5]  ; G9    ; 3        ; 7            ; 36           ; 0           ; 1                     ; 0                  ; no     ; no             ; no            ; no              ; no       ; Off          ; 3.3-V LVTTL  ; Off         ; Fitter               ;
; idata[60] ; J3    ; 2        ; 0            ; 27           ; 1           ; 1                     ; 0                  ; no     ; no             ; no            ; no              ; no       ; Off          ; 3.3-V LVTTL  ; Off         ; Fitter               ;
; idata[61] ; F4    ; 2        ; 0            ; 32           ; 1           ; 1                     ; 0                  ; no     ; no             ; no            ; no              ; no       ; Off          ; 3.3-V LVTTL  ; Off         ; Fitter               ;
; idata[62] ; K1    ; 2        ; 0            ; 25           ; 0           ; 1                     ; 0                  ; no     ; no             ; no            ; no              ; no       ; Off          ; 3.3-V LVTTL  ; Off         ; Fitter               ;
; idata[63] ; C3    ; 2        ; 0            ; 33           ; 2           ; 1                     ; 0                  ; no     ; no             ; no            ; no              ; no       ; Off          ; 3.3-V LVTTL  ; Off         ; Fitter               ;
; idata[6]  ; J2    ; 2        ; 0            ; 26           ; 0           ; 1                     ; 0                  ; no     ; no             ; no            ; no              ; no       ; Off          ; 3.3-V LVTTL  ; Off         ; Fitter               ;
; idata[7]  ; D5    ; 3        ; 5            ; 36           ; 2           ; 1                     ; 0                  ; no     ; no             ; no            ; no              ; no       ; Off          ; 3.3-V LVTTL  ; Off         ; Fitter               ;
; idata[8]  ; L3    ; 2        ; 0            ; 24           ; 4           ; 1                     ; 0                  ; no     ; no             ; no            ; no              ; no       ; Off          ; 3.3-V LVTTL  ; Off         ; Fitter               ;
; idata[9]  ; P25   ; 6        ; 65           ; 19           ; 2           ; 1                     ; 0                  ; no     ; no             ; no            ; no              ; no       ; Off          ; 3.3-V LVTTL  ; Off         ; Fitter               ;
; key1[0]   ; C13   ; 3        ; 31           ; 36           ; 2           ; 0                     ; 0                  ; no     ; no             ; no            ; no              ; no       ; Off          ; 3.3-V LVTTL  ; Off         ; Fitter               ;
; key1[10]  ; E12   ; 3        ; 24           ; 36           ; 3           ; 14                    ; 0                  ; no     ; no             ; no            ; no              ; no       ; Off          ; 3.3-V LVTTL  ; Off         ; Fitter               ;
; key1[11]  ; P6    ; 1        ; 0            ; 15           ; 1           ; 18                    ; 0                  ; no     ; no             ; no            ; no              ; no       ; Off          ; 3.3-V LVTTL  ; Off         ; Fitter               ;
; key1[12]  ; H11   ; 3        ; 18           ; 36           ; 3           ; 13                    ; 0                  ; no     ; no             ; no            ; no              ; no       ; Off          ; 3.3-V LVTTL  ; Off         ; Fitter               ;
; key1[13]  ; K5    ; 2        ; 0            ; 30           ; 3           ; 16                    ; 0                  ; no     ; no             ; no            ; no              ; no       ; Off          ; 3.3-V LVTTL  ; Off         ; Fitter               ;
; key1[14]  ; A7    ; 3        ; 11           ; 36           ; 0           ; 16                    ; 0                  ; no     ; no             ; no            ; no              ; no       ; Off          ; 3.3-V LVTTL  ; Off         ; Fitter               ;
; key1[15]  ; E10   ; 3        ; 18           ; 36           ; 0           ; 14                    ; 0                  ; no     ; no             ; no            ; no              ; no       ; Off          ; 3.3-V LVTTL  ; Off         ; Fitter               ;
; key1[16]  ; C22   ; 4        ; 63           ; 36           ; 1           ; 0                     ; 0                  ; no     ; no             ; no            ; no              ; no       ; Off          ; 3.3-V LVTTL  ; Off         ; Fitter               ;
; key1[17]  ; J14   ; 3        ; 24           ; 36           ; 0           ; 18                    ; 0                  ; no     ; no             ; no            ; no              ; no       ; Off          ; 3.3-V LVTTL  ; Off         ; Fitter               ;
; key1[18]  ; G11   ; 3        ; 22           ; 36           ; 1           ; 20                    ; 0                  ; no     ; no             ; no            ; no              ; no       ; Off          ; 3.3-V LVTTL  ; Off         ; Fitter               ;
; key1[19]  ; G12   ; 3        ; 27           ; 36           ; 2           ; 18                    ; 0                  ; no     ; no             ; no            ; no              ; no       ; Off          ; 3.3-V LVTTL  ; Off         ; Fitter               ;
; key1[1]   ; J11   ; 3        ; 27           ; 36           ; 0           ; 17                    ; 0                  ; no     ; no             ; no            ; no              ; no       ; Off          ; 3.3-V LVTTL  ; Off         ; Fitter               ;
; key1[20]  ; R4    ; 1        ; 0            ; 16           ; 0           ; 16                    ; 0                  ; no     ; no             ; no            ; no              ; no       ; Off          ; 3.3-V LVTTL  ; Off         ; Fitter               ;
; key1[21]  ; B7    ; 3        ; 11           ; 36           ; 1           ; 13                    ; 0                  ; no     ; no             ; no            ; no              ; no       ; Off          ; 3.3-V LVTTL  ; Off         ; Fitter               ;
; key1[22]  ; D11   ; 3        ; 22           ; 36           ; 0           ; 13                    ; 0                  ; no     ; no             ; no            ; no              ; no       ; Off          ; 3.3-V LVTTL  ; Off         ; Fitter               ;
; key1[23]  ; C10   ; 3        ; 20           ; 36           ; 1           ; 17                    ; 0                  ; no     ; no             ; no            ; no              ; no       ; Off          ; 3.3-V LVTTL  ; Off         ; Fitter               ;
; key1[24]  ; C5    ; 3        ; 1            ; 36           ; 3           ; 0                     ; 0                  ; no     ; no             ; no            ; no              ; no       ; Off          ; 3.3-V LVTTL  ; Off         ; Fitter               ;
; key1[25]  ; P7    ; 1        ; 0            ; 15           ; 0           ; 18                    ; 0                  ; no     ; no             ; no            ; no              ; no       ; Off          ; 3.3-V LVTTL  ; Off         ; Fitter               ;
; key1[26]  ; P3    ; 1        ; 0            ; 17           ; 0           ; 16                    ; 0                  ; no     ; no             ; no            ; no              ; no       ; Off          ; 3.3-V LVTTL  ; Off         ; Fitter               ;
; key1[27]  ; R3    ; 1        ; 0            ; 17           ; 3           ; 20                    ; 0                  ; no     ; no             ; no            ; no              ; no       ; Off          ; 3.3-V LVTTL  ; Off         ; Fitter               ;
; key1[28]  ; T10   ; 1        ; 0            ; 16           ; 2           ; 14                    ; 0                  ; no     ; no             ; no            ; no              ; no       ; Off          ; 3.3-V LVTTL  ; Off         ; Fitter               ;
; key1[29]  ; R5    ; 1        ; 0            ; 16           ; 1           ; 16                    ; 0                  ; no     ; no             ; no            ; no              ; no       ; Off          ; 3.3-V LVTTL  ; Off         ; Fitter               ;
; key1[2]   ; D10   ; 3        ; 20           ; 36           ; 0           ; 19                    ; 0                  ; no     ; no             ; no            ; no              ; no       ; Off          ; 3.3-V LVTTL  ; Off         ; Fitter               ;
; key1[30]  ; C4    ; 3        ; 5            ; 36           ; 3           ; 16                    ; 0                  ; no     ; no             ; no            ; no              ; no       ; Off          ; 3.3-V LVTTL  ; Off         ; Fitter               ;
; key1[31]  ; A13   ; 4        ; 31           ; 36           ; 1           ; 14                    ; 0                  ; no     ; no             ; no            ; no              ; no       ; Off          ; 3.3-V LVTTL  ; Off         ; Fitter               ;
; key1[32]  ; F18   ; 4        ; 50           ; 36           ; 3           ; 0                     ; 0                  ; no     ; no             ; no            ; no              ; no       ; Off          ; 3.3-V LVTTL  ; Off         ; Fitter               ;
; key1[33]  ; J5    ; 2        ; 0            ; 31           ; 0           ; 19                    ; 0                  ; no     ; no             ; no            ; no              ; no       ; Off          ; 3.3-V LVTTL  ; Off         ; Fitter               ;
; key1[34]  ; B8    ; 3        ; 16           ; 36           ; 1           ; 20                    ; 0                  ; no     ; no             ; no            ; no              ; no       ; Off          ; 3.3-V LVTTL  ; Off         ; Fitter               ;
; key1[35]  ; U9    ; 1        ; 0            ; 13           ; 2           ; 17                    ; 0                  ; no     ; no             ; no            ; no              ; no       ; Off          ; 3.3-V LVTTL  ; Off         ; Fitter               ;
; key1[36]  ; R7    ; 1        ; 0            ; 14           ; 1           ; 15                    ; 0                  ; no     ; no             ; no            ; no              ; no       ; Off          ; 3.3-V LVTTL  ; Off         ; Fitter               ;
; key1[37]  ; K7    ; 2        ; 0            ; 29           ; 3           ; 15                    ; 0                  ; no     ; no             ; no            ; no              ; no       ; Off          ; 3.3-V LVTTL  ; Off         ; Fitter               ;
; key1[38]  ; A8    ; 3        ; 16           ; 36           ; 0           ; 14                    ; 0                  ; no     ; no             ; no            ; no              ; no       ; Off          ; 3.3-V LVTTL  ; Off         ; Fitter               ;
; key1[39]  ; H6    ; 2        ; 0            ; 31           ; 3           ; 16                    ; 0                  ; no     ; no             ; no            ; no              ; no       ; Off          ; 3.3-V LVTTL  ; Off         ; Fitter               ;
; key1[3]   ; T9    ; 1        ; 0            ; 16           ; 3           ; 17                    ; 0                  ; no     ; no             ; no            ; no              ; no       ; Off          ; 3.3-V LVTTL  ; Off         ; Fitter               ;
; key1[40]  ; V18   ; 7        ; 59           ; 0            ; 3           ; 0                     ; 0                  ; no     ; no             ; no            ; no              ; no       ; Off          ; 3.3-V LVTTL  ; Off         ; Fitter               ;
; key1[41]  ; J13   ; 3        ; 24           ; 36           ; 1           ; 18                    ; 0                  ; no     ; no             ; no            ; no              ; no       ; Off          ; 3.3-V LVTTL  ; Off         ; Fitter               ;
; key1[42]  ; R6    ; 1        ; 0            ; 14           ; 0           ; 16                    ; 0                  ; no     ; no             ; no            ; no              ; no       ; Off          ; 3.3-V LVTTL  ; Off         ; Fitter               ;
; key1[43]  ; T2    ; 1        ; 0            ; 15           ; 2           ; 19                    ; 0                  ; no     ; no             ; no            ; no              ; no       ; Off          ; 3.3-V LVTTL  ; Off         ; Fitter               ;
; key1[44]  ; B12   ; 3        ; 29           ; 36           ; 0           ; 20                    ; 0                  ; no     ; no             ; no            ; no              ; no       ; Off          ; 3.3-V LVTTL  ; Off         ; Fitter               ;
; key1[45]  ; B9    ; 3        ; 20           ; 36           ; 3           ; 15                    ; 0                  ; no     ; no             ; no            ; no              ; no       ; Off          ; 3.3-V LVTTL  ; Off         ; Fitter               ;
; key1[46]  ; K6    ; 2        ; 0            ; 30           ; 2           ; 16                    ; 0                  ; no     ; no             ; no            ; no              ; no       ; Off          ; 3.3-V LVTTL  ; Off         ; Fitter               ;
; key1[47]  ; C9    ; 3        ; 16           ; 36           ; 2           ; 14                    ; 0                  ; no     ; no             ; no            ; no              ; no       ; Off          ; 3.3-V LVTTL  ; Off         ; Fitter               ;
; key1[48]  ; AE4   ; 8        ; 1            ; 0            ; 3           ; 0                     ; 0                  ; no     ; no             ; no            ; no              ; no       ; Off          ; 3.3-V LVTTL  ; Off         ; Fitter               ;
; key1[49]  ; J10   ; 3        ; 27           ; 36           ; 1           ; 19                    ; 0                  ; no     ; no             ; no            ; no              ; no       ; Off          ; 3.3-V LVTTL  ; Off         ; Fitter               ;
; key1[4]   ; D9    ; 3        ; 16           ; 36           ; 3           ; 16                    ; 0                  ; no     ; no             ; no            ; no              ; no       ; Off          ; 3.3-V LVTTL  ; Off         ; Fitter               ;
; key1[50]  ; G2    ; 2        ; 0            ; 28           ; 3           ; 18                    ; 0                  ; no     ; no             ; no            ; no              ; no       ; Off          ; 3.3-V LVTTL  ; Off         ; Fitter               ;
; key1[51]  ; B13   ; 4        ; 31           ; 36           ; 0           ; 16                    ; 0                  ; no     ; no             ; no            ; no              ; no       ; Off          ; 3.3-V LVTTL  ; Off         ; Fitter               ;
; key1[52]  ; A10   ; 3        ; 22           ; 36           ; 2           ; 15                    ; 0                  ; no     ; no             ; no            ; no              ; no       ; Off          ; 3.3-V LVTTL  ; Off         ; Fitter               ;
; key1[53]  ; E2    ; 2        ; 0            ; 30           ; 0           ; 15                    ; 0                  ; no     ; no             ; no            ; no              ; no       ; Off          ; 3.3-V LVTTL  ; Off         ; Fitter               ;
; key1[54]  ; B10   ; 3        ; 22           ; 36           ; 3           ; 14                    ; 0                  ; no     ; no             ; no            ; no              ; no       ; Off          ; 3.3-V LVTTL  ; Off         ; Fitter               ;
; key1[55]  ; F11   ; 3        ; 18           ; 36           ; 1           ; 16                    ; 0                  ; no     ; no             ; no            ; no              ; no       ; Off          ; 3.3-V LVTTL  ; Off         ; Fitter               ;
; key1[56]  ; AF21  ; 7        ; 55           ; 0            ; 1           ; 0                     ; 0                  ; no     ; no             ; no            ; no              ; no       ; Off          ; 3.3-V LVTTL  ; Off         ; Fitter               ;
; key1[57]  ; D8    ; 3        ; 14           ; 36           ; 3           ; 15                    ; 0                  ; no     ; no             ; no            ; no              ; no       ; Off          ; 3.3-V LVTTL  ; Off         ; Fitter               ;
; key1[58]  ; H12   ; 3        ; 18           ; 36           ; 2           ; 17                    ; 0                  ; no     ; no             ; no            ; no              ; no       ; Off          ; 3.3-V LVTTL  ; Off         ; Fitter               ;
; key1[59]  ; F12   ; 3        ; 27           ; 36           ; 3           ; 19                    ; 0                  ; no     ; no             ; no            ; no              ; no       ; Off          ; 3.3-V LVTTL  ; Off         ; Fitter               ;
; key1[5]   ; R2    ; 1        ; 0            ; 17           ; 2           ; 14                    ; 0                  ; no     ; no             ; no            ; no              ; no       ; Off          ; 3.3-V LVTTL  ; Off         ; Fitter               ;
; key1[60]  ; T3    ; 1        ; 0            ; 15           ; 3           ; 19                    ; 0                  ; no     ; no             ; no            ; no              ; no       ; Off          ; 3.3-V LVTTL  ; Off         ; Fitter               ;
; key1[61]  ; C8    ; 3        ; 14           ; 36           ; 2           ; 13                    ; 0                  ; no     ; no             ; no            ; no              ; no       ; Off          ; 3.3-V LVTTL  ; Off         ; Fitter               ;
; key1[62]  ; F10   ; 3        ; 14           ; 36           ; 1           ; 16                    ; 0                  ; no     ; no             ; no            ; no              ; no       ; Off          ; 3.3-V LVTTL  ; Off         ; Fitter               ;
; key1[63]  ; D2    ; 2        ; 0            ; 32           ; 2           ; 15                    ; 0                  ; no     ; no             ; no            ; no              ; no       ; Off          ; 3.3-V LVTTL  ; Off         ; Fitter               ;
; key1[6]   ; J7    ; 2        ; 0            ; 31           ; 2           ; 13                    ; 0                  ; no     ; no             ; no            ; no              ; no       ; Off          ; 3.3-V LVTTL  ; Off         ; Fitter               ;
; key1[7]   ; G10   ; 3        ; 14           ; 36           ; 0           ; 16                    ; 0                  ; no     ; no             ; no            ; no              ; no       ; Off          ; 3.3-V LVTTL  ; Off         ; Fitter               ;
; key1[8]   ; D13   ; 3        ; 31           ; 36           ; 3           ; 0                     ; 0                  ; no     ; no             ; no            ; no              ; no       ; Off          ; 3.3-V LVTTL  ; Off         ; Fitter               ;
; key1[9]   ; P4    ; 1        ; 0            ; 17           ; 1           ; 18                    ; 0                  ; no     ; no             ; no            ; no              ; no       ; Off          ; 3.3-V LVTTL  ; Off         ; Fitter               ;
; key2[0]   ; AC5   ; 8        ; 1            ; 0            ; 1           ; 0                     ; 0                  ; no     ; no             ; no            ; no              ; no       ; Off          ; 3.3-V LVTTL  ; Off         ; Fitter               ;
; key2[10]  ; Y14   ; 7        ; 37           ; 0            ; 1           ; 15                    ; 0                  ; no     ; no             ; no            ; no              ; no       ; Off          ; 3.3-V LVTTL  ; Off         ; Fitter               ;
; key2[11]  ; W15   ; 7        ; 42           ; 0            ; 1           ; 18                    ; 0                  ; no     ; no             ; no            ; no              ; no       ; Off          ; 3.3-V LVTTL  ; Off         ; Fitter               ;
; key2[12]  ; AE8   ; 8        ; 18           ; 0            ; 3           ; 13                    ; 0                  ; no     ; no             ; no            ; no              ; no       ; Off          ; 3.3-V LVTTL  ; Off         ; Fitter               ;
; key2[13]  ; AE11  ; 8        ; 27           ; 0            ; 2           ; 17                    ; 0                  ; no     ; no             ; no            ; no              ; no       ; Off          ; 3.3-V LVTTL  ; Off         ; Fitter               ;
; key2[14]  ; AC14  ; 7        ; 35           ; 0            ; 1           ; 16                    ; 0                  ; no     ; no             ; no            ; no              ; no       ; Off          ; 3.3-V LVTTL  ; Off         ; Fitter               ;
; key2[15]  ; AD15  ; 7        ; 35           ; 0            ; 2           ; 15                    ; 0                  ; no     ; no             ; no            ; no              ; no       ; Off          ; 3.3-V LVTTL  ; Off         ; Fitter               ;
; key2[16]  ; F17   ; 4        ; 48           ; 36           ; 2           ; 0                     ; 0                  ; no     ; no             ; no            ; no              ; no       ; Off          ; 3.3-V LVTTL  ; Off         ; Fitter               ;
; key2[17]  ; Y12   ; 8        ; 29           ; 0            ; 0           ; 19                    ; 0                  ; no     ; no             ; no            ; no              ; no       ; Off          ; 3.3-V LVTTL  ; Off         ; Fitter               ;
; key2[18]  ; AE10  ; 8        ; 24           ; 0            ; 3           ; 19                    ; 0                  ; no     ; no             ; no            ; no              ; no       ; Off          ; 3.3-V LVTTL  ; Off         ; Fitter               ;
; key2[19]  ; W16   ; 7        ; 42           ; 0            ; 0           ; 19                    ; 0                  ; no     ; no             ; no            ; no              ; no       ; Off          ; 3.3-V LVTTL  ; Off         ; Fitter               ;
; key2[1]   ; Y13   ; 7        ; 37           ; 0            ; 3           ; 19                    ; 0                  ; no     ; no             ; no            ; no              ; no       ; Off          ; 3.3-V LVTTL  ; Off         ; Fitter               ;
; key2[20]  ; AE20  ; 7        ; 53           ; 0            ; 0           ; 15                    ; 0                  ; no     ; no             ; no            ; no              ; no       ; Off          ; 3.3-V LVTTL  ; Off         ; Fitter               ;
; key2[21]  ; V14   ; 8        ; 27           ; 0            ; 1           ; 13                    ; 0                  ; no     ; no             ; no            ; no              ; no       ; Off          ; 3.3-V LVTTL  ; Off         ; Fitter               ;
; key2[22]  ; AF18  ; 7        ; 46           ; 0            ; 1           ; 13                    ; 0                  ; no     ; no             ; no            ; no              ; no       ; Off          ; 3.3-V LVTTL  ; Off         ; Fitter               ;
; key2[23]  ; AF10  ; 8        ; 24           ; 0            ; 2           ; 17                    ; 0                  ; no     ; no             ; no            ; no              ; no       ; Off          ; 3.3-V LVTTL  ; Off         ; Fitter               ;
; key2[24]  ; D18   ; 4        ; 50           ; 36           ; 1           ; 0                     ; 0                  ; no     ; no             ; no            ; no              ; no       ; Off          ; 3.3-V LVTTL  ; Off         ; Fitter               ;
; key2[25]  ; AA14  ; 7        ; 37           ; 0            ; 2           ; 19                    ; 0                  ; no     ; no             ; no            ; no              ; no       ; Off          ; 3.3-V LVTTL  ; Off         ; Fitter               ;
; key2[26]  ; AB12  ; 8        ; 24           ; 0            ; 1           ; 16                    ; 0                  ; no     ; no             ; no            ; no              ; no       ; Off          ; 3.3-V LVTTL  ; Off         ; Fitter               ;
; key2[27]  ; AF19  ; 7        ; 48           ; 0            ; 3           ; 20                    ; 0                  ; no     ; no             ; no            ; no              ; no       ; Off          ; 3.3-V LVTTL  ; Off         ; Fitter               ;
; key2[28]  ; AE13  ; 8        ; 31           ; 0            ; 1           ; 14                    ; 0                  ; no     ; no             ; no            ; no              ; no       ; Off          ; 3.3-V LVTTL  ; Off         ; Fitter               ;
; key2[29]  ; AF17  ; 7        ; 44           ; 0            ; 3           ; 16                    ; 0                  ; no     ; no             ; no            ; no              ; no       ; Off          ; 3.3-V LVTTL  ; Off         ; Fitter               ;
; key2[2]   ; AE15  ; 7        ; 35           ; 0            ; 3           ; 18                    ; 0                  ; no     ; no             ; no            ; no              ; no       ; Off          ; 3.3-V LVTTL  ; Off         ; Fitter               ;
; key2[30]  ; AF9   ; 8        ; 22           ; 0            ; 2           ; 16                    ; 0                  ; no     ; no             ; no            ; no              ; no       ; Off          ; 3.3-V LVTTL  ; Off         ; Fitter               ;
; key2[31]  ; AC10  ; 8        ; 20           ; 0            ; 1           ; 14                    ; 0                  ; no     ; no             ; no            ; no              ; no       ; Off          ; 3.3-V LVTTL  ; Off         ; Fitter               ;
; key2[32]  ; T7    ; 1        ; 0            ; 11           ; 0           ; 0                     ; 0                  ; no     ; no             ; no            ; no              ; no       ; Off          ; 3.3-V LVTTL  ; Off         ; Fitter               ;
; key2[33]  ; AA12  ; 8        ; 29           ; 0            ; 1           ; 19                    ; 0                  ; no     ; no             ; no            ; no              ; no       ; Off          ; 3.3-V LVTTL  ; Off         ; Fitter               ;
; key2[34]  ; AE17  ; 7        ; 44           ; 0            ; 2           ; 18                    ; 0                  ; no     ; no             ; no            ; no              ; no       ; Off          ; 3.3-V LVTTL  ; Off         ; Fitter               ;
; key2[35]  ; AE12  ; 8        ; 31           ; 0            ; 2           ; 16                    ; 0                  ; no     ; no             ; no            ; no              ; no       ; Off          ; 3.3-V LVTTL  ; Off         ; Fitter               ;
; key2[36]  ; AF13  ; 8        ; 31           ; 0            ; 0           ; 16                    ; 0                  ; no     ; no             ; no            ; no              ; no       ; Off          ; 3.3-V LVTTL  ; Off         ; Fitter               ;
; key2[37]  ; AD12  ; 8        ; 31           ; 0            ; 3           ; 15                    ; 0                  ; no     ; no             ; no            ; no              ; no       ; Off          ; 3.3-V LVTTL  ; Off         ; Fitter               ;
; key2[38]  ; V17   ; 7        ; 50           ; 0            ; 2           ; 15                    ; 0                  ; no     ; no             ; no            ; no              ; no       ; Off          ; 3.3-V LVTTL  ; Off         ; Fitter               ;
; key2[39]  ; AD17  ; 7        ; 44           ; 0            ; 0           ; 15                    ; 0                  ; no     ; no             ; no            ; no              ; no       ; Off          ; 3.3-V LVTTL  ; Off         ; Fitter               ;
; key2[3]   ; AD16  ; 7        ; 42           ; 0            ; 3           ; 17                    ; 0                  ; no     ; no             ; no            ; no              ; no       ; Off          ; 3.3-V LVTTL  ; Off         ; Fitter               ;
; key2[40]  ; V10   ; 8        ; 5            ; 0            ; 1           ; 0                     ; 0                  ; no     ; no             ; no            ; no              ; no       ; Off          ; 3.3-V LVTTL  ; Off         ; Fitter               ;
; key2[41]  ; AA16  ; 7        ; 46           ; 0            ; 3           ; 18                    ; 0                  ; no     ; no             ; no            ; no              ; no       ; Off          ; 3.3-V LVTTL  ; Off         ; Fitter               ;
; key2[42]  ; Y16   ; 7        ; 46           ; 0            ; 2           ; 15                    ; 0                  ; no     ; no             ; no            ; no              ; no       ; Off          ; 3.3-V LVTTL  ; Off         ; Fitter               ;
; key2[43]  ; AC15  ; 7        ; 40           ; 0            ; 1           ; 18                    ; 0                  ; no     ; no             ; no            ; no              ; no       ; Off          ; 3.3-V LVTTL  ; Off         ; Fitter               ;
; key2[44]  ; AA13  ; 7        ; 35           ; 0            ; 0           ; 19                    ; 0                  ; no     ; no             ; no            ; no              ; no       ; Off          ; 3.3-V LVTTL  ; Off         ; Fitter               ;
; key2[45]  ; AC9   ; 8        ; 20           ; 0            ; 2           ; 14                    ; 0                  ; no     ; no             ; no            ; no              ; no       ; Off          ; 3.3-V LVTTL  ; Off         ; Fitter               ;
; key2[46]  ; AA15  ; 7        ; 40           ; 0            ; 3           ; 17                    ; 0                  ; no     ; no             ; no            ; no              ; no       ; Off          ; 3.3-V LVTTL  ; Off         ; Fitter               ;
; key2[47]  ; AE16  ; 7        ; 40           ; 0            ; 0           ; 15                    ; 0                  ; no     ; no             ; no            ; no              ; no       ; Off          ; 3.3-V LVTTL  ; Off         ; Fitter               ;
; key2[48]  ; AA10  ; 8        ; 14           ; 0            ; 2           ; 0                     ; 0                  ; no     ; no             ; no            ; no              ; no       ; Off          ; 3.3-V LVTTL  ; Off         ; Fitter               ;
; key2[49]  ; W17   ; 7        ; 50           ; 0            ; 3           ; 18                    ; 0                  ; no     ; no             ; no            ; no              ; no       ; Off          ; 3.3-V LVTTL  ; Off         ; Fitter               ;
; key2[4]   ; AC17  ; 7        ; 44           ; 0            ; 1           ; 15                    ; 0                  ; no     ; no             ; no            ; no              ; no       ; Off          ; 3.3-V LVTTL  ; Off         ; Fitter               ;
; key2[50]  ; AD11  ; 8        ; 27           ; 0            ; 3           ; 18                    ; 0                  ; no     ; no             ; no            ; no              ; no       ; Off          ; 3.3-V LVTTL  ; Off         ; Fitter               ;
; key2[51]  ; AC12  ; 8        ; 24           ; 0            ; 0           ; 17                    ; 0                  ; no     ; no             ; no            ; no              ; no       ; Off          ; 3.3-V LVTTL  ; Off         ; Fitter               ;
; key2[52]  ; AC16  ; 7        ; 42           ; 0            ; 2           ; 16                    ; 0                  ; no     ; no             ; no            ; no              ; no       ; Off          ; 3.3-V LVTTL  ; Off         ; Fitter               ;
; key2[53]  ; AE18  ; 7        ; 46           ; 0            ; 0           ; 14                    ; 0                  ; no     ; no             ; no            ; no              ; no       ; Off          ; 3.3-V LVTTL  ; Off         ; Fitter               ;
; key2[54]  ; V11   ; 8        ; 29           ; 0            ; 3           ; 14                    ; 0                  ; no     ; no             ; no            ; no              ; no       ; Off          ; 3.3-V LVTTL  ; Off         ; Fitter               ;
; key2[55]  ; AC11  ; 8        ; 22           ; 0            ; 0           ; 15                    ; 0                  ; no     ; no             ; no            ; no              ; no       ; Off          ; 3.3-V LVTTL  ; Off         ; Fitter               ;
; key2[56]  ; U17   ; 7        ; 57           ; 0            ; 1           ; 0                     ; 0                  ; no     ; no             ; no            ; no              ; no       ; Off          ; 3.3-V LVTTL  ; Off         ; Fitter               ;
; key2[57]  ; AE9   ; 8        ; 20           ; 0            ; 0           ; 15                    ; 0                  ; no     ; no             ; no            ; no              ; no       ; Off          ; 3.3-V LVTTL  ; Off         ; Fitter               ;
; key2[58]  ; Y15   ; 7        ; 37           ; 0            ; 0           ; 16                    ; 0                  ; no     ; no             ; no            ; no              ; no       ; Off          ; 3.3-V LVTTL  ; Off         ; Fitter               ;
; key2[59]  ; AA17  ; 7        ; 50           ; 0            ; 1           ; 17                    ; 0                  ; no     ; no             ; no            ; no              ; no       ; Off          ; 3.3-V LVTTL  ; Off         ; Fitter               ;
; key2[5]   ; AC18  ; 7        ; 48           ; 0            ; 0           ; 14                    ; 0                  ; no     ; no             ; no            ; no              ; no       ; Off          ; 3.3-V LVTTL  ; Off         ; Fitter               ;
; key2[60]  ; AE19  ; 7        ; 48           ; 0            ; 2           ; 19                    ; 0                  ; no     ; no             ; no            ; no              ; no       ; Off          ; 3.3-V LVTTL  ; Off         ; Fitter               ;
; key2[61]  ; U12   ; 8        ; 29           ; 0            ; 2           ; 13                    ; 0                  ; no     ; no             ; no            ; no              ; no       ; Off          ; 3.3-V LVTTL  ; Off         ; Fitter               ;
; key2[62]  ; V13   ; 8        ; 27           ; 0            ; 0           ; 17                    ; 0                  ; no     ; no             ; no            ; no              ; no       ; Off          ; 3.3-V LVTTL  ; Off         ; Fitter               ;
; key2[63]  ; AB15  ; 7        ; 40           ; 0            ; 2           ; 15                    ; 0                  ; no     ; no             ; no            ; no              ; no       ; Off          ; 3.3-V LVTTL  ; Off         ; Fitter               ;
; key2[6]   ; AA18  ; 7        ; 50           ; 0            ; 0           ; 12                    ; 0                  ; no     ; no             ; no            ; no              ; no       ; Off          ; 3.3-V LVTTL  ; Off         ; Fitter               ;
; key2[7]   ; AB18  ; 7        ; 48           ; 0            ; 1           ; 17                    ; 0                  ; no     ; no             ; no            ; no              ; no       ; Off          ; 3.3-V LVTTL  ; Off         ; Fitter               ;
; key2[8]   ; D14   ; 4        ; 33           ; 36           ; 0           ; 0                     ; 0                  ; no     ; no             ; no            ; no              ; no       ; Off          ; 3.3-V LVTTL  ; Off         ; Fitter               ;
; key2[9]   ; AD10  ; 8        ; 22           ; 0            ; 1           ; 18                    ; 0                  ; no     ; no             ; no            ; no              ; no       ; Off          ; 3.3-V LVTTL  ; Off         ; Fitter               ;
; key3[0]   ; AA9   ; 8        ; 11           ; 0            ; 0           ; 0                     ; 0                  ; no     ; no             ; no            ; no              ; no       ; Off          ; 3.3-V LVTTL  ; Off         ; Fitter               ;
; key3[10]  ; V25   ; 6        ; 65           ; 11           ; 2           ; 17                    ; 0                  ; no     ; no             ; no            ; no              ; no       ; Off          ; 3.3-V LVTTL  ; Off         ; Fitter               ;
; key3[11]  ; L21   ; 5        ; 65           ; 24           ; 0           ; 20                    ; 0                  ; no     ; no             ; no            ; no              ; no       ; Off          ; 3.3-V LVTTL  ; Off         ; Fitter               ;
; key3[12]  ; F25   ; 5        ; 65           ; 29           ; 0           ; 13                    ; 0                  ; no     ; no             ; no            ; no              ; no       ; Off          ; 3.3-V LVTTL  ; Off         ; Fitter               ;
; key3[13]  ; P17   ; 6        ; 65           ; 15           ; 1           ; 15                    ; 0                  ; no     ; no             ; no            ; no              ; no       ; Off          ; 3.3-V LVTTL  ; Off         ; Fitter               ;
; key3[14]  ; T19   ; 6        ; 65           ; 12           ; 1           ; 16                    ; 0                  ; no     ; no             ; no            ; no              ; no       ; Off          ; 3.3-V LVTTL  ; Off         ; Fitter               ;
; key3[15]  ; U20   ; 6        ; 65           ; 12           ; 2           ; 14                    ; 0                  ; no     ; no             ; no            ; no              ; no       ; Off          ; 3.3-V LVTTL  ; Off         ; Fitter               ;
; key3[16]  ; AE23  ; 7        ; 63           ; 0            ; 0           ; 0                     ; 0                  ; no     ; no             ; no            ; no              ; no       ; Off          ; 3.3-V LVTTL  ; Off         ; Fitter               ;
; key3[17]  ; T25   ; 6        ; 65           ; 15           ; 3           ; 20                    ; 0                  ; no     ; no             ; no            ; no              ; no       ; Off          ; 3.3-V LVTTL  ; Off         ; Fitter               ;
; key3[18]  ; J24   ; 5        ; 65           ; 26           ; 1           ; 17                    ; 0                  ; no     ; no             ; no            ; no              ; no       ; Off          ; 3.3-V LVTTL  ; Off         ; Fitter               ;
; key3[19]  ; K23   ; 5        ; 65           ; 25           ; 3           ; 17                    ; 0                  ; no     ; no             ; no            ; no              ; no       ; Off          ; 3.3-V LVTTL  ; Off         ; Fitter               ;
; key3[1]   ; U22   ; 6        ; 65           ; 9            ; 2           ; 20                    ; 0                  ; no     ; no             ; no            ; no              ; no       ; Off          ; 3.3-V LVTTL  ; Off         ; Fitter               ;
; key3[20]  ; J25   ; 5        ; 65           ; 24           ; 2           ; 17                    ; 0                  ; no     ; no             ; no            ; no              ; no       ; Off          ; 3.3-V LVTTL  ; Off         ; Fitter               ;
; key3[21]  ; J26   ; 5        ; 65           ; 24           ; 3           ; 14                    ; 0                  ; no     ; no             ; no            ; no              ; no       ; Off          ; 3.3-V LVTTL  ; Off         ; Fitter               ;
; key3[22]  ; U26   ; 6        ; 65           ; 13           ; 0           ; 13                    ; 0                  ; no     ; no             ; no            ; no              ; no       ; Off          ; 3.3-V LVTTL  ; Off         ; Fitter               ;
; key3[23]  ; H26   ; 5        ; 65           ; 26           ; 3           ; 16                    ; 0                  ; no     ; no             ; no            ; no              ; no       ; Off          ; 3.3-V LVTTL  ; Off         ; Fitter               ;
; key3[24]  ; AA11  ; 8        ; 14           ; 0            ; 0           ; 0                     ; 0                  ; no     ; no             ; no            ; no              ; no       ; Off          ; 3.3-V LVTTL  ; Off         ; Fitter               ;
; key3[25]  ; U24   ; 6        ; 65           ; 13           ; 3           ; 17                    ; 0                  ; no     ; no             ; no            ; no              ; no       ; Off          ; 3.3-V LVTTL  ; Off         ; Fitter               ;
; key3[26]  ; G26   ; 5        ; 65           ; 27           ; 1           ; 19                    ; 0                  ; no     ; no             ; no            ; no              ; no       ; Off          ; 3.3-V LVTTL  ; Off         ; Fitter               ;
; key3[27]  ; W26   ; 6        ; 65           ; 10           ; 2           ; 17                    ; 0                  ; no     ; no             ; no            ; no              ; no       ; Off          ; 3.3-V LVTTL  ; Off         ; Fitter               ;
; key3[28]  ; N26   ; 5        ; 65           ; 19           ; 1           ; 14                    ; 0                  ; no     ; no             ; no            ; no              ; no       ; Off          ; 3.3-V LVTTL  ; Off         ; Fitter               ;
; key3[29]  ; T23   ; 6        ; 65           ; 16           ; 3           ; 15                    ; 0                  ; no     ; no             ; no            ; no              ; no       ; Off          ; 3.3-V LVTTL  ; Off         ; Fitter               ;
; key3[2]   ; K21   ; 5        ; 65           ; 25           ; 2           ; 16                    ; 0                  ; no     ; no             ; no            ; no              ; no       ; Off          ; 3.3-V LVTTL  ; Off         ; Fitter               ;
; key3[30]  ; T20   ; 6        ; 65           ; 14           ; 3           ; 17                    ; 0                  ; no     ; no             ; no            ; no              ; no       ; Off          ; 3.3-V LVTTL  ; Off         ; Fitter               ;
; key3[31]  ; P18   ; 5        ; 65           ; 29           ; 3           ; 14                    ; 0                  ; no     ; no             ; no            ; no              ; no       ; Off          ; 3.3-V LVTTL  ; Off         ; Fitter               ;
; key3[32]  ; V21   ; 6        ; 65           ; 3            ; 0           ; 0                     ; 0                  ; no     ; no             ; no            ; no              ; no       ; Off          ; 3.3-V LVTTL  ; Off         ; Fitter               ;
; key3[33]  ; V26   ; 6        ; 65           ; 11           ; 1           ; 19                    ; 0                  ; no     ; no             ; no            ; no              ; no       ; Off          ; 3.3-V LVTTL  ; Off         ; Fitter               ;
; key3[34]  ; T24   ; 6        ; 65           ; 15           ; 2           ; 16                    ; 0                  ; no     ; no             ; no            ; no              ; no       ; Off          ; 3.3-V LVTTL  ; Off         ; Fitter               ;
; key3[35]  ; U21   ; 6        ; 65           ; 11           ; 0           ; 18                    ; 0                  ; no     ; no             ; no            ; no              ; no       ; Off          ; 3.3-V LVTTL  ; Off         ; Fitter               ;
; key3[36]  ; R17   ; 6        ; 65           ; 15           ; 0           ; 19                    ; 0                  ; no     ; no             ; no            ; no              ; no       ; Off          ; 3.3-V LVTTL  ; Off         ; Fitter               ;
; key3[37]  ; V24   ; 6        ; 65           ; 10           ; 0           ; 15                    ; 0                  ; no     ; no             ; no            ; no              ; no       ; Off          ; 3.3-V LVTTL  ; Off         ; Fitter               ;
; key3[38]  ; T22   ; 6        ; 65           ; 16           ; 2           ; 14                    ; 0                  ; no     ; no             ; no            ; no              ; no       ; Off          ; 3.3-V LVTTL  ; Off         ; Fitter               ;
; key3[39]  ; F26   ; 5        ; 65           ; 29           ; 1           ; 15                    ; 0                  ; no     ; no             ; no            ; no              ; no       ; Off          ; 3.3-V LVTTL  ; Off         ; Fitter               ;
; key3[3]   ; R20   ; 6        ; 65           ; 16           ; 1           ; 16                    ; 0                  ; no     ; no             ; no            ; no              ; no       ; Off          ; 3.3-V LVTTL  ; Off         ; Fitter               ;
; key3[40]  ; G14   ; 4        ; 35           ; 36           ; 2           ; 0                     ; 0                  ; no     ; no             ; no            ; no              ; no       ; Off          ; 3.3-V LVTTL  ; Off         ; Fitter               ;
; key3[41]  ; T18   ; 6        ; 65           ; 14           ; 0           ; 17                    ; 0                  ; no     ; no             ; no            ; no              ; no       ; Off          ; 3.3-V LVTTL  ; Off         ; Fitter               ;
; key3[42]  ; W24   ; 6        ; 65           ; 9            ; 1           ; 19                    ; 0                  ; no     ; no             ; no            ; no              ; no       ; Off          ; 3.3-V LVTTL  ; Off         ; Fitter               ;
; key3[43]  ; U25   ; 6        ; 65           ; 13           ; 1           ; 17                    ; 0                  ; no     ; no             ; no            ; no              ; no       ; Off          ; 3.3-V LVTTL  ; Off         ; Fitter               ;
; key3[44]  ; T17   ; 6        ; 65           ; 14           ; 1           ; 17                    ; 0                  ; no     ; no             ; no            ; no              ; no       ; Off          ; 3.3-V LVTTL  ; Off         ; Fitter               ;
; key3[45]  ; H25   ; 5        ; 65           ; 26           ; 2           ; 14                    ; 0                  ; no     ; no             ; no            ; no              ; no       ; Off          ; 3.3-V LVTTL  ; Off         ; Fitter               ;
; key3[46]  ; R19   ; 6        ; 65           ; 12           ; 0           ; 17                    ; 0                  ; no     ; no             ; no            ; no              ; no       ; Off          ; 3.3-V LVTTL  ; Off         ; Fitter               ;
; key3[47]  ; N25   ; 5        ; 65           ; 19           ; 0           ; 15                    ; 0                  ; no     ; no             ; no            ; no              ; no       ; Off          ; 3.3-V LVTTL  ; Off         ; Fitter               ;
; key3[48]  ; AD8   ; 8        ; 9            ; 0            ; 0           ; 0                     ; 0                  ; no     ; no             ; no            ; no              ; no       ; Off          ; 3.3-V LVTTL  ; Off         ; Fitter               ;
; key3[49]  ; H23   ; 5        ; 65           ; 27           ; 2           ; 17                    ; 0                  ; no     ; no             ; no            ; no              ; no       ; Off          ; 3.3-V LVTTL  ; Off         ; Fitter               ;
; key3[4]   ; J17   ; 4        ; 48           ; 36           ; 0           ; 16                    ; 0                  ; no     ; no             ; no            ; no              ; no       ; Off          ; 3.3-V LVTTL  ; Off         ; Fitter               ;
; key3[50]  ; V23   ; 6        ; 65           ; 10           ; 1           ; 16                    ; 0                  ; no     ; no             ; no            ; no              ; no       ; Off          ; 3.3-V LVTTL  ; Off         ; Fitter               ;
; key3[51]  ; R24   ; 6        ; 65           ; 17           ; 1           ; 19                    ; 0                  ; no     ; no             ; no            ; no              ; no       ; Off          ; 3.3-V LVTTL  ; Off         ; Fitter               ;
; key3[52]  ; M19   ; 5        ; 65           ; 21           ; 0           ; 17                    ; 0                  ; no     ; no             ; no            ; no              ; no       ; Off          ; 3.3-V LVTTL  ; Off         ; Fitter               ;
; key3[53]  ; G16   ; 4        ; 44           ; 36           ; 0           ; 15                    ; 0                  ; no     ; no             ; no            ; no              ; no       ; Off          ; 3.3-V LVTTL  ; Off         ; Fitter               ;
; key3[54]  ; W25   ; 6        ; 65           ; 10           ; 3           ; 14                    ; 0                  ; no     ; no             ; no            ; no              ; no       ; Off          ; 3.3-V LVTTL  ; Off         ; Fitter               ;
; key3[55]  ; U23   ; 6        ; 65           ; 13           ; 2           ; 15                    ; 0                  ; no     ; no             ; no            ; no              ; no       ; Off          ; 3.3-V LVTTL  ; Off         ; Fitter               ;
; key3[56]  ; J16   ; 4        ; 57           ; 36           ; 0           ; 0                     ; 0                  ; no     ; no             ; no            ; no              ; no       ; Off          ; 3.3-V LVTTL  ; Off         ; Fitter               ;
; key3[57]  ; K18   ; 5        ; 65           ; 25           ; 0           ; 18                    ; 0                  ; no     ; no             ; no            ; no              ; no       ; Off          ; 3.3-V LVTTL  ; Off         ; Fitter               ;
; key3[58]  ; H24   ; 5        ; 65           ; 27           ; 3           ; 19                    ; 0                  ; no     ; no             ; no            ; no              ; no       ; Off          ; 3.3-V LVTTL  ; Off         ; Fitter               ;
; key3[59]  ; J23   ; 5        ; 65           ; 26           ; 0           ; 15                    ; 0                  ; no     ; no             ; no            ; no              ; no       ; Off          ; 3.3-V LVTTL  ; Off         ; Fitter               ;
; key3[5]   ; K19   ; 5        ; 65           ; 25           ; 1           ; 14                    ; 0                  ; no     ; no             ; no            ; no              ; no       ; Off          ; 3.3-V LVTTL  ; Off         ; Fitter               ;
; key3[60]  ; T21   ; 6        ; 65           ; 14           ; 2           ; 17                    ; 0                  ; no     ; no             ; no            ; no              ; no       ; Off          ; 3.3-V LVTTL  ; Off         ; Fitter               ;
; key3[61]  ; G25   ; 5        ; 65           ; 27           ; 0           ; 13                    ; 0                  ; no     ; no             ; no            ; no              ; no       ; Off          ; 3.3-V LVTTL  ; Off         ; Fitter               ;
; key3[62]  ; K22   ; 5        ; 65           ; 28           ; 2           ; 16                    ; 0                  ; no     ; no             ; no            ; no              ; no       ; Off          ; 3.3-V LVTTL  ; Off         ; Fitter               ;
; key3[63]  ; N18   ; 5        ; 65           ; 29           ; 2           ; 15                    ; 0                  ; no     ; no             ; no            ; no              ; no       ; Off          ; 3.3-V LVTTL  ; Off         ; Fitter               ;
; key3[6]   ; K17   ; 4        ; 59           ; 36           ; 3           ; 13                    ; 0                  ; no     ; no             ; no            ; no              ; no       ; Off          ; 3.3-V LVTTL  ; Off         ; Fitter               ;
; key3[7]   ; G24   ; 5        ; 65           ; 28           ; 1           ; 17                    ; 0                  ; no     ; no             ; no            ; no              ; no       ; Off          ; 3.3-V LVTTL  ; Off         ; Fitter               ;
; key3[8]   ; H17   ; 4        ; 48           ; 36           ; 1           ; 0                     ; 0                  ; no     ; no             ; no            ; no              ; no       ; Off          ; 3.3-V LVTTL  ; Off         ; Fitter               ;
; key3[9]   ; H19   ; 5        ; 65           ; 26           ; 4           ; 16                    ; 0                  ; no     ; no             ; no            ; no              ; no       ; Off          ; 3.3-V LVTTL  ; Off         ; Fitter               ;
; reset     ; P1    ; 1        ; 0            ; 18           ; 3           ; 1                     ; 0                  ; yes    ; no             ; no            ; no              ; no       ; Off          ; 3.3-V LVTTL  ; Off         ; Fitter               ;
; valid_in  ; AB24  ; 6        ; 65           ; 5            ; 1           ; 1                     ; 0                  ; no     ; no             ; no            ; no              ; no       ; Off          ; 3.3-V LVTTL  ; Off         ; Fitter               ;
+-----------+-------+----------+--------------+--------------+-------------+-----------------------+--------------------+--------+----------------+---------------+-----------------+----------+--------------+--------------+-------------+----------------------+


+-----------------------------------------------------------------------------------------------------------------------------------------------------------------------------------------------------------------------------------------------------------------------------------------------------------------------------------------+
; Output Pins                                                                                                                                                                                                                                                                                                                             ;
+-----------+-------+----------+--------------+--------------+-------------+-----------------+------------------------+---------------+-----------------+------------+---------------+----------+--------------+--------------+------------------+-------------+----------------------+------+----------------------+---------------------+
; Name      ; Pin # ; I/O Bank ; X coordinate ; Y coordinate ; Cell number ; Output Register ; Output Enable Register ; Power Up High ; PCI I/O Enabled ; Open Drain ; TRI Primitive ; Bus Hold ; Weak Pull Up ; I/O Standard ; Current Strength ; Termination ; Location assigned by ; Load ; Output Enable Source ; Output Enable Group ;
+-----------+-------+----------+--------------+--------------+-------------+-----------------+------------------------+---------------+-----------------+------------+---------------+----------+--------------+--------------+------------------+-------------+----------------------+------+----------------------+---------------------+
; odata[0]  ; AA26  ; 6        ; 65           ; 8            ; 2           ; no              ; no                     ; no            ; no              ; no         ; no            ; no       ; Off          ; 3.3-V LVTTL  ; 24mA             ; Off         ; Fitter               ; 0 pF ; -                    ; -                   ;
; odata[10] ; B23   ; 4        ; 61           ; 36           ; 0           ; no              ; no                     ; no            ; no              ; no         ; no            ; no       ; Off          ; 3.3-V LVTTL  ; 24mA             ; Off         ; Fitter               ; 0 pF ; -                    ; -                   ;
; odata[11] ; E25   ; 5        ; 65           ; 31           ; 4           ; no              ; no                     ; no            ; no              ; no         ; no            ; no       ; Off          ; 3.3-V LVTTL  ; 24mA             ; Off         ; Fitter               ; 0 pF ; -                    ; -                   ;
; odata[12] ; C21   ; 4        ; 63           ; 36           ; 2           ; no              ; no                     ; no            ; no              ; no         ; no            ; no       ; Off          ; 3.3-V LVTTL  ; 24mA             ; Off         ; Fitter               ; 0 pF ; -                    ; -                   ;
; odata[13] ; E26   ; 5        ; 65           ; 31           ; 3           ; no              ; no                     ; no            ; no              ; no         ; no            ; no       ; Off          ; 3.3-V LVTTL  ; 24mA             ; Off         ; Fitter               ; 0 pF ; -                    ; -                   ;
; odata[14] ; H21   ; 5        ; 65           ; 33           ; 2           ; no              ; no                     ; no            ; no              ; no         ; no            ; no       ; Off          ; 3.3-V LVTTL  ; 24mA             ; Off         ; Fitter               ; 0 pF ; -                    ; -                   ;
; odata[15] ; F23   ; 5        ; 65           ; 30           ; 1           ; no              ; no                     ; no            ; no              ; no         ; no            ; no       ; Off          ; 3.3-V LVTTL  ; 24mA             ; Off         ; Fitter               ; 0 pF ; -                    ; -                   ;
; odata[16] ; B21   ; 4        ; 59           ; 36           ; 0           ; no              ; no                     ; no            ; no              ; no         ; no            ; no       ; Off          ; 3.3-V LVTTL  ; 24mA             ; Off         ; Fitter               ; 0 pF ; -                    ; -                   ;
; odata[17] ; L20   ; 5        ; 65           ; 24           ; 1           ; no              ; no                     ; no            ; no              ; no         ; no            ; no       ; Off          ; 3.3-V LVTTL  ; 24mA             ; Off         ; Fitter               ; 0 pF ; -                    ; -                   ;
; odata[18] ; D26   ; 5        ; 65           ; 31           ; 0           ; no              ; no                     ; no            ; no              ; no         ; no            ; no       ; Off          ; 3.3-V LVTTL  ; 24mA             ; Off         ; Fitter               ; 0 pF ; -                    ; -                   ;
; odata[19] ; W23   ; 6        ; 65           ; 9            ; 0           ; no              ; no                     ; no            ; no              ; no         ; no            ; no       ; Off          ; 3.3-V LVTTL  ; 24mA             ; Off         ; Fitter               ; 0 pF ; -                    ; -                   ;
; odata[1]  ; A20   ; 4        ; 55           ; 36           ; 2           ; no              ; no                     ; no            ; no              ; no         ; no            ; no       ; Off          ; 3.3-V LVTTL  ; 24mA             ; Off         ; Fitter               ; 0 pF ; -                    ; -                   ;
; odata[20] ; B25   ; 5        ; 65           ; 32           ; 1           ; no              ; no                     ; no            ; no              ; no         ; no            ; no       ; Off          ; 3.3-V LVTTL  ; 24mA             ; Off         ; Fitter               ; 0 pF ; -                    ; -                   ;
; odata[21] ; Y26   ; 6        ; 65           ; 8            ; 1           ; no              ; no                     ; no            ; no              ; no         ; no            ; no       ; Off          ; 3.3-V LVTTL  ; 24mA             ; Off         ; Fitter               ; 0 pF ; -                    ; -                   ;
; odata[22] ; P24   ; 6        ; 65           ; 18           ; 1           ; no              ; no                     ; no            ; no              ; no         ; no            ; no       ; Off          ; 3.3-V LVTTL  ; 24mA             ; Off         ; Fitter               ; 0 pF ; -                    ; -                   ;
; odata[23] ; N23   ; 5        ; 65           ; 20           ; 2           ; no              ; no                     ; no            ; no              ; no         ; no            ; no       ; Off          ; 3.3-V LVTTL  ; 24mA             ; Off         ; Fitter               ; 0 pF ; -                    ; -                   ;
; odata[24] ; E24   ; 5        ; 65           ; 33           ; 4           ; no              ; no                     ; no            ; no              ; no         ; no            ; no       ; Off          ; 3.3-V LVTTL  ; 24mA             ; Off         ; Fitter               ; 0 pF ; -                    ; -                   ;
; odata[25] ; C19   ; 4        ; 53           ; 36           ; 0           ; no              ; no                     ; no            ; no              ; no         ; no            ; no       ; Off          ; 3.3-V LVTTL  ; 24mA             ; Off         ; Fitter               ; 0 pF ; -                    ; -                   ;
; odata[26] ; G22   ; 5        ; 65           ; 33           ; 1           ; no              ; no                     ; no            ; no              ; no         ; no            ; no       ; Off          ; 3.3-V LVTTL  ; 24mA             ; Off         ; Fitter               ; 0 pF ; -                    ; -                   ;
; odata[27] ; Y25   ; 6        ; 65           ; 8            ; 0           ; no              ; no                     ; no            ; no              ; no         ; no            ; no       ; Off          ; 3.3-V LVTTL  ; 24mA             ; Off         ; Fitter               ; 0 pF ; -                    ; -                   ;
; odata[28] ; L25   ; 5        ; 65           ; 23           ; 2           ; no              ; no                     ; no            ; no              ; no         ; no            ; no       ; Off          ; 3.3-V LVTTL  ; 24mA             ; Off         ; Fitter               ; 0 pF ; -                    ; -                   ;
; odata[29] ; C25   ; 5        ; 65           ; 32           ; 2           ; no              ; no                     ; no            ; no              ; no         ; no            ; no       ; Off          ; 3.3-V LVTTL  ; 24mA             ; Off         ; Fitter               ; 0 pF ; -                    ; -                   ;
; odata[2]  ; C17   ; 4        ; 46           ; 36           ; 1           ; no              ; no                     ; no            ; no              ; no         ; no            ; no       ; Off          ; 3.3-V LVTTL  ; 24mA             ; Off         ; Fitter               ; 0 pF ; -                    ; -                   ;
; odata[30] ; R25   ; 6        ; 65           ; 17           ; 0           ; no              ; no                     ; no            ; no              ; no         ; no            ; no       ; Off          ; 3.3-V LVTTL  ; 24mA             ; Off         ; Fitter               ; 0 pF ; -                    ; -                   ;
; odata[31] ; K16   ; 4        ; 57           ; 36           ; 1           ; no              ; no                     ; no            ; no              ; no         ; no            ; no       ; Off          ; 3.3-V LVTTL  ; 24mA             ; Off         ; Fitter               ; 0 pF ; -                    ; -                   ;
; odata[32] ; D25   ; 5        ; 65           ; 31           ; 1           ; no              ; no                     ; no            ; no              ; no         ; no            ; no       ; Off          ; 3.3-V LVTTL  ; 24mA             ; Off         ; Fitter               ; 0 pF ; -                    ; -                   ;
; odata[33] ; K26   ; 5        ; 65           ; 22           ; 1           ; no              ; no                     ; no            ; no              ; no         ; no            ; no       ; Off          ; 3.3-V LVTTL  ; 24mA             ; Off         ; Fitter               ; 0 pF ; -                    ; -                   ;
; odata[34] ; M24   ; 5        ; 65           ; 20           ; 0           ; no              ; no                     ; no            ; no              ; no         ; no            ; no       ; Off          ; 3.3-V LVTTL  ; 24mA             ; Off         ; Fitter               ; 0 pF ; -                    ; -                   ;
; odata[35] ; P23   ; 6        ; 65           ; 18           ; 0           ; no              ; no                     ; no            ; no              ; no         ; no            ; no       ; Off          ; 3.3-V LVTTL  ; 24mA             ; Off         ; Fitter               ; 0 pF ; -                    ; -                   ;
; odata[36] ; J22   ; 5        ; 65           ; 31           ; 2           ; no              ; no                     ; no            ; no              ; no         ; no            ; no       ; Off          ; 3.3-V LVTTL  ; 24mA             ; Off         ; Fitter               ; 0 pF ; -                    ; -                   ;
; odata[37] ; G23   ; 5        ; 65           ; 28           ; 0           ; no              ; no                     ; no            ; no              ; no         ; no            ; no       ; Off          ; 3.3-V LVTTL  ; 24mA             ; Off         ; Fitter               ; 0 pF ; -                    ; -                   ;
; odata[38] ; M25   ; 5        ; 65           ; 20           ; 1           ; no              ; no                     ; no            ; no              ; no         ; no            ; no       ; Off          ; 3.3-V LVTTL  ; 24mA             ; Off         ; Fitter               ; 0 pF ; -                    ; -                   ;
; odata[39] ; B20   ; 4        ; 55           ; 36           ; 1           ; no              ; no                     ; no            ; no              ; no         ; no            ; no       ; Off          ; 3.3-V LVTTL  ; 24mA             ; Off         ; Fitter               ; 0 pF ; -                    ; -                   ;
; odata[3]  ; E20   ; 4        ; 55           ; 36           ; 0           ; no              ; no                     ; no            ; no              ; no         ; no            ; no       ; Off          ; 3.3-V LVTTL  ; 24mA             ; Off         ; Fitter               ; 0 pF ; -                    ; -                   ;
; odata[40] ; F21   ; 5        ; 65           ; 34           ; 1           ; no              ; no                     ; no            ; no              ; no         ; no            ; no       ; Off          ; 3.3-V LVTTL  ; 24mA             ; Off         ; Fitter               ; 0 pF ; -                    ; -                   ;
; odata[41] ; J20   ; 5        ; 65           ; 30           ; 3           ; no              ; no                     ; no            ; no              ; no         ; no            ; no       ; Off          ; 3.3-V LVTTL  ; 24mA             ; Off         ; Fitter               ; 0 pF ; -                    ; -                   ;
; odata[42] ; L23   ; 5        ; 65           ; 23           ; 0           ; no              ; no                     ; no            ; no              ; no         ; no            ; no       ; Off          ; 3.3-V LVTTL  ; 24mA             ; Off         ; Fitter               ; 0 pF ; -                    ; -                   ;
; odata[43] ; J18   ; 4        ; 59           ; 36           ; 2           ; no              ; no                     ; no            ; no              ; no         ; no            ; no       ; Off          ; 3.3-V LVTTL  ; 24mA             ; Off         ; Fitter               ; 0 pF ; -                    ; -                   ;
; odata[44] ; Y23   ; 6        ; 65           ; 7            ; 0           ; no              ; no                     ; no            ; no              ; no         ; no            ; no       ; Off          ; 3.3-V LVTTL  ; 24mA             ; Off         ; Fitter               ; 0 pF ; -                    ; -                   ;
; odata[45] ; A19   ; 4        ; 53           ; 36           ; 3           ; no              ; no                     ; no            ; no              ; no         ; no            ; no       ; Off          ; 3.3-V LVTTL  ; 24mA             ; Off         ; Fitter               ; 0 pF ; -                    ; -                   ;
; odata[46] ; N20   ; 5        ; 65           ; 21           ; 2           ; no              ; no                     ; no            ; no              ; no         ; no            ; no       ; Off          ; 3.3-V LVTTL  ; 24mA             ; Off         ; Fitter               ; 0 pF ; -                    ; -                   ;
; odata[47] ; M20   ; 5        ; 65           ; 21           ; 1           ; no              ; no                     ; no            ; no              ; no         ; no            ; no       ; Off          ; 3.3-V LVTTL  ; 24mA             ; Off         ; Fitter               ; 0 pF ; -                    ; -                   ;
; odata[48] ; J21   ; 5        ; 65           ; 30           ; 2           ; no              ; no                     ; no            ; no              ; no         ; no            ; no       ; Off          ; 3.3-V LVTTL  ; 24mA             ; Off         ; Fitter               ; 0 pF ; -                    ; -                   ;
; odata[49] ; D20   ; 4        ; 57           ; 36           ; 2           ; no              ; no                     ; no            ; no              ; no         ; no            ; no       ; Off          ; 3.3-V LVTTL  ; 24mA             ; Off         ; Fitter               ; 0 pF ; -                    ; -                   ;
; odata[4]  ; K25   ; 5        ; 65           ; 22           ; 0           ; no              ; no                     ; no            ; no              ; no         ; no            ; no       ; Off          ; 3.3-V LVTTL  ; 24mA             ; Off         ; Fitter               ; 0 pF ; -                    ; -                   ;
; odata[50] ; M22   ; 5        ; 65           ; 22           ; 2           ; no              ; no                     ; no            ; no              ; no         ; no            ; no       ; Off          ; 3.3-V LVTTL  ; 24mA             ; Off         ; Fitter               ; 0 pF ; -                    ; -                   ;
; odata[51] ; Y24   ; 6        ; 65           ; 7            ; 1           ; no              ; no                     ; no            ; no              ; no         ; no            ; no       ; Off          ; 3.3-V LVTTL  ; 24mA             ; Off         ; Fitter               ; 0 pF ; -                    ; -                   ;
; odata[52] ; N24   ; 5        ; 65           ; 20           ; 3           ; no              ; no                     ; no            ; no              ; no         ; no            ; no       ; Off          ; 3.3-V LVTTL  ; 24mA             ; Off         ; Fitter               ; 0 pF ; -                    ; -                   ;
; odata[53] ; B24   ; 5        ; 65           ; 32           ; 0           ; no              ; no                     ; no            ; no              ; no         ; no            ; no       ; Off          ; 3.3-V LVTTL  ; 24mA             ; Off         ; Fitter               ; 0 pF ; -                    ; -                   ;
; odata[54] ; L24   ; 5        ; 65           ; 23           ; 1           ; no              ; no                     ; no            ; no              ; no         ; no            ; no       ; Off          ; 3.3-V LVTTL  ; 24mA             ; Off         ; Fitter               ; 0 pF ; -                    ; -                   ;
; odata[55] ; K24   ; 5        ; 65           ; 25           ; 4           ; no              ; no                     ; no            ; no              ; no         ; no            ; no       ; Off          ; 3.3-V LVTTL  ; 24mA             ; Off         ; Fitter               ; 0 pF ; -                    ; -                   ;
; odata[56] ; G21   ; 5        ; 65           ; 33           ; 0           ; no              ; no                     ; no            ; no              ; no         ; no            ; no       ; Off          ; 3.3-V LVTTL  ; 24mA             ; Off         ; Fitter               ; 0 pF ; -                    ; -                   ;
; odata[57] ; D19   ; 4        ; 53           ; 36           ; 1           ; no              ; no                     ; no            ; no              ; no         ; no            ; no       ; Off          ; 3.3-V LVTTL  ; 24mA             ; Off         ; Fitter               ; 0 pF ; -                    ; -                   ;
; odata[58] ; M21   ; 5        ; 65           ; 21           ; 3           ; no              ; no                     ; no            ; no              ; no         ; no            ; no       ; Off          ; 3.3-V LVTTL  ; 24mA             ; Off         ; Fitter               ; 0 pF ; -                    ; -                   ;
; odata[59] ; F24   ; 5        ; 65           ; 30           ; 0           ; no              ; no                     ; no            ; no              ; no         ; no            ; no       ; Off          ; 3.3-V LVTTL  ; 24mA             ; Off         ; Fitter               ; 0 pF ; -                    ; -                   ;
; odata[5]  ; A21   ; 4        ; 59           ; 36           ; 1           ; no              ; no                     ; no            ; no              ; no         ; no            ; no       ; Off          ; 3.3-V LVTTL  ; 24mA             ; Off         ; Fitter               ; 0 pF ; -                    ; -                   ;
; odata[60] ; AA25  ; 6        ; 65           ; 8            ; 3           ; no              ; no                     ; no            ; no              ; no         ; no            ; no       ; Off          ; 3.3-V LVTTL  ; 24mA             ; Off         ; Fitter               ; 0 pF ; -                    ; -                   ;
; odata[61] ; E22   ; 5        ; 65           ; 34           ; 2           ; no              ; no                     ; no            ; no              ; no         ; no            ; no       ; Off          ; 3.3-V LVTTL  ; 24mA             ; Off         ; Fitter               ; 0 pF ; -                    ; -                   ;
; odata[62] ; A23   ; 4        ; 61           ; 36           ; 1           ; no              ; no                     ; no            ; no              ; no         ; no            ; no       ; Off          ; 3.3-V LVTTL  ; 24mA             ; Off         ; Fitter               ; 0 pF ; -                    ; -                   ;
; odata[63] ; F20   ; 5        ; 65           ; 34           ; 0           ; no              ; no                     ; no            ; no              ; no         ; no            ; no       ; Off          ; 3.3-V LVTTL  ; 24mA             ; Off         ; Fitter               ; 0 pF ; -                    ; -                   ;
; odata[6]  ; E23   ; 5        ; 65           ; 33           ; 3           ; no              ; no                     ; no            ; no              ; no         ; no            ; no       ; Off          ; 3.3-V LVTTL  ; 24mA             ; Off         ; Fitter               ; 0 pF ; -                    ; -                   ;
; odata[7]  ; M23   ; 5        ; 65           ; 22           ; 3           ; no              ; no                     ; no            ; no              ; no         ; no            ; no       ; Off          ; 3.3-V LVTTL  ; 24mA             ; Off         ; Fitter               ; 0 pF ; -                    ; -                   ;
; odata[8]  ; C24   ; 5        ; 65           ; 32           ; 3           ; no              ; no                     ; no            ; no              ; no         ; no            ; no       ; Off          ; 3.3-V LVTTL  ; 24mA             ; Off         ; Fitter               ; 0 pF ; -                    ; -                   ;
; odata[9]  ; L19   ; 5        ; 65           ; 23           ; 3           ; no              ; no                     ; no            ; no              ; no         ; no            ; no       ; Off          ; 3.3-V LVTTL  ; 24mA             ; Off         ; Fitter               ; 0 pF ; -                    ; -                   ;
; valid_out ; AB26  ; 6        ; 65           ; 7            ; 3           ; no              ; no                     ; no            ; no              ; no         ; no            ; no       ; Off          ; 3.3-V LVTTL  ; 24mA             ; Off         ; Fitter               ; 0 pF ; -                    ; -                   ;
+-----------+-------+----------+--------------+--------------+-------------+-----------------+------------------------+---------------+-----------------+------------+---------------+----------+--------------+--------------+------------------+-------------+----------------------+------+----------------------+---------------------+


+------------------------------------------------------------+
; I/O Bank Usage                                             ;
+----------+------------------+---------------+--------------+
; I/O Bank ; Usage            ; VCCIO Voltage ; VREF Voltage ;
+----------+------------------+---------------+--------------+
; 1        ; 19 / 64 ( 30 % ) ; 3.3V          ; --           ;
; 2        ; 57 / 59 ( 97 % ) ; 3.3V          ; --           ;
; 3        ; 46 / 56 ( 82 % ) ; 3.3V          ; --           ;
; 4        ; 28 / 58 ( 48 % ) ; 3.3V          ; --           ;
; 5        ; 64 / 65 ( 98 % ) ; 3.3V          ; --           ;
; 6        ; 44 / 59 ( 75 % ) ; 3.3V          ; --           ;
; 7        ; 39 / 58 ( 67 % ) ; 3.3V          ; --           ;
; 8        ; 30 / 56 ( 54 % ) ; 3.3V          ; --           ;
+----------+------------------+---------------+--------------+


+------------------------------------------------------------------------------------------------------------------------------------------------------------------------+
; All Package Pins                                                                                                                                                       ;
+----------+------------+----------+------------------------------------------+--------+--------------+---------+------------+-----------------+----------+--------------+
; Location ; Pad Number ; I/O Bank ; Pin Name/Usage                           ; Dir.   ; I/O Standard ; Voltage ; I/O Type   ; User Assignment ; Bus Hold ; Weak Pull Up ;
+----------+------------+----------+------------------------------------------+--------+--------------+---------+------------+-----------------+----------+--------------+
; A2       ;            ;          ; GND                                      ; gnd    ;              ;         ; --         ;                 ; --       ; --           ;
; A3       ;            ; 3        ; VCCIO3                                   ; power  ;              ; 3.3V    ; --         ;                 ; --       ; --           ;
; A4       ; 484        ; 3        ; GND*                                     ;        ;              ;         ; Column I/O ;                 ; no       ; Off          ;
; A5       ; 482        ; 3        ; GND*                                     ;        ;              ;         ; Column I/O ;                 ; no       ; Off          ;
; A6       ; 479        ; 3        ; idata[44]                                ; input  ; 3.3-V LVTTL  ;         ; Column I/O ; N               ; no       ; Off          ;
; A7       ; 465        ; 3        ; key1[14]                                 ; input  ; 3.3-V LVTTL  ;         ; Column I/O ; N               ; no       ; Off          ;
; A8       ; 457        ; 3        ; key1[38]                                 ; input  ; 3.3-V LVTTL  ;         ; Column I/O ; N               ; no       ; Off          ;
; A9       ; 451        ; 3        ; idata[22]                                ; input  ; 3.3-V LVTTL  ;         ; Column I/O ; N               ; no       ; Off          ;
; A10      ; 447        ; 3        ; key1[52]                                 ; input  ; 3.3-V LVTTL  ;         ; Column I/O ; N               ; no       ; Off          ;
; A11      ;            ; 3        ; VCCIO3                                   ; power  ;              ; 3.3V    ; --         ;                 ; --       ; --           ;
; A12      ;            ;          ; GND                                      ; gnd    ;              ;         ; --         ;                 ; --       ; --           ;
; A13      ; 430        ; 4        ; key1[31]                                 ; input  ; 3.3-V LVTTL  ;         ; Column I/O ; N               ; no       ; Off          ;
; A14      ; 427        ; 4        ; GND*                                     ;        ;              ;         ; Column I/O ;                 ; no       ; Off          ;
; A15      ;            ;          ; GND                                      ; gnd    ;              ;         ; --         ;                 ; --       ; --           ;
; A16      ;            ; 4        ; VCCIO4                                   ; power  ;              ; 3.3V    ; --         ;                 ; --       ; --           ;
; A17      ; 412        ; 4        ; GND*                                     ;        ;              ;         ; Column I/O ;                 ; no       ; Off          ;
; A18      ; 406        ; 4        ; GND*                                     ;        ;              ;         ; Column I/O ;                 ; no       ; Off          ;
; A19      ; 394        ; 4        ; odata[45]                                ; output ; 3.3-V LVTTL  ;         ; Column I/O ; N               ; no       ; Off          ;
; A20      ; 390        ; 4        ; odata[1]                                 ; output ; 3.3-V LVTTL  ;         ; Column I/O ; N               ; no       ; Off          ;
; A21      ; 382        ; 4        ; odata[5]                                 ; output ; 3.3-V LVTTL  ;         ; Column I/O ; N               ; no       ; Off          ;
; A22      ; 379        ; 4        ; GND*                                     ;        ;              ;         ; Column I/O ;                 ; no       ; Off          ;
; A23      ; 378        ; 4        ; odata[62]                                ; output ; 3.3-V LVTTL  ;         ; Column I/O ; N               ; no       ; Off          ;
; A24      ;            ; 4        ; VCCIO4                                   ; power  ;              ; 3.3V    ; --         ;                 ; --       ; --           ;
; A25      ;            ;          ; GND                                      ; gnd    ;              ;         ; --         ;                 ; --       ; --           ;
; AA1      ; 107        ; 1        ; GND*                                     ;        ;              ;         ; Row I/O    ;                 ; no       ; Off          ;
; AA2      ; 106        ; 1        ; GND*                                     ;        ;              ;         ; Row I/O    ;                 ; no       ; Off          ;
; AA3      ; 117        ; 1        ; GND*                                     ;        ;              ;         ; Row I/O    ;                 ; no       ; Off          ;
; AA4      ; 116        ; 1        ; GND*                                     ;        ;              ;         ; Row I/O    ;                 ; no       ; Off          ;
; AA5      ; 120        ; 1        ; GND*                                     ;        ;              ;         ; Row I/O    ;                 ; no       ; Off          ;
; AA6      ; 130        ; 1        ; GND*                                     ;        ;              ;         ; Row I/O    ;                 ; no       ; Off          ;
; AA7      ; 129        ; 1        ; GND*                                     ;        ;              ;         ; Row I/O    ;                 ; no       ; Off          ;
; AA8      ;            ;          ; VCCA_PLL1                                ; power  ;              ; 1.2V    ; --         ;                 ; --       ; --           ;
; AA9      ; 152        ; 8        ; key3[0]                                  ; input  ; 3.3-V LVTTL  ;         ; Column I/O ; N               ; no       ; Off          ;
; AA10     ; 153        ; 8        ; key2[48]                                 ; input  ; 3.3-V LVTTL  ;         ; Column I/O ; N               ; no       ; Off          ;
; AA11     ; 155        ; 8        ; key3[24]                                 ; input  ; 3.3-V LVTTL  ;         ; Column I/O ; N               ; no       ; Off          ;
; AA12     ; 179        ; 8        ; key2[33]                                 ; input  ; 3.3-V LVTTL  ;         ; Column I/O ; N               ; no       ; Off          ;
; AA13     ; 192        ; 7        ; key2[44]                                 ; input  ; 3.3-V LVTTL  ;         ; Column I/O ; N               ; no       ; Off          ;
; AA14     ; 194        ; 7        ; key2[25]                                 ; input  ; 3.3-V LVTTL  ;         ; Column I/O ; N               ; no       ; Off          ;
; AA15     ; 197        ; 7        ; key2[46]                                 ; input  ; 3.3-V LVTTL  ;         ; Column I/O ; N               ; no       ; Off          ;
; AA16     ; 209        ; 7        ; key2[41]                                 ; input  ; 3.3-V LVTTL  ;         ; Column I/O ; N               ; no       ; Off          ;
; AA17     ; 219        ; 7        ; key2[59]                                 ; input  ; 3.3-V LVTTL  ;         ; Column I/O ; N               ; no       ; Off          ;
; AA18     ; 220        ; 7        ; key2[6]                                  ; input  ; 3.3-V LVTTL  ;         ; Column I/O ; N               ; no       ; Off          ;
; AA19     ;            ;          ; VCCA_PLL4                                ; power  ;              ; 1.2V    ; --         ;                 ; --       ; --           ;
; AA20     ; 230        ; 7        ; GND*                                     ;        ;              ;         ; Column I/O ;                 ; no       ; Off          ;
; AA21     ;            ;          ; GND_PLL4                                 ; gnd    ;              ;         ; --         ;                 ; --       ; --           ;
; AA22     ;            ; 6        ; VCCIO6                                   ; power  ;              ; 3.3V    ; --         ;                 ; --       ; --           ;
; AA23     ; 256        ; 6        ; GND*                                     ;        ;              ;         ; Row I/O    ;                 ; no       ; Off          ;
; AA24     ; 255        ; 6        ; GND*                                     ;        ;              ;         ; Row I/O    ;                 ; no       ; Off          ;
; AA25     ; 266        ; 6        ; odata[60]                                ; output ; 3.3-V LVTTL  ;         ; Row I/O    ; N               ; no       ; Off          ;
; AA26     ; 267        ; 6        ; odata[0]                                 ; output ; 3.3-V LVTTL  ;         ; Row I/O    ; N               ; no       ; Off          ;
; AB1      ; 115        ; 1        ; GND*                                     ;        ;              ;         ; Row I/O    ;                 ; no       ; Off          ;
; AB2      ; 114        ; 1        ; GND*                                     ;        ;              ;         ; Row I/O    ;                 ; no       ; Off          ;
; AB3      ; 126        ; 1        ; GND*                                     ;        ;              ;         ; Row I/O    ;                 ; no       ; Off          ;
; AB4      ; 127        ; 1        ; GND*                                     ;        ;              ;         ; Row I/O    ;                 ; no       ; Off          ;
; AB5      ;            ; 1        ; VCCIO1                                   ; power  ;              ; 3.3V    ; --         ;                 ; --       ; --           ;
; AB6      ;            ; 8        ; VCCIO8                                   ; power  ;              ; 3.3V    ; --         ;                 ; --       ; --           ;
; AB7      ;            ;          ; GND                                      ; gnd    ;              ;         ; --         ;                 ; --       ; --           ;
; AB8      ; 147        ; 8        ; GND*                                     ;        ;              ;         ; Column I/O ;                 ; no       ; Off          ;
; AB9      ;            ; 8        ; VCCIO8                                   ; power  ;              ; 3.3V    ; --         ;                 ; --       ; --           ;
; AB10     ; 154        ; 8        ; GND*                                     ;        ;              ;         ; Column I/O ;                 ; no       ; Off          ;
; AB11     ;            ;          ; GND                                      ; gnd    ;              ;         ; --         ;                 ; --       ; --           ;
; AB12     ; 171        ; 8        ; key2[26]                                 ; input  ; 3.3-V LVTTL  ;         ; Column I/O ; N               ; no       ; Off          ;
; AB13     ;            ; 8        ; VCCIO8                                   ; power  ;              ; 3.3V    ; --         ;                 ; --       ; --           ;
; AB14     ;            ; 7        ; VCCIO7                                   ; power  ;              ; 3.3V    ; --         ;                 ; --       ; --           ;
; AB15     ; 198        ; 7        ; key2[63]                                 ; input  ; 3.3-V LVTTL  ;         ; Column I/O ; N               ; no       ; Off          ;
; AB16     ;            ;          ; GND                                      ; gnd    ;              ;         ; --         ;                 ; --       ; --           ;
; AB17     ;            ; 7        ; VCCIO7                                   ; power  ;              ; 3.3V    ; --         ;                 ; --       ; --           ;
; AB18     ; 215        ; 7        ; key2[7]                                  ; input  ; 3.3-V LVTTL  ;         ; Column I/O ; N               ; no       ; Off          ;
; AB19     ;            ;          ; GND                                      ; gnd    ;              ;         ; --         ;                 ; --       ; --           ;
; AB20     ; 225        ; 7        ; GND*                                     ;        ;              ;         ; Column I/O ;                 ; no       ; Off          ;
; AB21     ; 242        ; 7        ; GND*                                     ;        ;              ;         ; Column I/O ;                 ; no       ; Off          ;
; AB22     ;            ; 7        ; VCCIO7                                   ; power  ;              ; 3.3V    ; --         ;                 ; --       ; --           ;
; AB23     ; 258        ; 6        ; GND*                                     ;        ;              ;         ; Row I/O    ;                 ; no       ; Off          ;
; AB24     ; 257        ; 6        ; valid_in                                 ; input  ; 3.3-V LVTTL  ;         ; Row I/O    ; N               ; no       ; Off          ;
; AB25     ; 263        ; 6        ; GND*                                     ;        ;              ;         ; Row I/O    ;                 ; no       ; Off          ;
; AB26     ; 262        ; 6        ; valid_out                                ; output ; 3.3-V LVTTL  ;         ; Row I/O    ; N               ; no       ; Off          ;
; AC1      ; 119        ; 1        ; GND*                                     ;        ;              ;         ; Row I/O    ;                 ; no       ; Off          ;
; AC2      ; 118        ; 1        ; GND*                                     ;        ;              ;         ; Row I/O    ;                 ; no       ; Off          ;
; AC3      ; 128        ; 1        ; GND*                                     ;        ;              ;         ; Row I/O    ;                 ; no       ; Off          ;
; AC4      ;            ;          ; GND                                      ; gnd    ;              ;         ; --         ;                 ; --       ; --           ;
; AC5      ; 133        ; 8        ; key2[0]                                  ; input  ; 3.3-V LVTTL  ;         ; Column I/O ; N               ; no       ; Off          ;
; AC6      ; 134        ; 8        ; GND*                                     ;        ;              ;         ; Column I/O ;                 ; no       ; Off          ;
; AC7      ; 143        ; 8        ; GND*                                     ;        ;              ;         ; Column I/O ;                 ; --       ; --           ;
; AC8      ; 148        ; 8        ; GND*                                     ;        ;              ;         ; Column I/O ;                 ; no       ; Off          ;
; AC9      ; 163        ; 8        ; key2[45]                                 ; input  ; 3.3-V LVTTL  ;         ; Column I/O ; N               ; no       ; Off          ;
; AC10     ; 164        ; 8        ; key2[31]                                 ; input  ; 3.3-V LVTTL  ;         ; Column I/O ; N               ; no       ; Off          ;
; AC11     ; 168        ; 8        ; key2[55]                                 ; input  ; 3.3-V LVTTL  ;         ; Column I/O ; N               ; no       ; Off          ;
; AC12     ; 172        ; 8        ; key2[51]                                 ; input  ; 3.3-V LVTTL  ;         ; Column I/O ; N               ; no       ; Off          ;
; AC13     ; 185        ; 8        ; GND+                                     ;        ;              ;         ; Column I/O ;                 ; --       ; --           ;
; AC14     ; 191        ; 7        ; key2[14]                                 ; input  ; 3.3-V LVTTL  ;         ; Column I/O ; N               ; no       ; Off          ;
; AC15     ; 199        ; 7        ; key2[43]                                 ; input  ; 3.3-V LVTTL  ;         ; Column I/O ; N               ; no       ; Off          ;
; AC16     ; 202        ; 7        ; key2[52]                                 ; input  ; 3.3-V LVTTL  ;         ; Column I/O ; N               ; no       ; Off          ;
; AC17     ; 207        ; 7        ; key2[4]                                  ; input  ; 3.3-V LVTTL  ;         ; Column I/O ; N               ; no       ; Off          ;
; AC18     ; 216        ; 7        ; key2[5]                                  ; input  ; 3.3-V LVTTL  ;         ; Column I/O ; N               ; no       ; Off          ;
; AC19     ; 222        ; 7        ; GND*                                     ;        ;              ;         ; Column I/O ;                 ; no       ; Off          ;
; AC20     ; 226        ; 7        ; GND*                                     ;        ;              ;         ; Column I/O ;                 ; no       ; Off          ;
; AC21     ; 237        ; 7        ; GND*                                     ;        ;              ;         ; Column I/O ;                 ; no       ; Off          ;
; AC22     ; 241        ; 7        ; GND*                                     ;        ;              ;         ; Column I/O ;                 ; no       ; Off          ;
; AC23     ; 245        ; 6        ; GND*                                     ;        ;              ;         ; Row I/O    ;                 ; no       ; Off          ;
; AC24     ;            ;          ; NC                                       ;        ;              ;         ; --         ;                 ; --       ; --           ;
; AC25     ; 260        ; 6        ; GND*                                     ;        ;              ;         ; Row I/O    ;                 ; no       ; Off          ;
; AC26     ; 261        ; 6        ; GND*                                     ;        ;              ;         ; Row I/O    ;                 ; no       ; Off          ;
; AD1      ;            ; 1        ; VCCIO1                                   ; power  ;              ; 3.3V    ; --         ;                 ; --       ; --           ;
; AD2      ; 122        ; 1        ; GND*                                     ;        ;              ;         ; Row I/O    ;                 ; no       ; Off          ;
; AD3      ; 123        ; 1        ; GND*                                     ;        ;              ;         ; Row I/O    ;                 ; no       ; Off          ;
; AD4      ; 135        ; 8        ; GND*                                     ;        ;              ;         ; Column I/O ;                 ; no       ; Off          ;
; AD5      ; 136        ; 8        ; GND*                                     ;        ;              ;         ; Column I/O ;                 ; no       ; Off          ;
; AD6      ; 139        ; 8        ; GND*                                     ;        ;              ;         ; Column I/O ;                 ; no       ; Off          ;
; AD7      ; 140        ; 8        ; GND*                                     ;        ;              ;         ; Column I/O ;                 ; no       ; Off          ;
; AD8      ; 149        ; 8        ; key3[48]                                 ; input  ; 3.3-V LVTTL  ;         ; Column I/O ; N               ; no       ; Off          ;
; AD9      ;            ;          ; GND                                      ; gnd    ;              ;         ; --         ;                 ; --       ; --           ;
; AD10     ; 167        ; 8        ; key2[9]                                  ; input  ; 3.3-V LVTTL  ;         ; Column I/O ; N               ; no       ; Off          ;
; AD11     ; 173        ; 8        ; key2[50]                                 ; input  ; 3.3-V LVTTL  ;         ; Column I/O ; N               ; no       ; Off          ;
; AD12     ; 181        ; 8        ; key2[37]                                 ; input  ; 3.3-V LVTTL  ;         ; Column I/O ; N               ; no       ; Off          ;
; AD13     ; 186        ; 8        ; GND+                                     ;        ;              ;         ; Column I/O ;                 ; --       ; --           ;
; AD14     ;            ;          ; GND                                      ; gnd    ;              ;         ; --         ;                 ; --       ; --           ;
; AD15     ; 190        ; 7        ; key2[15]                                 ; input  ; 3.3-V LVTTL  ;         ; Column I/O ; N               ; no       ; Off          ;
; AD16     ; 201        ; 7        ; key2[3]                                  ; input  ; 3.3-V LVTTL  ;         ; Column I/O ; N               ; no       ; Off          ;
; AD17     ; 208        ; 7        ; key2[39]                                 ; input  ; 3.3-V LVTTL  ;         ; Column I/O ; N               ; no       ; Off          ;
; AD18     ;            ;          ; GND                                      ; gnd    ;              ;         ; --         ;                 ; --       ; --           ;
; AD19     ; 221        ; 7        ; GND*                                     ;        ;              ;         ; Column I/O ;                 ; no       ; Off          ;
; AD20     ;            ; 7        ; VCCIO7                                   ; power  ;              ; 3.3V    ; --         ;                 ; --       ; --           ;
; AD21     ; 238        ; 7        ; GND*                                     ;        ;              ;         ; Column I/O ;                 ; no       ; Off          ;
; AD22     ; 240        ; 7        ; GND*                                     ;        ;              ;         ; Column I/O ;                 ; no       ; Off          ;
; AD23     ; 239        ; 7        ; GND*                                     ;        ;              ;         ; Column I/O ;                 ; no       ; Off          ;
; AD24     ; 249        ; 6        ; GND*                                     ;        ;              ;         ; Row I/O    ;                 ; no       ; Off          ;
; AD25     ; 248        ; 6        ; GND*                                     ;        ;              ;         ; Row I/O    ;                 ; no       ; Off          ;
; AD26     ;            ; 6        ; VCCIO6                                   ; power  ;              ; 3.3V    ; --         ;                 ; --       ; --           ;
; AE1      ;            ;          ; GND                                      ; gnd    ;              ;         ; --         ;                 ; --       ; --           ;
; AE2      ; 124        ; 1        ; GND*                                     ;        ;              ;         ; Row I/O    ;                 ; no       ; Off          ;
; AE3      ; 125        ; 1        ; GND*                                     ;        ;              ;         ; Row I/O    ;                 ; no       ; Off          ;
; AE4      ; 131        ; 8        ; key1[48]                                 ; input  ; 3.3-V LVTTL  ;         ; Column I/O ; N               ; no       ; Off          ;
; AE5      ; 137        ; 8        ; GND*                                     ;        ;              ;         ; Column I/O ;                 ; no       ; Off          ;
; AE6      ; 150        ; 8        ; GND*                                     ;        ;              ;         ; Column I/O ;                 ; no       ; Off          ;
; AE7      ; 157        ; 8        ; GND*                                     ;        ;              ;         ; Column I/O ;                 ; no       ; Off          ;
; AE8      ; 159        ; 8        ; key2[12]                                 ; input  ; 3.3-V LVTTL  ;         ; Column I/O ; N               ; no       ; Off          ;
; AE9      ; 165        ; 8        ; key2[57]                                 ; input  ; 3.3-V LVTTL  ;         ; Column I/O ; N               ; no       ; Off          ;
; AE10     ; 169        ; 8        ; key2[18]                                 ; input  ; 3.3-V LVTTL  ;         ; Column I/O ; N               ; no       ; Off          ;
; AE11     ; 174        ; 8        ; key2[13]                                 ; input  ; 3.3-V LVTTL  ;         ; Column I/O ; N               ; no       ; Off          ;
; AE12     ; 182        ; 8        ; key2[35]                                 ; input  ; 3.3-V LVTTL  ;         ; Column I/O ; N               ; no       ; Off          ;
; AE13     ; 183        ; 8        ; key2[28]                                 ; input  ; 3.3-V LVTTL  ;         ; Column I/O ; N               ; no       ; Off          ;
; AE14     ; 188        ; 7        ; idata[17]                                ; input  ; 3.3-V LVTTL  ;         ; Column I/O ; N               ; no       ; Off          ;
; AE15     ; 189        ; 7        ; key2[2]                                  ; input  ; 3.3-V LVTTL  ;         ; Column I/O ; N               ; no       ; Off          ;
; AE16     ; 200        ; 7        ; key2[47]                                 ; input  ; 3.3-V LVTTL  ;         ; Column I/O ; N               ; no       ; Off          ;
; AE17     ; 206        ; 7        ; key2[34]                                 ; input  ; 3.3-V LVTTL  ;         ; Column I/O ; N               ; no       ; Off          ;
; AE18     ; 212        ; 7        ; key2[53]                                 ; input  ; 3.3-V LVTTL  ;         ; Column I/O ; N               ; no       ; Off          ;
; AE19     ; 214        ; 7        ; key2[60]                                 ; input  ; 3.3-V LVTTL  ;         ; Column I/O ; N               ; no       ; Off          ;
; AE20     ; 224        ; 7        ; key2[20]                                 ; input  ; 3.3-V LVTTL  ;         ; Column I/O ; N               ; no       ; Off          ;
; AE21     ; 228        ; 7        ; GND*                                     ;        ;              ;         ; Column I/O ;                 ; no       ; Off          ;
; AE22     ; 236        ; 7        ; GND*                                     ;        ;              ;         ; Column I/O ;                 ; no       ; Off          ;
; AE23     ; 244        ; 7        ; key3[16]                                 ; input  ; 3.3-V LVTTL  ;         ; Column I/O ; N               ; no       ; Off          ;
; AE24     ; 247        ; 6        ; ~LVDS150p/nCEO~                          ; output ; 3.3-V LVTTL  ;         ; Row I/O    ; N               ; no       ; Off          ;
; AE25     ; 246        ; 6        ; GND*                                     ;        ;              ;         ; Row I/O    ;                 ; no       ; Off          ;
; AE26     ;            ;          ; GND                                      ; gnd    ;              ;         ; --         ;                 ; --       ; --           ;
; AF2      ;            ;          ; GND                                      ; gnd    ;              ;         ; --         ;                 ; --       ; --           ;
; AF3      ;            ; 8        ; VCCIO8                                   ; power  ;              ; 3.3V    ; --         ;                 ; --       ; --           ;
; AF4      ; 132        ; 8        ; GND*                                     ;        ;              ;         ; Column I/O ;                 ; no       ; Off          ;
; AF5      ; 138        ; 8        ; GND*                                     ;        ;              ;         ; Column I/O ;                 ; no       ; Off          ;
; AF6      ; 151        ; 8        ; GND*                                     ;        ;              ;         ; Column I/O ;                 ; no       ; Off          ;
; AF7      ; 158        ; 8        ; GND*                                     ;        ;              ;         ; Column I/O ;                 ; no       ; Off          ;
; AF8      ; 160        ; 8        ; GND*                                     ;        ;              ;         ; Column I/O ;                 ; no       ; Off          ;
; AF9      ; 166        ; 8        ; key2[30]                                 ; input  ; 3.3-V LVTTL  ;         ; Column I/O ; N               ; no       ; Off          ;
; AF10     ; 170        ; 8        ; key2[23]                                 ; input  ; 3.3-V LVTTL  ;         ; Column I/O ; N               ; no       ; Off          ;
; AF11     ;            ; 8        ; VCCIO8                                   ; power  ;              ; 3.3V    ; --         ;                 ; --       ; --           ;
; AF12     ;            ;          ; GND                                      ; gnd    ;              ;         ; --         ;                 ; --       ; --           ;
; AF13     ; 184        ; 8        ; key2[36]                                 ; input  ; 3.3-V LVTTL  ;         ; Column I/O ; N               ; no       ; Off          ;
; AF14     ; 187        ; 7        ; idata[25]                                ; input  ; 3.3-V LVTTL  ;         ; Column I/O ; N               ; no       ; Off          ;
; AF15     ;            ;          ; GND                                      ; gnd    ;              ;         ; --         ;                 ; --       ; --           ;
; AF16     ;            ; 7        ; VCCIO7                                   ; power  ;              ; 3.3V    ; --         ;                 ; --       ; --           ;
; AF17     ; 205        ; 7        ; key2[29]                                 ; input  ; 3.3-V LVTTL  ;         ; Column I/O ; N               ; no       ; Off          ;
; AF18     ; 211        ; 7        ; key2[22]                                 ; input  ; 3.3-V LVTTL  ;         ; Column I/O ; N               ; no       ; Off          ;
; AF19     ; 213        ; 7        ; key2[27]                                 ; input  ; 3.3-V LVTTL  ;         ; Column I/O ; N               ; no       ; Off          ;
; AF20     ; 223        ; 7        ; GND*                                     ;        ;              ;         ; Column I/O ;                 ; no       ; Off          ;
; AF21     ; 227        ; 7        ; key1[56]                                 ; input  ; 3.3-V LVTTL  ;         ; Column I/O ; N               ; no       ; Off          ;
; AF22     ; 235        ; 7        ; GND*                                     ;        ;              ;         ; Column I/O ;                 ; no       ; Off          ;
; AF23     ; 243        ; 7        ; GND*                                     ;        ;              ;         ; Column I/O ;                 ; no       ; Off          ;
; AF24     ;            ; 7        ; VCCIO7                                   ; power  ;              ; 3.3V    ; --         ;                 ; --       ; --           ;
; AF25     ;            ;          ; GND                                      ; gnd    ;              ;         ; --         ;                 ; --       ; --           ;
; B1       ;            ;          ; GND                                      ; gnd    ;              ;         ; --         ;                 ; --       ; --           ;
; B2       ; 2          ; 2        ; idata[59]                                ; input  ; 3.3-V LVTTL  ;         ; Row I/O    ; N               ; no       ; Off          ;
; B3       ; 3          ; 2        ; idata[23]                                ; input  ; 3.3-V LVTTL  ;         ; Row I/O    ; N               ; no       ; Off          ;
; B4       ; 483        ; 3        ; GND*                                     ;        ;              ;         ; Column I/O ;                 ; no       ; Off          ;
; B5       ; 481        ; 3        ; GND*                                     ;        ;              ;         ; Column I/O ;                 ; no       ; Off          ;
; B6       ; 480        ; 3        ; GND*                                     ;        ;              ;         ; Column I/O ;                 ; no       ; Off          ;
; B7       ; 466        ; 3        ; key1[21]                                 ; input  ; 3.3-V LVTTL  ;         ; Column I/O ; N               ; no       ; Off          ;
; B8       ; 458        ; 3        ; key1[34]                                 ; input  ; 3.3-V LVTTL  ;         ; Column I/O ; N               ; no       ; Off          ;
; B9       ; 452        ; 3        ; key1[45]                                 ; input  ; 3.3-V LVTTL  ;         ; Column I/O ; N               ; no       ; Off          ;
; B10      ; 448        ; 3        ; key1[54]                                 ; input  ; 3.3-V LVTTL  ;         ; Column I/O ; N               ; no       ; Off          ;
; B11      ; 435        ; 3        ; GND*                                     ;        ;              ;         ; Column I/O ;                 ; no       ; Off          ;
; B12      ; 433        ; 3        ; key1[44]                                 ; input  ; 3.3-V LVTTL  ;         ; Column I/O ; N               ; no       ; Off          ;
; B13      ; 429        ; 4        ; key1[51]                                 ; input  ; 3.3-V LVTTL  ;         ; Column I/O ; N               ; no       ; Off          ;
; B14      ; 428        ; 4        ; GND*                                     ;        ;              ;         ; Column I/O ;                 ; no       ; Off          ;
; B15      ; 420        ; 4        ; GND*                                     ;        ;              ;         ; Column I/O ;                 ; no       ; Off          ;
; B16      ; 419        ; 4        ; GND*                                     ;        ;              ;         ; Column I/O ;                 ; no       ; Off          ;
; B17      ; 411        ; 4        ; GND*                                     ;        ;              ;         ; Column I/O ;                 ; no       ; Off          ;
; B18      ; 405        ; 4        ; GND*                                     ;        ;              ;         ; Column I/O ;                 ; no       ; Off          ;
; B19      ; 393        ; 4        ; GND*                                     ;        ;              ;         ; Column I/O ;                 ; no       ; Off          ;
; B20      ; 389        ; 4        ; odata[39]                                ; output ; 3.3-V LVTTL  ;         ; Column I/O ; N               ; no       ; Off          ;
; B21      ; 381        ; 4        ; odata[16]                                ; output ; 3.3-V LVTTL  ;         ; Column I/O ; N               ; no       ; Off          ;
; B22      ; 380        ; 4        ; GND*                                     ;        ;              ;         ; Column I/O ;                 ; no       ; Off          ;
; B23      ; 377        ; 4        ; odata[10]                                ; output ; 3.3-V LVTTL  ;         ; Column I/O ; N               ; no       ; Off          ;
; B24      ; 363        ; 5        ; odata[53]                                ; output ; 3.3-V LVTTL  ;         ; Row I/O    ; N               ; no       ; Off          ;
; B25      ; 362        ; 5        ; odata[20]                                ; output ; 3.3-V LVTTL  ;         ; Row I/O    ; N               ; no       ; Off          ;
; B26      ;            ;          ; GND                                      ; gnd    ;              ;         ; --         ;                 ; --       ; --           ;
; C1       ;            ; 2        ; VCCIO2                                   ; power  ;              ; 3.3V    ; --         ;                 ; --       ; --           ;
; C2       ; 6          ; 2        ; idata[4]                                 ; input  ; 3.3-V LVTTL  ;         ; Row I/O    ; N               ; no       ; Off          ;
; C3       ; 7          ; 2        ; idata[63]                                ; input  ; 3.3-V LVTTL  ;         ; Row I/O    ; N               ; no       ; Off          ;
; C4       ; 478        ; 3        ; key1[30]                                 ; input  ; 3.3-V LVTTL  ;         ; Column I/O ; N               ; no       ; Off          ;
; C5       ; 486        ; 3        ; key1[24]                                 ; input  ; 3.3-V LVTTL  ;         ; Column I/O ; N               ; no       ; Off          ;
; C6       ; 485        ; 3        ; GND*                                     ;        ;              ;         ; Column I/O ;                 ; no       ; Off          ;
; C7       ; 468        ; 3        ; idata[47]                                ; input  ; 3.3-V LVTTL  ;         ; Column I/O ; N               ; no       ; Off          ;
; C8       ; 463        ; 3        ; key1[61]                                 ; input  ; 3.3-V LVTTL  ;         ; Column I/O ; N               ; no       ; Off          ;
; C9       ; 459        ; 3        ; key1[47]                                 ; input  ; 3.3-V LVTTL  ;         ; Column I/O ; N               ; no       ; Off          ;
; C10      ; 450        ; 3        ; key1[23]                                 ; input  ; 3.3-V LVTTL  ;         ; Column I/O ; N               ; no       ; Off          ;
; C11      ; 436        ; 3        ; GND*                                     ;        ;              ;         ; Column I/O ;                 ; no       ; Off          ;
; C12      ; 434        ; 3        ; GND*                                     ;        ;              ;         ; Column I/O ;                 ; no       ; Off          ;
; C13      ; 431        ; 3        ; key1[0]                                  ; input  ; 3.3-V LVTTL  ;         ; Column I/O ; N               ; no       ; Off          ;
; C14      ;            ;          ; GND                                      ; gnd    ;              ;         ; --         ;                 ; --       ; --           ;
; C15      ; 421        ; 4        ; GND*                                     ;        ;              ;         ; Column I/O ;                 ; no       ; Off          ;
; C16      ; 418        ; 4        ; GND*                                     ;        ;              ;         ; Column I/O ;                 ; no       ; Off          ;
; C17      ; 404        ; 4        ; odata[2]                                 ; output ; 3.3-V LVTTL  ;         ; Column I/O ; N               ; no       ; Off          ;
; C18      ;            ;          ; GND                                      ; gnd    ;              ;         ; --         ;                 ; --       ; --           ;
; C19      ; 391        ; 4        ; odata[25]                                ; output ; 3.3-V LVTTL  ;         ; Column I/O ; N               ; no       ; Off          ;
; C20      ;            ; 4        ; VCCIO4                                   ; power  ;              ; 3.3V    ; --         ;                 ; --       ; --           ;
; C21      ; 375        ; 4        ; odata[12]                                ; output ; 3.3-V LVTTL  ;         ; Column I/O ; N               ; no       ; Off          ;
; C22      ; 374        ; 4        ; key1[16]                                 ; input  ; 3.3-V LVTTL  ;         ; Column I/O ; N               ; no       ; Off          ;
; C23      ; 373        ; 4        ; GND*                                     ;        ;              ;         ; Column I/O ;                 ; no       ; Off          ;
; C24      ; 360        ; 5        ; odata[8]                                 ; output ; 3.3-V LVTTL  ;         ; Row I/O    ; N               ; no       ; Off          ;
; C25      ; 361        ; 5        ; odata[29]                                ; output ; 3.3-V LVTTL  ;         ; Row I/O    ; N               ; no       ; Off          ;
; C26      ;            ; 5        ; VCCIO5                                   ; power  ;              ; 3.3V    ; --         ;                 ; --       ; --           ;
; D1       ; 13         ; 2        ; idata[2]                                 ; input  ; 3.3-V LVTTL  ;         ; Row I/O    ; N               ; no       ; Off          ;
; D2       ; 12         ; 2        ; key1[63]                                 ; input  ; 3.3-V LVTTL  ;         ; Row I/O    ; N               ; no       ; Off          ;
; D3       ; 1          ; 2        ; ~nCSO~ / RESERVED_INPUT_WITH_WEAK_PULLUP ; input  ; 3.3-V LVTTL  ;         ; Row I/O    ; N               ; no       ; On           ;
; D4       ;            ;          ; GND                                      ; gnd    ;              ;         ; --         ;                 ; --       ; --           ;
; D5       ; 477        ; 3        ; idata[7]                                 ; input  ; 3.3-V LVTTL  ;         ; Column I/O ; N               ; no       ; Off          ;
; D6       ; 467        ; 3        ; idata[10]                                ; input  ; 3.3-V LVTTL  ;         ; Column I/O ; N               ; no       ; Off          ;
; D7       ; 469        ; 3        ; idata[55]                                ; input  ; 3.3-V LVTTL  ;         ; Column I/O ; N               ; no       ; Off          ;
; D8       ; 464        ; 3        ; key1[57]                                 ; input  ; 3.3-V LVTTL  ;         ; Column I/O ; N               ; no       ; Off          ;
; D9       ; 460        ; 3        ; key1[4]                                  ; input  ; 3.3-V LVTTL  ;         ; Column I/O ; N               ; no       ; Off          ;
; D10      ; 449        ; 3        ; key1[2]                                  ; input  ; 3.3-V LVTTL  ;         ; Column I/O ; N               ; no       ; Off          ;
; D11      ; 445        ; 3        ; key1[22]                                 ; input  ; 3.3-V LVTTL  ;         ; Column I/O ; N               ; no       ; Off          ;
; D12      ; 443        ; 3        ; GND*                                     ;        ;              ;         ; Column I/O ;                 ; no       ; Off          ;
; D13      ; 432        ; 3        ; key1[8]                                  ; input  ; 3.3-V LVTTL  ;         ; Column I/O ; N               ; no       ; Off          ;
; D14      ; 426        ; 4        ; key2[8]                                  ; input  ; 3.3-V LVTTL  ;         ; Column I/O ; N               ; no       ; Off          ;
; D15      ; 417        ; 4        ; GND*                                     ;        ;              ;         ; Column I/O ;                 ; no       ; Off          ;
; D16      ; 415        ; 4        ; GND*                                     ;        ;              ;         ; Column I/O ;                 ; --       ; --           ;
; D17      ; 403        ; 4        ; GND*                                     ;        ;              ;         ; Column I/O ;                 ; no       ; Off          ;
; D18      ; 396        ; 4        ; key2[24]                                 ; input  ; 3.3-V LVTTL  ;         ; Column I/O ; N               ; no       ; Off          ;
; D19      ; 392        ; 4        ; odata[57]                                ; output ; 3.3-V LVTTL  ;         ; Column I/O ; N               ; no       ; Off          ;
; D20      ; 387        ; 4        ; odata[49]                                ; output ; 3.3-V LVTTL  ;         ; Column I/O ; N               ; no       ; Off          ;
; D21      ; 376        ; 4        ; GND*                                     ;        ;              ;         ; Column I/O ;                 ; no       ; Off          ;
; D22      ;            ; 4        ; VCCIO4                                   ; power  ;              ; 3.3V    ; --         ;                 ; --       ; --           ;
; D23      ; 369        ; 5        ; GND*                                     ;        ;              ;         ; Row I/O    ;                 ; no       ; Off          ;
; D24      ;            ;          ; GND                                      ; gnd    ;              ;         ; --         ;                 ; --       ; --           ;
; D25      ; 358        ; 5        ; odata[32]                                ; output ; 3.3-V LVTTL  ;         ; Row I/O    ; N               ; no       ; Off          ;
; D26      ; 359        ; 5        ; odata[18]                                ; output ; 3.3-V LVTTL  ;         ; Row I/O    ; N               ; no       ; Off          ;
; E1       ; 20         ; 2        ; idata[39]                                ; input  ; 3.3-V LVTTL  ;         ; Row I/O    ; N               ; no       ; Off          ;
; E2       ; 19         ; 2        ; key1[53]                                 ; input  ; 3.3-V LVTTL  ;         ; Row I/O    ; N               ; no       ; Off          ;
; E3       ; 0          ; 2        ; ~ASDO~ / RESERVED_INPUT_WITH_WEAK_PULLUP ; input  ; 3.3-V LVTTL  ;         ; Row I/O    ; N               ; no       ; On           ;
; E4       ;            ;          ; GND_PLL3                                 ; gnd    ;              ;         ; --         ;                 ; --       ; --           ;
; E5       ; 4          ; 2        ; idata[15]                                ; input  ; 3.3-V LVTTL  ;         ; Row I/O    ; N               ; no       ; Off          ;
; E6       ;            ; 3        ; VCCIO3                                   ; power  ;              ; 3.3V    ; --         ;                 ; --       ; --           ;
; E7       ;            ;          ; GND                                      ; gnd    ;              ;         ; --         ;                 ; --       ; --           ;
; E8       ; 474        ; 3        ; idata[36]                                ; input  ; 3.3-V LVTTL  ;         ; Column I/O ; N               ; no       ; Off          ;
; E9       ;            ; 3        ; VCCIO3                                   ; power  ;              ; 3.3V    ; --         ;                 ; --       ; --           ;
; E10      ; 453        ; 3        ; key1[15]                                 ; input  ; 3.3-V LVTTL  ;         ; Column I/O ; N               ; no       ; Off          ;
; E11      ;            ;          ; GND                                      ; gnd    ;              ;         ; --         ;                 ; --       ; --           ;
; E12      ; 444        ; 3        ; key1[10]                                 ; input  ; 3.3-V LVTTL  ;         ; Column I/O ; N               ; no       ; Off          ;
; E13      ;            ; 3        ; VCCIO3                                   ; power  ;              ; 3.3V    ; --         ;                 ; --       ; --           ;
; E14      ;            ; 4        ; VCCIO4                                   ; power  ;              ; 3.3V    ; --         ;                 ; --       ; --           ;
; E15      ; 416        ; 4        ; GND*                                     ;        ;              ;         ; Column I/O ;                 ; no       ; Off          ;
; E16      ;            ;          ; GND                                      ; gnd    ;              ;         ; --         ;                 ; --       ; --           ;
; E17      ;            ; 4        ; VCCIO4                                   ; power  ;              ; 3.3V    ; --         ;                 ; --       ; --           ;
; E18      ; 395        ; 4        ; GND*                                     ;        ;              ;         ; Column I/O ;                 ; no       ; Off          ;
; E19      ;            ;          ; GND                                      ; gnd    ;              ;         ; --         ;                 ; --       ; --           ;
; E20      ; 388        ; 4        ; odata[3]                                 ; output ; 3.3-V LVTTL  ;         ; Column I/O ; N               ; no       ; Off          ;
; E21      ;            ;          ; GND_PLL2                                 ; gnd    ;              ;         ; --         ;                 ; --       ; --           ;
; E22      ; 370        ; 5        ; odata[61]                                ; output ; 3.3-V LVTTL  ;         ; Row I/O    ; N               ; no       ; Off          ;
; E23      ; 365        ; 5        ; odata[6]                                 ; output ; 3.3-V LVTTL  ;         ; Row I/O    ; N               ; no       ; Off          ;
; E24      ; 364        ; 5        ; odata[24]                                ; output ; 3.3-V LVTTL  ;         ; Row I/O    ; N               ; no       ; Off          ;
; E25      ; 355        ; 5        ; odata[11]                                ; output ; 3.3-V LVTTL  ;         ; Row I/O    ; N               ; no       ; Off          ;
; E26      ; 356        ; 5        ; odata[13]                                ; output ; 3.3-V LVTTL  ;         ; Row I/O    ; N               ; no       ; Off          ;
; F1       ; 29         ; 2        ; idata[30]                                ; input  ; 3.3-V LVTTL  ;         ; Row I/O    ; N               ; no       ; Off          ;
; F2       ; 28         ; 2        ; idata[48]                                ; input  ; 3.3-V LVTTL  ;         ; Row I/O    ; N               ; no       ; Off          ;
; F3       ; 10         ; 2        ; idata[27]                                ; input  ; 3.3-V LVTTL  ;         ; Row I/O    ; N               ; no       ; Off          ;
; F4       ; 11         ; 2        ; idata[61]                                ; input  ; 3.3-V LVTTL  ;         ; Row I/O    ; N               ; no       ; Off          ;
; F5       ;            ; 2        ; VCCIO2                                   ; power  ;              ; 3.3V    ; --         ;                 ; --       ; --           ;
; F6       ; 5          ; 2        ; idata[45]                                ; input  ; 3.3-V LVTTL  ;         ; Row I/O    ; N               ; no       ; Off          ;
; F7       ; 14         ; 2        ; idata[46]                                ; input  ; 3.3-V LVTTL  ;         ; Row I/O    ; N               ; no       ; Off          ;
; F8       ;            ;          ; GNDA_PLL3                                ; gnd    ;              ;         ; --         ;                 ; --       ; --           ;
; F9       ; 470        ; 3        ; idata[14]                                ; input  ; 3.3-V LVTTL  ;         ; Column I/O ; N               ; no       ; Off          ;
; F10      ; 462        ; 3        ; key1[62]                                 ; input  ; 3.3-V LVTTL  ;         ; Column I/O ; N               ; no       ; Off          ;
; F11      ; 454        ; 3        ; key1[55]                                 ; input  ; 3.3-V LVTTL  ;         ; Column I/O ; N               ; no       ; Off          ;
; F12      ; 440        ; 3        ; key1[59]                                 ; input  ; 3.3-V LVTTL  ;         ; Column I/O ; N               ; no       ; Off          ;
; F13      ; 423        ; 4        ; GND*                                     ;        ;              ;         ; Column I/O ;                 ; no       ; Off          ;
; F14      ; 425        ; 4        ; GND*                                     ;        ;              ;         ; Column I/O ;                 ; no       ; Off          ;
; F15      ; 409        ; 4        ; GND*                                     ;        ;              ;         ; Column I/O ;                 ; no       ; Off          ;
; F16      ; 408        ; 4        ; GND*                                     ;        ;              ;         ; Column I/O ;                 ; no       ; Off          ;
; F17      ; 401        ; 4        ; key2[16]                                 ; input  ; 3.3-V LVTTL  ;         ; Column I/O ; N               ; no       ; Off          ;
; F18      ; 398        ; 4        ; key1[32]                                 ; input  ; 3.3-V LVTTL  ;         ; Column I/O ; N               ; no       ; Off          ;
; F19      ;            ;          ; GNDA_PLL2                                ; gnd    ;              ;         ; --         ;                 ; --       ; --           ;
; F20      ; 372        ; 5        ; odata[63]                                ; output ; 3.3-V LVTTL  ;         ; Row I/O    ; N               ; no       ; Off          ;
; F21      ; 371        ; 5        ; odata[40]                                ; output ; 3.3-V LVTTL  ;         ; Row I/O    ; N               ; no       ; Off          ;
; F22      ;            ; 5        ; VCCIO5                                   ; power  ;              ; 3.3V    ; --         ;                 ; --       ; --           ;
; F23      ; 353        ; 5        ; odata[15]                                ; output ; 3.3-V LVTTL  ;         ; Row I/O    ; N               ; no       ; Off          ;
; F24      ; 354        ; 5        ; odata[59]                                ; output ; 3.3-V LVTTL  ;         ; Row I/O    ; N               ; no       ; Off          ;
; F25      ; 350        ; 5        ; key3[12]                                 ; input  ; 3.3-V LVTTL  ;         ; Row I/O    ; N               ; no       ; Off          ;
; F26      ; 349        ; 5        ; key3[39]                                 ; input  ; 3.3-V LVTTL  ;         ; Row I/O    ; N               ; no       ; Off          ;
; G1       ; 30         ; 2        ; idata[0]                                 ; input  ; 3.3-V LVTTL  ;         ; Row I/O    ; N               ; no       ; Off          ;
; G2       ; 31         ; 2        ; key1[50]                                 ; input  ; 3.3-V LVTTL  ;         ; Row I/O    ; N               ; no       ; Off          ;
; G3       ; 24         ; 2        ; idata[53]                                ; input  ; 3.3-V LVTTL  ;         ; Row I/O    ; N               ; no       ; Off          ;
; G4       ; 23         ; 2        ; idata[50]                                ; input  ; 3.3-V LVTTL  ;         ; Row I/O    ; N               ; no       ; Off          ;
; G5       ; 8          ; 2        ; idata[57]                                ; input  ; 3.3-V LVTTL  ;         ; Row I/O    ; N               ; no       ; Off          ;
; G6       ; 9          ; 2        ; idata[37]                                ; input  ; 3.3-V LVTTL  ;         ; Row I/O    ; N               ; no       ; Off          ;
; G7       ;            ;          ; GND_PLL3                                 ; gnd    ;              ;         ; --         ;                 ; --       ; --           ;
; G8       ;            ;          ; VCCA_PLL3                                ; power  ;              ; 1.2V    ; --         ;                 ; --       ; --           ;
; G9       ; 471        ; 3        ; idata[5]                                 ; input  ; 3.3-V LVTTL  ;         ; Column I/O ; N               ; no       ; Off          ;
; G10      ; 461        ; 3        ; key1[7]                                  ; input  ; 3.3-V LVTTL  ;         ; Column I/O ; N               ; no       ; Off          ;
; G11      ; 446        ; 3        ; key1[18]                                 ; input  ; 3.3-V LVTTL  ;         ; Column I/O ; N               ; no       ; Off          ;
; G12      ; 439        ; 3        ; key1[19]                                 ; input  ; 3.3-V LVTTL  ;         ; Column I/O ; N               ; no       ; Off          ;
; G13      ; 422        ; 4        ; GND*                                     ;        ;              ;         ; Column I/O ;                 ; no       ; Off          ;
; G14      ; 424        ; 4        ; key3[40]                                 ; input  ; 3.3-V LVTTL  ;         ; Column I/O ; N               ; no       ; Off          ;
; G15      ; 410        ; 4        ; GND*                                     ;        ;              ;         ; Column I/O ;                 ; no       ; Off          ;
; G16      ; 407        ; 4        ; key3[53]                                 ; input  ; 3.3-V LVTTL  ;         ; Column I/O ; N               ; no       ; Off          ;
; G17      ; 402        ; 4        ; GND*                                     ;        ;              ;         ; Column I/O ;                 ; no       ; Off          ;
; G18      ; 397        ; 4        ; GND*                                     ;        ;              ;         ; Column I/O ;                 ; no       ; Off          ;
; G19      ;            ;          ; VCCA_PLL2                                ; power  ;              ; 1.2V    ; --         ;                 ; --       ; --           ;
; G20      ;            ;          ; GND_PLL2                                 ; gnd    ;              ;         ; --         ;                 ; --       ; --           ;
; G21      ; 368        ; 5        ; odata[56]                                ; output ; 3.3-V LVTTL  ;         ; Row I/O    ; N               ; no       ; Off          ;
; G22      ; 367        ; 5        ; odata[26]                                ; output ; 3.3-V LVTTL  ;         ; Row I/O    ; N               ; no       ; Off          ;
; G23      ; 346        ; 5        ; odata[37]                                ; output ; 3.3-V LVTTL  ;         ; Row I/O    ; N               ; no       ; Off          ;
; G24      ; 345        ; 5        ; key3[7]                                  ; input  ; 3.3-V LVTTL  ;         ; Row I/O    ; N               ; no       ; Off          ;
; G25      ; 343        ; 5        ; key3[61]                                 ; input  ; 3.3-V LVTTL  ;         ; Row I/O    ; N               ; no       ; Off          ;
; G26      ; 342        ; 5        ; key3[26]                                 ; input  ; 3.3-V LVTTL  ;         ; Row I/O    ; N               ; no       ; Off          ;
; H1       ; 37         ; 2        ; idata[21]                                ; input  ; 3.3-V LVTTL  ;         ; Row I/O    ; N               ; no       ; Off          ;
; H2       ; 36         ; 2        ; idata[58]                                ; input  ; 3.3-V LVTTL  ;         ; Row I/O    ; N               ; no       ; Off          ;
; H3       ; 32         ; 2        ; idata[19]                                ; input  ; 3.3-V LVTTL  ;         ; Row I/O    ; N               ; no       ; Off          ;
; H4       ; 33         ; 2        ; idata[20]                                ; input  ; 3.3-V LVTTL  ;         ; Row I/O    ; N               ; no       ; Off          ;
; H5       ;            ;          ; GND                                      ; gnd    ;              ;         ; --         ;                 ; --       ; --           ;
; H6       ; 18         ; 2        ; key1[39]                                 ; input  ; 3.3-V LVTTL  ;         ; Row I/O    ; N               ; no       ; Off          ;
; H7       ;            ;          ; VCCD_PLL3                                ; power  ;              ; 1.2V    ; --         ;                 ; --       ; --           ;
; H8       ; 473        ; 3        ; idata[28]                                ; input  ; 3.3-V LVTTL  ;         ; Column I/O ; N               ; no       ; Off          ;
; H9       ;            ; 3        ; VCCIO3                                   ; power  ;              ; 3.3V    ; --         ;                 ; --       ; --           ;
; H10      ; 472        ; 3        ; idata[32]                                ; input  ; 3.3-V LVTTL  ;         ; Column I/O ; N               ; no       ; Off          ;
; H11      ; 456        ; 3        ; key1[12]                                 ; input  ; 3.3-V LVTTL  ;         ; Column I/O ; N               ; no       ; Off          ;
; H12      ; 455        ; 3        ; key1[58]                                 ; input  ; 3.3-V LVTTL  ;         ; Column I/O ; N               ; no       ; Off          ;
; H13      ;            ;          ; GND                                      ; gnd    ;              ;         ; --         ;                 ; --       ; --           ;
; H14      ;            ;          ; GND                                      ; gnd    ;              ;         ; --         ;                 ; --       ; --           ;
; H15      ; 414        ; 4        ; GND*                                     ;        ;              ;         ; Column I/O ;                 ; no       ; Off          ;
; H16      ; 413        ; 4        ; GND*                                     ;        ;              ;         ; Column I/O ;                 ; no       ; Off          ;
; H17      ; 400        ; 4        ; key3[8]                                  ; input  ; 3.3-V LVTTL  ;         ; Column I/O ; N               ; no       ; Off          ;
; H18      ;            ; 4        ; VCCIO4                                   ; power  ;              ; 3.3V    ; --         ;                 ; --       ; --           ;
; H19      ; 335        ; 5        ; key3[9]                                  ; input  ; 3.3-V LVTTL  ;         ; Row I/O    ; N               ; no       ; Off          ;
; H20      ;            ;          ; VCCD_PLL2                                ; power  ;              ; 1.2V    ; --         ;                 ; --       ; --           ;
; H21      ; 366        ; 5        ; odata[14]                                ; output ; 3.3-V LVTTL  ;         ; Row I/O    ; N               ; no       ; Off          ;
; H22      ;            ;          ; GND                                      ; gnd    ;              ;         ; --         ;                 ; --       ; --           ;
; H23      ; 341        ; 5        ; key3[49]                                 ; input  ; 3.3-V LVTTL  ;         ; Row I/O    ; N               ; no       ; Off          ;
; H24      ; 340        ; 5        ; key3[58]                                 ; input  ; 3.3-V LVTTL  ;         ; Row I/O    ; N               ; no       ; Off          ;
; H25      ; 337        ; 5        ; key3[45]                                 ; input  ; 3.3-V LVTTL  ;         ; Row I/O    ; N               ; no       ; Off          ;
; H26      ; 336        ; 5        ; key3[23]                                 ; input  ; 3.3-V LVTTL  ;         ; Row I/O    ; N               ; no       ; Off          ;
; J1       ; 39         ; 2        ; idata[12]                                ; input  ; 3.3-V LVTTL  ;         ; Row I/O    ; N               ; no       ; Off          ;
; J2       ; 38         ; 2        ; idata[6]                                 ; input  ; 3.3-V LVTTL  ;         ; Row I/O    ; N               ; no       ; Off          ;
; J3       ; 34         ; 2        ; idata[60]                                ; input  ; 3.3-V LVTTL  ;         ; Row I/O    ; N               ; no       ; Off          ;
; J4       ; 35         ; 2        ; idata[43]                                ; input  ; 3.3-V LVTTL  ;         ; Row I/O    ; N               ; no       ; Off          ;
; J5       ; 15         ; 2        ; key1[33]                                 ; input  ; 3.3-V LVTTL  ;         ; Row I/O    ; N               ; no       ; Off          ;
; J6       ; 25         ; 2        ; idata[29]                                ; input  ; 3.3-V LVTTL  ;         ; Row I/O    ; N               ; no       ; Off          ;
; J7       ; 17         ; 2        ; key1[6]                                  ; input  ; 3.3-V LVTTL  ;         ; Row I/O    ; N               ; no       ; Off          ;
; J8       ; 16         ; 2        ; idata[51]                                ; input  ; 3.3-V LVTTL  ;         ; Row I/O    ; N               ; no       ; Off          ;
; J9       ; 475        ; 3        ; idata[31]                                ; input  ; 3.3-V LVTTL  ;         ; Column I/O ; N               ; no       ; Off          ;
; J10      ; 438        ; 3        ; key1[49]                                 ; input  ; 3.3-V LVTTL  ;         ; Column I/O ; N               ; no       ; Off          ;
; J11      ; 437        ; 3        ; key1[1]                                  ; input  ; 3.3-V LVTTL  ;         ; Column I/O ; N               ; no       ; Off          ;
; J12      ;            ; 3        ; VCCIO3                                   ; power  ;              ; 3.3V    ; --         ;                 ; --       ; --           ;
; J13      ; 442        ; 3        ; key1[41]                                 ; input  ; 3.3-V LVTTL  ;         ; Column I/O ; N               ; no       ; Off          ;
; J14      ; 441        ; 3        ; key1[17]                                 ; input  ; 3.3-V LVTTL  ;         ; Column I/O ; N               ; no       ; Off          ;
; J15      ;            ; 4        ; VCCIO4                                   ; power  ;              ; 3.3V    ; --         ;                 ; --       ; --           ;
; J16      ; 385        ; 4        ; key3[56]                                 ; input  ; 3.3-V LVTTL  ;         ; Column I/O ; N               ; no       ; Off          ;
; J17      ; 399        ; 4        ; key3[4]                                  ; input  ; 3.3-V LVTTL  ;         ; Column I/O ; N               ; no       ; Off          ;
; J18      ; 383        ; 4        ; odata[43]                                ; output ; 3.3-V LVTTL  ;         ; Column I/O ; N               ; no       ; Off          ;
; J19      ;            ; 5        ; VCCIO5                                   ; power  ;              ; 3.3V    ; --         ;                 ; --       ; --           ;
; J20      ; 351        ; 5        ; odata[41]                                ; output ; 3.3-V LVTTL  ;         ; Row I/O    ; N               ; no       ; Off          ;
; J21      ; 352        ; 5        ; odata[48]                                ; output ; 3.3-V LVTTL  ;         ; Row I/O    ; N               ; no       ; Off          ;
; J22      ; 357        ; 5        ; odata[36]                                ; output ; 3.3-V LVTTL  ;         ; Row I/O    ; N               ; no       ; Off          ;
; J23      ; 339        ; 5        ; key3[59]                                 ; input  ; 3.3-V LVTTL  ;         ; Row I/O    ; N               ; no       ; Off          ;
; J24      ; 338        ; 5        ; key3[18]                                 ; input  ; 3.3-V LVTTL  ;         ; Row I/O    ; N               ; no       ; Off          ;
; J25      ; 327        ; 5        ; key3[20]                                 ; input  ; 3.3-V LVTTL  ;         ; Row I/O    ; N               ; no       ; Off          ;
; J26      ; 326        ; 5        ; key3[21]                                 ; input  ; 3.3-V LVTTL  ;         ; Row I/O    ; N               ; no       ; Off          ;
; K1       ; 42         ; 2        ; idata[62]                                ; input  ; 3.3-V LVTTL  ;         ; Row I/O    ; N               ; no       ; Off          ;
; K2       ; 43         ; 2        ; idata[56]                                ; input  ; 3.3-V LVTTL  ;         ; Row I/O    ; N               ; no       ; Off          ;
; K3       ; 41         ; 2        ; idata[40]                                ; input  ; 3.3-V LVTTL  ;         ; Row I/O    ; N               ; no       ; Off          ;
; K4       ; 40         ; 2        ; idata[26]                                ; input  ; 3.3-V LVTTL  ;         ; Row I/O    ; N               ; no       ; Off          ;
; K5       ; 22         ; 2        ; key1[13]                                 ; input  ; 3.3-V LVTTL  ;         ; Row I/O    ; N               ; no       ; Off          ;
; K6       ; 21         ; 2        ; key1[46]                                 ; input  ; 3.3-V LVTTL  ;         ; Row I/O    ; N               ; no       ; Off          ;
; K7       ; 27         ; 2        ; key1[37]                                 ; input  ; 3.3-V LVTTL  ;         ; Row I/O    ; N               ; no       ; Off          ;
; K8       ; 26         ; 2        ; idata[24]                                ; input  ; 3.3-V LVTTL  ;         ; Row I/O    ; N               ; no       ; Off          ;
; K9       ; 476        ; 3        ; idata[18]                                ; input  ; 3.3-V LVTTL  ;         ; Column I/O ; N               ; no       ; Off          ;
; K10      ;            ;          ; VCCINT                                   ; power  ;              ; 1.2V    ; --         ;                 ; --       ; --           ;
; K11      ;            ;          ; VCCINT                                   ; power  ;              ; 1.2V    ; --         ;                 ; --       ; --           ;
; K12      ;            ;          ; VCCINT                                   ; power  ;              ; 1.2V    ; --         ;                 ; --       ; --           ;
; K13      ;            ;          ; VCCINT                                   ; power  ;              ; 1.2V    ; --         ;                 ; --       ; --           ;
; K14      ;            ;          ; VCCINT                                   ; power  ;              ; 1.2V    ; --         ;                 ; --       ; --           ;
; K15      ;            ;          ; VCCINT                                   ; power  ;              ; 1.2V    ; --         ;                 ; --       ; --           ;
; K16      ; 386        ; 4        ; odata[31]                                ; output ; 3.3-V LVTTL  ;         ; Column I/O ; N               ; no       ; Off          ;
; K17      ; 384        ; 4        ; key3[6]                                  ; input  ; 3.3-V LVTTL  ;         ; Column I/O ; N               ; no       ; Off          ;
; K18      ; 334        ; 5        ; key3[57]                                 ; input  ; 3.3-V LVTTL  ;         ; Row I/O    ; N               ; no       ; Off          ;
; K19      ; 333        ; 5        ; key3[5]                                  ; input  ; 3.3-V LVTTL  ;         ; Row I/O    ; N               ; no       ; Off          ;
; K20      ;            ;          ; GND                                      ; gnd    ;              ;         ; --         ;                 ; --       ; --           ;
; K21      ; 332        ; 5        ; key3[2]                                  ; input  ; 3.3-V LVTTL  ;         ; Row I/O    ; N               ; no       ; Off          ;
; K22      ; 344        ; 5        ; key3[62]                                 ; input  ; 3.3-V LVTTL  ;         ; Row I/O    ; N               ; no       ; Off          ;
; K23      ; 331        ; 5        ; key3[19]                                 ; input  ; 3.3-V LVTTL  ;         ; Row I/O    ; N               ; no       ; Off          ;
; K24      ; 330        ; 5        ; odata[55]                                ; output ; 3.3-V LVTTL  ;         ; Row I/O    ; N               ; no       ; Off          ;
; K25      ; 321        ; 5        ; odata[4]                                 ; output ; 3.3-V LVTTL  ;         ; Row I/O    ; N               ; no       ; Off          ;
; K26      ; 320        ; 5        ; odata[33]                                ; output ; 3.3-V LVTTL  ;         ; Row I/O    ; N               ; no       ; Off          ;
; L1       ;            ; 2        ; VCCIO2                                   ; power  ;              ; 3.3V    ; --         ;                 ; --       ; --           ;
; L2       ; 50         ; 2        ; idata[41]                                ; input  ; 3.3-V LVTTL  ;         ; Row I/O    ; N               ; no       ; Off          ;
; L3       ; 51         ; 2        ; idata[8]                                 ; input  ; 3.3-V LVTTL  ;         ; Row I/O    ; N               ; no       ; Off          ;
; L4       ; 44         ; 2        ; idata[42]                                ; input  ; 3.3-V LVTTL  ;         ; Row I/O    ; N               ; no       ; Off          ;
; L5       ;            ;          ; GND                                      ; gnd    ;              ;         ; --         ;                 ; --       ; --           ;
; L6       ; 48         ; 2        ; idata[54]                                ; input  ; 3.3-V LVTTL  ;         ; Row I/O    ; N               ; no       ; Off          ;
; L7       ; 47         ; 2        ; idata[33]                                ; input  ; 3.3-V LVTTL  ;         ; Row I/O    ; N               ; no       ; Off          ;
; L8       ; 59         ; 2        ; #TMS                                     ; input  ;              ;         ; --         ;                 ; --       ; --           ;
; L9       ; 49         ; 2        ; idata[35]                                ; input  ; 3.3-V LVTTL  ;         ; Row I/O    ; N               ; no       ; Off          ;
; L10      ; 52         ; 2        ; idata[34]                                ; input  ; 3.3-V LVTTL  ;         ; Row I/O    ; N               ; no       ; Off          ;
; L11      ;            ;          ; VCCINT                                   ; power  ;              ; 1.2V    ; --         ;                 ; --       ; --           ;
; L12      ;            ;          ; GND                                      ; gnd    ;              ;         ; --         ;                 ; --       ; --           ;
; L13      ;            ;          ; GND                                      ; gnd    ;              ;         ; --         ;                 ; --       ; --           ;
; L14      ;            ;          ; GND                                      ; gnd    ;              ;         ; --         ;                 ; --       ; --           ;
; L15      ;            ;          ; GND                                      ; gnd    ;              ;         ; --         ;                 ; --       ; --           ;
; L16      ;            ;          ; VCCINT                                   ; power  ;              ; 1.2V    ; --         ;                 ; --       ; --           ;
; L17      ;            ;          ; VCCINT                                   ; power  ;              ; 1.2V    ; --         ;                 ; --       ; --           ;
; L18      ;            ;          ; VCCINT                                   ; power  ;              ; 1.2V    ; --         ;                 ; --       ; --           ;
; L19      ; 322        ; 5        ; odata[9]                                 ; output ; 3.3-V LVTTL  ;         ; Row I/O    ; N               ; no       ; Off          ;
; L20      ; 328        ; 5        ; odata[17]                                ; output ; 3.3-V LVTTL  ;         ; Row I/O    ; N               ; no       ; Off          ;
; L21      ; 329        ; 5        ; key3[11]                                 ; input  ; 3.3-V LVTTL  ;         ; Row I/O    ; N               ; no       ; Off          ;
; L22      ;            ;          ; GND                                      ; gnd    ;              ;         ; --         ;                 ; --       ; --           ;
; L23      ; 325        ; 5        ; odata[42]                                ; output ; 3.3-V LVTTL  ;         ; Row I/O    ; N               ; no       ; Off          ;
; L24      ; 324        ; 5        ; odata[54]                                ; output ; 3.3-V LVTTL  ;         ; Row I/O    ; N               ; no       ; Off          ;
; L25      ; 323        ; 5        ; odata[28]                                ; output ; 3.3-V LVTTL  ;         ; Row I/O    ; N               ; no       ; Off          ;
; L26      ;            ; 5        ; VCCIO5                                   ; power  ;              ; 3.3V    ; --         ;                 ; --       ; --           ;
; M1       ;            ;          ; GND                                      ; gnd    ;              ;         ; --         ;                 ; --       ; --           ;
; M2       ; 56         ; 2        ; idata[38]                                ; input  ; 3.3-V LVTTL  ;         ; Row I/O    ; N               ; no       ; Off          ;
; M3       ; 55         ; 2        ; idata[52]                                ; input  ; 3.3-V LVTTL  ;         ; Row I/O    ; N               ; no       ; Off          ;
; M4       ; 53         ; 2        ; idata[16]                                ; input  ; 3.3-V LVTTL  ;         ; Row I/O    ; N               ; no       ; Off          ;
; M5       ; 54         ; 2        ; idata[49]                                ; input  ; 3.3-V LVTTL  ;         ; Row I/O    ; N               ; no       ; Off          ;
; M6       ; 58         ; 2        ; #TCK                                     ; input  ;              ;         ; --         ;                 ; --       ; --           ;
; M7       ; 60         ; 2        ; #TDO                                     ; output ;              ;         ; --         ;                 ; --       ; --           ;
; M8       ; 57         ; 2        ; #TDI                                     ; input  ;              ;         ; --         ;                 ; --       ; --           ;
; M9       ;            ; 2        ; VCCIO2                                   ; power  ;              ; 3.3V    ; --         ;                 ; --       ; --           ;
; M10      ;            ;          ; VCCINT                                   ; power  ;              ; 1.2V    ; --         ;                 ; --       ; --           ;
; M11      ;            ;          ; VCCINT                                   ; power  ;              ; 1.2V    ; --         ;                 ; --       ; --           ;
; M12      ;            ;          ; GND                                      ; gnd    ;              ;         ; --         ;                 ; --       ; --           ;
; M13      ;            ;          ; GND                                      ; gnd    ;              ;         ; --         ;                 ; --       ; --           ;
; M14      ;            ;          ; GND                                      ; gnd    ;              ;         ; --         ;                 ; --       ; --           ;
; M15      ;            ;          ; GND                                      ; gnd    ;              ;         ; --         ;                 ; --       ; --           ;
; M16      ;            ;          ; VCCINT                                   ; power  ;              ; 1.2V    ; --         ;                 ; --       ; --           ;
; M17      ;            ;          ; VCCINT                                   ; power  ;              ; 1.2V    ; --         ;                 ; --       ; --           ;
; M18      ;            ; 5        ; VCCIO5                                   ; power  ;              ; 3.3V    ; --         ;                 ; --       ; --           ;
; M19      ; 317        ; 5        ; key3[52]                                 ; input  ; 3.3-V LVTTL  ;         ; Row I/O    ; N               ; no       ; Off          ;
; M20      ; 316        ; 5        ; odata[47]                                ; output ; 3.3-V LVTTL  ;         ; Row I/O    ; N               ; no       ; Off          ;
; M21      ; 314        ; 5        ; odata[58]                                ; output ; 3.3-V LVTTL  ;         ; Row I/O    ; N               ; no       ; Off          ;
; M22      ; 319        ; 5        ; odata[50]                                ; output ; 3.3-V LVTTL  ;         ; Row I/O    ; N               ; no       ; Off          ;
; M23      ; 318        ; 5        ; odata[7]                                 ; output ; 3.3-V LVTTL  ;         ; Row I/O    ; N               ; no       ; Off          ;
; M24      ; 313        ; 5        ; odata[34]                                ; output ; 3.3-V LVTTL  ;         ; Row I/O    ; N               ; no       ; Off          ;
; M25      ; 312        ; 5        ; odata[38]                                ; output ; 3.3-V LVTTL  ;         ; Row I/O    ; N               ; no       ; Off          ;
; M26      ;            ;          ; GND                                      ; gnd    ;              ;         ; --         ;                 ; --       ; --           ;
; N1       ; 65         ; 2        ; GND+                                     ;        ;              ;         ; Row I/O    ;                 ; --       ; --           ;
; N2       ; 64         ; 2        ; GND+                                     ;        ;              ;         ; Row I/O    ;                 ; --       ; --           ;
; N3       ; 62         ; 2        ; ^DATA0                                   ; input  ;              ;         ; --         ;                 ; --       ; --           ;
; N4       ; 63         ; 2        ; ^nCE                                     ;        ;              ;         ; --         ;                 ; --       ; --           ;
; N5       ;            ; 2        ; VCCIO2                                   ; power  ;              ; 3.3V    ; --         ;                 ; --       ; --           ;
; N6       ; 61         ; 2        ; ^DCLK                                    ;        ;              ;         ; --         ;                 ; --       ; --           ;
; N7       ; 66         ; 2        ; ^nCONFIG                                 ;        ;              ;         ; --         ;                 ; --       ; --           ;
; N8       ;            ;          ; GND                                      ; gnd    ;              ;         ; --         ;                 ; --       ; --           ;
; N9       ; 45         ; 2        ; idata[11]                                ; input  ; 3.3-V LVTTL  ;         ; Row I/O    ; N               ; no       ; Off          ;
; N10      ;            ;          ; VCCINT                                   ; power  ;              ; 1.2V    ; --         ;                 ; --       ; --           ;
; N11      ;            ;          ; GND                                      ; gnd    ;              ;         ; --         ;                 ; --       ; --           ;
; N12      ;            ;          ; GND                                      ; gnd    ;              ;         ; --         ;                 ; --       ; --           ;
; N13      ;            ;          ; GND                                      ; gnd    ;              ;         ; --         ;                 ; --       ; --           ;
; N14      ;            ;          ; GND                                      ; gnd    ;              ;         ; --         ;                 ; --       ; --           ;
; N15      ;            ;          ; GND                                      ; gnd    ;              ;         ; --         ;                 ; --       ; --           ;
; N16      ;            ;          ; GND                                      ; gnd    ;              ;         ; --         ;                 ; --       ; --           ;
; N17      ;            ;          ; VCCINT                                   ; power  ;              ; 1.2V    ; --         ;                 ; --       ; --           ;
; N18      ; 348        ; 5        ; key3[63]                                 ; input  ; 3.3-V LVTTL  ;         ; Row I/O    ; N               ; no       ; Off          ;
; N19      ;            ;          ; GND                                      ; gnd    ;              ;         ; --         ;                 ; --       ; --           ;
; N20      ; 315        ; 5        ; odata[46]                                ; output ; 3.3-V LVTTL  ;         ; Row I/O    ; N               ; no       ; Off          ;
; N21      ;            ;          ; NC                                       ;        ;              ;         ; --         ;                 ; --       ; --           ;
; N22      ;            ; 5        ; VCCIO5                                   ; power  ;              ; 3.3V    ; --         ;                 ; --       ; --           ;
; N23      ; 311        ; 5        ; odata[23]                                ; output ; 3.3-V LVTTL  ;         ; Row I/O    ; N               ; no       ; Off          ;
; N24      ; 310        ; 5        ; odata[52]                                ; output ; 3.3-V LVTTL  ;         ; Row I/O    ; N               ; no       ; Off          ;
; N25      ; 309        ; 5        ; key3[47]                                 ; input  ; 3.3-V LVTTL  ;         ; Row I/O    ; N               ; no       ; Off          ;
; N26      ; 308        ; 5        ; key3[28]                                 ; input  ; 3.3-V LVTTL  ;         ; Row I/O    ; N               ; no       ; Off          ;
; P1       ; 68         ; 1        ; reset                                    ; input  ; 3.3-V LVTTL  ;         ; Row I/O    ; N               ; no       ; Off          ;
; P2       ; 67         ; 1        ; clk                                      ; input  ; 3.3-V LVTTL  ;         ; Row I/O    ; N               ; no       ; Off          ;
; P3       ; 69         ; 1        ; key1[26]                                 ; input  ; 3.3-V LVTTL  ;         ; Row I/O    ; N               ; no       ; Off          ;
; P4       ; 70         ; 1        ; key1[9]                                  ; input  ; 3.3-V LVTTL  ;         ; Row I/O    ; N               ; no       ; Off          ;
; P5       ;            ; 1        ; VCCIO1                                   ; power  ;              ; 3.3V    ; --         ;                 ; --       ; --           ;
; P6       ; 78         ; 1        ; key1[11]                                 ; input  ; 3.3-V LVTTL  ;         ; Row I/O    ; N               ; no       ; Off          ;
; P7       ; 77         ; 1        ; key1[25]                                 ; input  ; 3.3-V LVTTL  ;         ; Row I/O    ; N               ; no       ; Off          ;
; P8       ;            ;          ; GND                                      ; gnd    ;              ;         ; --         ;                 ; --       ; --           ;
; P9       ; 46         ; 2        ; idata[1]                                 ; input  ; 3.3-V LVTTL  ;         ; Row I/O    ; N               ; no       ; Off          ;
; P10      ;            ;          ; VCCINT                                   ; power  ;              ; 1.2V    ; --         ;                 ; --       ; --           ;
; P11      ;            ;          ; GND                                      ; gnd    ;              ;         ; --         ;                 ; --       ; --           ;
; P12      ;            ;          ; GND                                      ; gnd    ;              ;         ; --         ;                 ; --       ; --           ;
; P13      ;            ;          ; GND                                      ; gnd    ;              ;         ; --         ;                 ; --       ; --           ;
; P14      ;            ;          ; GND                                      ; gnd    ;              ;         ; --         ;                 ; --       ; --           ;
; P15      ;            ;          ; GND                                      ; gnd    ;              ;         ; --         ;                 ; --       ; --           ;
; P16      ;            ;          ; GND                                      ; gnd    ;              ;         ; --         ;                 ; --       ; --           ;
; P17      ; 293        ; 6        ; key3[13]                                 ; input  ; 3.3-V LVTTL  ;         ; Row I/O    ; N               ; no       ; Off          ;
; P18      ; 347        ; 5        ; key3[31]                                 ; input  ; 3.3-V LVTTL  ;         ; Row I/O    ; N               ; no       ; Off          ;
; P19      ;            ;          ; GND                                      ; gnd    ;              ;         ; --         ;                 ; --       ; --           ;
; P20      ; 301        ; 6        ; ^MSEL0                                   ;        ;              ;         ; --         ;                 ; --       ; --           ;
; P21      ; 300        ; 6        ; ^MSEL1                                   ;        ;              ;         ; --         ;                 ; --       ; --           ;
; P22      ;            ; 6        ; VCCIO6                                   ; power  ;              ; 3.3V    ; --         ;                 ; --       ; --           ;
; P23      ; 305        ; 6        ; odata[35]                                ; output ; 3.3-V LVTTL  ;         ; Row I/O    ; N               ; no       ; Off          ;
; P24      ; 304        ; 6        ; odata[22]                                ; output ; 3.3-V LVTTL  ;         ; Row I/O    ; N               ; no       ; Off          ;
; P25      ; 307        ; 6        ; idata[9]                                 ; input  ; 3.3-V LVTTL  ;         ; Row I/O    ; N               ; no       ; Off          ;
; P26      ; 306        ; 6        ; idata[13]                                ; input  ; 3.3-V LVTTL  ;         ; Row I/O    ; N               ; no       ; Off          ;
; R1       ;            ;          ; GND                                      ; gnd    ;              ;         ; --         ;                 ; --       ; --           ;
; R2       ; 71         ; 1        ; key1[5]                                  ; input  ; 3.3-V LVTTL  ;         ; Row I/O    ; N               ; no       ; Off          ;
; R3       ; 72         ; 1        ; key1[27]                                 ; input  ; 3.3-V LVTTL  ;         ; Row I/O    ; N               ; no       ; Off          ;
; R4       ; 73         ; 1        ; key1[20]                                 ; input  ; 3.3-V LVTTL  ;         ; Row I/O    ; N               ; no       ; Off          ;
; R5       ; 74         ; 1        ; key1[29]                                 ; input  ; 3.3-V LVTTL  ;         ; Row I/O    ; N               ; no       ; Off          ;
; R6       ; 81         ; 1        ; key1[42]                                 ; input  ; 3.3-V LVTTL  ;         ; Row I/O    ; N               ; no       ; Off          ;
; R7       ; 82         ; 1        ; key1[36]                                 ; input  ; 3.3-V LVTTL  ;         ; Row I/O    ; N               ; no       ; Off          ;
; R8       ; 110        ; 1        ; GND*                                     ;        ;              ;         ; Row I/O    ;                 ; no       ; Off          ;
; R9       ;            ; 1        ; VCCIO1                                   ; power  ;              ; 3.3V    ; --         ;                 ; --       ; --           ;
; R10      ;            ;          ; VCCINT                                   ; power  ;              ; 1.2V    ; --         ;                 ; --       ; --           ;
; R11      ;            ;          ; VCCINT                                   ; power  ;              ; 1.2V    ; --         ;                 ; --       ; --           ;
; R12      ;            ;          ; GND                                      ; gnd    ;              ;         ; --         ;                 ; --       ; --           ;
; R13      ;            ;          ; GND                                      ; gnd    ;              ;         ; --         ;                 ; --       ; --           ;
; R14      ;            ;          ; GND                                      ; gnd    ;              ;         ; --         ;                 ; --       ; --           ;
; R15      ;            ;          ; GND                                      ; gnd    ;              ;         ; --         ;                 ; --       ; --           ;
; R16      ;            ;          ; VCCINT                                   ; power  ;              ; 1.2V    ; --         ;                 ; --       ; --           ;
; R17      ; 294        ; 6        ; key3[36]                                 ; input  ; 3.3-V LVTTL  ;         ; Row I/O    ; N               ; no       ; Off          ;
; R18      ;            ; 6        ; VCCIO6                                   ; power  ;              ; 3.3V    ; --         ;                 ; --       ; --           ;
; R19      ; 282        ; 6        ; key3[46]                                 ; input  ; 3.3-V LVTTL  ;         ; Row I/O    ; N               ; no       ; Off          ;
; R20      ; 297        ; 6        ; key3[3]                                  ; input  ; 3.3-V LVTTL  ;         ; Row I/O    ; N               ; no       ; Off          ;
; R21      ;            ;          ; GND                                      ; gnd    ;              ;         ; --         ;                 ; --       ; --           ;
; R22      ; 298        ; 6        ; ^nSTATUS                                 ;        ;              ;         ; --         ;                 ; --       ; --           ;
; R23      ; 299        ; 6        ; ^CONF_DONE                               ;        ;              ;         ; --         ;                 ; --       ; --           ;
; R24      ; 302        ; 6        ; key3[51]                                 ; input  ; 3.3-V LVTTL  ;         ; Row I/O    ; N               ; no       ; Off          ;
; R25      ; 303        ; 6        ; odata[30]                                ; output ; 3.3-V LVTTL  ;         ; Row I/O    ; N               ; no       ; Off          ;
; R26      ;            ;          ; GND                                      ; gnd    ;              ;         ; --         ;                 ; --       ; --           ;
; T1       ;            ; 1        ; VCCIO1                                   ; power  ;              ; 3.3V    ; --         ;                 ; --       ; --           ;
; T2       ; 79         ; 1        ; key1[43]                                 ; input  ; 3.3-V LVTTL  ;         ; Row I/O    ; N               ; no       ; Off          ;
; T3       ; 80         ; 1        ; key1[60]                                 ; input  ; 3.3-V LVTTL  ;         ; Row I/O    ; N               ; no       ; Off          ;
; T4       ; 83         ; 1        ; idata[3]                                 ; input  ; 3.3-V LVTTL  ;         ; Row I/O    ; N               ; no       ; Off          ;
; T5       ;            ;          ; GND                                      ; gnd    ;              ;         ; --         ;                 ; --       ; --           ;
; T6       ; 93         ; 1        ; GND*                                     ;        ;              ;         ; Row I/O    ;                 ; no       ; Off          ;
; T7       ; 92         ; 1        ; key2[32]                                 ; input  ; 3.3-V LVTTL  ;         ; Row I/O    ; N               ; no       ; Off          ;
; T8       ; 111        ; 1        ; GND*                                     ;        ;              ;         ; Row I/O    ;                 ; no       ; Off          ;
; T9       ; 76         ; 1        ; key1[3]                                  ; input  ; 3.3-V LVTTL  ;         ; Row I/O    ; N               ; no       ; Off          ;
; T10      ; 75         ; 1        ; key1[28]                                 ; input  ; 3.3-V LVTTL  ;         ; Row I/O    ; N               ; no       ; Off          ;
; T11      ;            ;          ; VCCINT                                   ; power  ;              ; 1.2V    ; --         ;                 ; --       ; --           ;
; T12      ;            ;          ; GND                                      ; gnd    ;              ;         ; --         ;                 ; --       ; --           ;
; T13      ;            ;          ; GND                                      ; gnd    ;              ;         ; --         ;                 ; --       ; --           ;
; T14      ;            ;          ; GND                                      ; gnd    ;              ;         ; --         ;                 ; --       ; --           ;
; T15      ;            ;          ; GND                                      ; gnd    ;              ;         ; --         ;                 ; --       ; --           ;
; T16      ;            ;          ; VCCINT                                   ; power  ;              ; 1.2V    ; --         ;                 ; --       ; --           ;
; T17      ; 289        ; 6        ; key3[44]                                 ; input  ; 3.3-V LVTTL  ;         ; Row I/O    ; N               ; no       ; Off          ;
; T18      ; 290        ; 6        ; key3[41]                                 ; input  ; 3.3-V LVTTL  ;         ; Row I/O    ; N               ; no       ; Off          ;
; T19      ; 281        ; 6        ; key3[14]                                 ; input  ; 3.3-V LVTTL  ;         ; Row I/O    ; N               ; no       ; Off          ;
; T20      ; 287        ; 6        ; key3[30]                                 ; input  ; 3.3-V LVTTL  ;         ; Row I/O    ; N               ; no       ; Off          ;
; T21      ; 288        ; 6        ; key3[60]                                 ; input  ; 3.3-V LVTTL  ;         ; Row I/O    ; N               ; no       ; Off          ;
; T22      ; 296        ; 6        ; key3[38]                                 ; input  ; 3.3-V LVTTL  ;         ; Row I/O    ; N               ; no       ; Off          ;
; T23      ; 295        ; 6        ; key3[29]                                 ; input  ; 3.3-V LVTTL  ;         ; Row I/O    ; N               ; no       ; Off          ;
; T24      ; 292        ; 6        ; key3[34]                                 ; input  ; 3.3-V LVTTL  ;         ; Row I/O    ; N               ; no       ; Off          ;
; T25      ; 291        ; 6        ; key3[17]                                 ; input  ; 3.3-V LVTTL  ;         ; Row I/O    ; N               ; no       ; Off          ;
; T26      ;            ; 6        ; VCCIO6                                   ; power  ;              ; 3.3V    ; --         ;                 ; --       ; --           ;
; U1       ; 85         ; 1        ; GND*                                     ;        ;              ;         ; Row I/O    ;                 ; no       ; Off          ;
; U2       ; 84         ; 1        ; GND*                                     ;        ;              ;         ; Row I/O    ;                 ; no       ; Off          ;
; U3       ; 88         ; 1        ; GND*                                     ;        ;              ;         ; Row I/O    ;                 ; no       ; Off          ;
; U4       ; 89         ; 1        ; GND*                                     ;        ;              ;         ; Row I/O    ;                 ; no       ; Off          ;
; U5       ; 100        ; 1        ; GND*                                     ;        ;              ;         ; Row I/O    ;                 ; no       ; Off          ;
; U6       ; 98         ; 1        ; GND*                                     ;        ;              ;         ; Row I/O    ;                 ; no       ; Off          ;
; U7       ; 99         ; 1        ; GND*                                     ;        ;              ;         ; Row I/O    ;                 ; no       ; Off          ;
; U8       ;            ;          ; GND                                      ; gnd    ;              ;         ; --         ;                 ; --       ; --           ;
; U9       ; 86         ; 1        ; key1[35]                                 ; input  ; 3.3-V LVTTL  ;         ; Row I/O    ; N               ; no       ; Off          ;
; U10      ; 87         ; 1        ; GND*                                     ;        ;              ;         ; Row I/O    ;                 ; no       ; Off          ;
; U11      ;            ;          ; VCCINT                                   ; power  ;              ; 1.2V    ; --         ;                 ; --       ; --           ;
; U12      ; 178        ; 8        ; key2[61]                                 ; input  ; 3.3-V LVTTL  ;         ; Column I/O ; N               ; no       ; Off          ;
; U13      ;            ;          ; VCCINT                                   ; power  ;              ; 1.2V    ; --         ;                 ; --       ; --           ;
; U14      ;            ;          ; VCCINT                                   ; power  ;              ; 1.2V    ; --         ;                 ; --       ; --           ;
; U15      ;            ;          ; VCCINT                                   ; power  ;              ; 1.2V    ; --         ;                 ; --       ; --           ;
; U16      ;            ;          ; VCCINT                                   ; power  ;              ; 1.2V    ; --         ;                 ; --       ; --           ;
; U17      ; 231        ; 7        ; key2[56]                                 ; input  ; 3.3-V LVTTL  ;         ; Column I/O ; N               ; no       ; Off          ;
; U18      ; 232        ; 7        ; GND*                                     ;        ;              ;         ; Column I/O ;                 ; no       ; Off          ;
; U19      ;            ;          ; GND                                      ; gnd    ;              ;         ; --         ;                 ; --       ; --           ;
; U20      ; 280        ; 6        ; key3[15]                                 ; input  ; 3.3-V LVTTL  ;         ; Row I/O    ; N               ; no       ; Off          ;
; U21      ; 279        ; 6        ; key3[35]                                 ; input  ; 3.3-V LVTTL  ;         ; Row I/O    ; N               ; no       ; Off          ;
; U22      ; 270        ; 6        ; key3[1]                                  ; input  ; 3.3-V LVTTL  ;         ; Row I/O    ; N               ; no       ; Off          ;
; U23      ; 284        ; 6        ; key3[55]                                 ; input  ; 3.3-V LVTTL  ;         ; Row I/O    ; N               ; no       ; Off          ;
; U24      ; 283        ; 6        ; key3[25]                                 ; input  ; 3.3-V LVTTL  ;         ; Row I/O    ; N               ; no       ; Off          ;
; U25      ; 285        ; 6        ; key3[43]                                 ; input  ; 3.3-V LVTTL  ;         ; Row I/O    ; N               ; no       ; Off          ;
; U26      ; 286        ; 6        ; key3[22]                                 ; input  ; 3.3-V LVTTL  ;         ; Row I/O    ; N               ; no       ; Off          ;
; V1       ; 90         ; 1        ; GND*                                     ;        ;              ;         ; Row I/O    ;                 ; no       ; Off          ;
; V2       ; 91         ; 1        ; GND*                                     ;        ;              ;         ; Row I/O    ;                 ; no       ; Off          ;
; V3       ; 95         ; 1        ; GND*                                     ;        ;              ;         ; Row I/O    ;                 ; no       ; Off          ;
; V4       ; 94         ; 1        ; GND*                                     ;        ;              ;         ; Row I/O    ;                 ; no       ; Off          ;
; V5       ; 104        ; 1        ; GND*                                     ;        ;              ;         ; Row I/O    ;                 ; no       ; Off          ;
; V6       ; 105        ; 1        ; GND*                                     ;        ;              ;         ; Row I/O    ;                 ; no       ; Off          ;
; V7       ; 112        ; 1        ; GND*                                     ;        ;              ;         ; Row I/O    ;                 ; no       ; Off          ;
; V8       ;            ; 1        ; VCCIO1                                   ; power  ;              ; 3.3V    ; --         ;                 ; --       ; --           ;
; V9       ; 142        ; 8        ; GND*                                     ;        ;              ;         ; Column I/O ;                 ; no       ; Off          ;
; V10      ; 141        ; 8        ; key2[40]                                 ; input  ; 3.3-V LVTTL  ;         ; Column I/O ; N               ; no       ; Off          ;
; V11      ; 177        ; 8        ; key2[54]                                 ; input  ; 3.3-V LVTTL  ;         ; Column I/O ; N               ; no       ; Off          ;
; V12      ;            ; 8        ; VCCIO8                                   ; power  ;              ; 3.3V    ; --         ;                 ; --       ; --           ;
; V13      ; 176        ; 8        ; key2[62]                                 ; input  ; 3.3-V LVTTL  ;         ; Column I/O ; N               ; no       ; Off          ;
; V14      ; 175        ; 8        ; key2[21]                                 ; input  ; 3.3-V LVTTL  ;         ; Column I/O ; N               ; no       ; Off          ;
; V15      ;            ; 7        ; VCCIO7                                   ; power  ;              ; 3.3V    ; --         ;                 ; --       ; --           ;
; V16      ;            ;          ; VCCINT                                   ; power  ;              ; 1.2V    ; --         ;                 ; --       ; --           ;
; V17      ; 218        ; 7        ; key2[38]                                 ; input  ; 3.3-V LVTTL  ;         ; Column I/O ; N               ; no       ; Off          ;
; V18      ; 233        ; 7        ; key1[40]                                 ; input  ; 3.3-V LVTTL  ;         ; Column I/O ; N               ; no       ; Off          ;
; V19      ;            ; 6        ; VCCIO6                                   ; power  ;              ; 3.3V    ; --         ;                 ; --       ; --           ;
; V20      ; 251        ; 6        ; GND*                                     ;        ;              ;         ; Row I/O    ;                 ; no       ; Off          ;
; V21      ; 252        ; 6        ; key3[32]                                 ; input  ; 3.3-V LVTTL  ;         ; Row I/O    ; N               ; no       ; Off          ;
; V22      ; 259        ; 6        ; GND*                                     ;        ;              ;         ; Row I/O    ;                 ; --       ; --           ;
; V23      ; 275        ; 6        ; key3[50]                                 ; input  ; 3.3-V LVTTL  ;         ; Row I/O    ; N               ; no       ; Off          ;
; V24      ; 276        ; 6        ; key3[37]                                 ; input  ; 3.3-V LVTTL  ;         ; Row I/O    ; N               ; no       ; Off          ;
; V25      ; 277        ; 6        ; key3[10]                                 ; input  ; 3.3-V LVTTL  ;         ; Row I/O    ; N               ; no       ; Off          ;
; V26      ; 278        ; 6        ; key3[33]                                 ; input  ; 3.3-V LVTTL  ;         ; Row I/O    ; N               ; no       ; Off          ;
; W1       ; 97         ; 1        ; GND*                                     ;        ;              ;         ; Row I/O    ;                 ; no       ; Off          ;
; W2       ; 96         ; 1        ; GND*                                     ;        ;              ;         ; Row I/O    ;                 ; no       ; Off          ;
; W3       ; 102        ; 1        ; GND*                                     ;        ;              ;         ; Row I/O    ;                 ; no       ; Off          ;
; W4       ; 101        ; 1        ; GND*                                     ;        ;              ;         ; Row I/O    ;                 ; no       ; Off          ;
; W5       ;            ;          ; GND                                      ; gnd    ;              ;         ; --         ;                 ; --       ; --           ;
; W6       ; 113        ; 1        ; GND*                                     ;        ;              ;         ; Row I/O    ;                 ; --       ; --           ;
; W7       ;            ;          ; GND_PLL1                                 ; gnd    ;              ;         ; --         ;                 ; --       ; --           ;
; W8       ; 144        ; 8        ; GND*                                     ;        ;              ;         ; Column I/O ;                 ; no       ; Off          ;
; W9       ;            ; 8        ; VCCIO8                                   ; power  ;              ; 3.3V    ; --         ;                 ; --       ; --           ;
; W10      ; 145        ; 8        ; GND*                                     ;        ;              ;         ; Column I/O ;                 ; no       ; Off          ;
; W11      ; 161        ; 8        ; GND*                                     ;        ;              ;         ; Column I/O ;                 ; no       ; Off          ;
; W12      ; 162        ; 8        ; GND*                                     ;        ;              ;         ; Column I/O ;                 ; no       ; Off          ;
; W13      ;            ;          ; GND                                      ; gnd    ;              ;         ; --         ;                 ; --       ; --           ;
; W14      ;            ;          ; GND                                      ; gnd    ;              ;         ; --         ;                 ; --       ; --           ;
; W15      ; 203        ; 7        ; key2[11]                                 ; input  ; 3.3-V LVTTL  ;         ; Column I/O ; N               ; no       ; Off          ;
; W16      ; 204        ; 7        ; key2[19]                                 ; input  ; 3.3-V LVTTL  ;         ; Column I/O ; N               ; no       ; Off          ;
; W17      ; 217        ; 7        ; key2[49]                                 ; input  ; 3.3-V LVTTL  ;         ; Column I/O ; N               ; no       ; Off          ;
; W18      ;            ; 7        ; VCCIO7                                   ; power  ;              ; 3.3V    ; --         ;                 ; --       ; --           ;
; W19      ; 234        ; 7        ; GND*                                     ;        ;              ;         ; Column I/O ;                 ; no       ; Off          ;
; W20      ;            ;          ; GND_PLL4                                 ; gnd    ;              ;         ; --         ;                 ; --       ; --           ;
; W21      ; 253        ; 6        ; GND*                                     ;        ;              ;         ; Row I/O    ;                 ; no       ; Off          ;
; W22      ;            ;          ; GND                                      ; gnd    ;              ;         ; --         ;                 ; --       ; --           ;
; W23      ; 272        ; 6        ; odata[19]                                ; output ; 3.3-V LVTTL  ;         ; Row I/O    ; N               ; no       ; Off          ;
; W24      ; 271        ; 6        ; key3[42]                                 ; input  ; 3.3-V LVTTL  ;         ; Row I/O    ; N               ; no       ; Off          ;
; W25      ; 273        ; 6        ; key3[54]                                 ; input  ; 3.3-V LVTTL  ;         ; Row I/O    ; N               ; no       ; Off          ;
; W26      ; 274        ; 6        ; key3[27]                                 ; input  ; 3.3-V LVTTL  ;         ; Row I/O    ; N               ; no       ; Off          ;
; Y1       ; 103        ; 1        ; GND*                                     ;        ;              ;         ; Row I/O    ;                 ; no       ; Off          ;
; Y2       ;            ;          ; NC                                       ;        ;              ;         ; --         ;                 ; --       ; --           ;
; Y3       ; 108        ; 1        ; GND*                                     ;        ;              ;         ; Row I/O    ;                 ; no       ; Off          ;
; Y4       ; 109        ; 1        ; GND*                                     ;        ;              ;         ; Row I/O    ;                 ; no       ; Off          ;
; Y5       ; 121        ; 1        ; GND*                                     ;        ;              ;         ; Row I/O    ;                 ; no       ; Off          ;
; Y6       ;            ;          ; GND_PLL1                                 ; gnd    ;              ;         ; --         ;                 ; --       ; --           ;
; Y7       ;            ;          ; VCCD_PLL1                                ; power  ;              ; 1.2V    ; --         ;                 ; --       ; --           ;
; Y8       ;            ;          ; GNDA_PLL1                                ; gnd    ;              ;         ; --         ;                 ; --       ; --           ;
; Y9       ;            ;          ; GND                                      ; gnd    ;              ;         ; --         ;                 ; --       ; --           ;
; Y10      ; 146        ; 8        ; GND*                                     ;        ;              ;         ; Column I/O ;                 ; no       ; Off          ;
; Y11      ; 156        ; 8        ; GND*                                     ;        ;              ;         ; Column I/O ;                 ; no       ; Off          ;
; Y12      ; 180        ; 8        ; key2[17]                                 ; input  ; 3.3-V LVTTL  ;         ; Column I/O ; N               ; no       ; Off          ;
; Y13      ; 193        ; 7        ; key2[1]                                  ; input  ; 3.3-V LVTTL  ;         ; Column I/O ; N               ; no       ; Off          ;
; Y14      ; 195        ; 7        ; key2[10]                                 ; input  ; 3.3-V LVTTL  ;         ; Column I/O ; N               ; no       ; Off          ;
; Y15      ; 196        ; 7        ; key2[58]                                 ; input  ; 3.3-V LVTTL  ;         ; Column I/O ; N               ; no       ; Off          ;
; Y16      ; 210        ; 7        ; key2[42]                                 ; input  ; 3.3-V LVTTL  ;         ; Column I/O ; N               ; no       ; Off          ;
; Y17      ;            ;          ; GND                                      ; gnd    ;              ;         ; --         ;                 ; --       ; --           ;
; Y18      ; 229        ; 7        ; GND*                                     ;        ;              ;         ; Column I/O ;                 ; --       ; --           ;
; Y19      ;            ;          ; GNDA_PLL4                                ; gnd    ;              ;         ; --         ;                 ; --       ; --           ;
; Y20      ;            ;          ; VCCD_PLL4                                ; power  ;              ; 1.2V    ; --         ;                 ; --       ; --           ;
; Y21      ; 250        ; 6        ; GND*                                     ;        ;              ;         ; Row I/O    ;                 ; no       ; Off          ;
; Y22      ; 254        ; 6        ; GND*                                     ;        ;              ;         ; Row I/O    ;                 ; no       ; Off          ;
; Y23      ; 265        ; 6        ; odata[44]                                ; output ; 3.3-V LVTTL  ;         ; Row I/O    ; N               ; no       ; Off          ;
; Y24      ; 264        ; 6        ; odata[51]                                ; output ; 3.3-V LVTTL  ;         ; Row I/O    ; N               ; no       ; Off          ;
; Y25      ; 269        ; 6        ; odata[27]                                ; output ; 3.3-V LVTTL  ;         ; Row I/O    ; N               ; no       ; Off          ;
; Y26      ; 268        ; 6        ; odata[21]                                ; output ; 3.3-V LVTTL  ;         ; Row I/O    ; N               ; no       ; Off          ;
+----------+------------+----------+------------------------------------------+--------+--------------+---------+------------+-----------------+----------+--------------+
Note: Pin directions (input, output or bidir) are based on device operating in user mode.


+-------------------------------------------------------------------------------+
; Output Pin Default Load For Reported TCO                                      ;
+----------------------------------+-------+------------------------------------+
; I/O Standard                     ; Load  ; Termination Resistance             ;
+----------------------------------+-------+------------------------------------+
; 3.3-V LVTTL                      ; 0 pF  ; Not Available                      ;
; 3.3-V LVCMOS                     ; 0 pF  ; Not Available                      ;
; 2.5 V                            ; 0 pF  ; Not Available                      ;
; 1.8 V                            ; 0 pF  ; Not Available                      ;
; 1.5 V                            ; 0 pF  ; Not Available                      ;
; 3.3-V PCI                        ; 10 pF ; 25 Ohm (Parallel)                  ;
; 3.3-V PCI-X                      ; 10 pF ; 25 Ohm (Parallel)                  ;
; SSTL-2 Class I                   ; 0 pF  ; 50 Ohm (Parallel), 25 Ohm (Serial) ;
; SSTL-2 Class II                  ; 0 pF  ; 25 Ohm (Parallel), 25 Ohm (Serial) ;
; SSTL-18 Class I                  ; 0 pF  ; 50 Ohm (Parallel), 25 Ohm (Serial) ;
; SSTL-18 Class II                 ; 0 pF  ; 25 Ohm (Parallel), 25 Ohm (Serial) ;
; 1.5-V HSTL Class I               ; 0 pF  ; 50 Ohm (Parallel)                  ;
; 1.5-V HSTL Class II              ; 0 pF  ; 25 Ohm (Parallel)                  ;
; 1.8-V HSTL Class I               ; 0 pF  ; 50 Ohm (Parallel)                  ;
; 1.8-V HSTL Class II              ; 0 pF  ; 25 Ohm (Parallel)                  ;
; Differential SSTL-2              ; 0 pF  ; (See SSTL-2)                       ;
; Differential 2.5-V SSTL Class II ; 0 pF  ; (See SSTL-2 Class II)              ;
; Differential 1.8-V SSTL Class I  ; 0 pF  ; (See 1.8-V SSTL Class I)           ;
; Differential 1.8-V SSTL Class II ; 0 pF  ; (See 1.8-V SSTL Class II)          ;
; Differential 1.5-V HSTL Class I  ; 0 pF  ; (See 1.5-V HSTL Class I)           ;
; Differential 1.5-V HSTL Class II ; 0 pF  ; (See 1.5-V HSTL Class II)          ;
; Differential 1.8-V HSTL Class I  ; 0 pF  ; (See 1.8-V HSTL Class I)           ;
; Differential 1.8-V HSTL Class II ; 0 pF  ; (See 1.8-V HSTL Class II)          ;
; LVDS                             ; 0 pF  ; 100 Ohm (Differential)             ;
; mini-LVDS                        ; 0 pF  ; 100 Ohm (Differential)             ;
; RSDS                             ; 0 pF  ; 100 Ohm (Differential)             ;
; Simple RSDS                      ; 0 pF  ; Not Available                      ;
; Differential LVPECL              ; 0 pF  ; 100 Ohm (Differential)             ;
+----------------------------------+-------+------------------------------------+
Note: User assignments will override these defaults. The user specified values are listed in the Output Pins and Bidir Pins tables.


+--------------------------------------------------------------------------------------------------------------------------------------------------------------------------------------------------------------------------------------------------------------------------------------------------------------------------------------------------------------------------+
; Fitter Resource Utilization by Entity                                                                                                                                                                                                                                                                                                                                    ;
+-------------------------------------------+-------------+---------------------------+---------------+-------------+------+--------------+---------+-----------+------+--------------+--------------+-------------------+------------------+---------------------------------------------------------------------------------------------------------------+--------------+
; Compilation Hierarchy Node                ; Logic Cells ; Dedicated Logic Registers ; I/O Registers ; Memory Bits ; M4Ks ; DSP Elements ; DSP 9x9 ; DSP 18x18 ; Pins ; Virtual Pins ; LUT-Only LCs ; Register-Only LCs ; LUT/Register LCs ; Full Hierarchy Name                                                                                           ; Library Name ;
+-------------------------------------------+-------------+---------------------------+---------------+-------------+------+--------------+---------+-----------+------+--------------+--------------+-------------------+------------------+---------------------------------------------------------------------------------------------------------------+--------------+
; |des3                                     ; 12181 (0)   ; 3132 (0)                  ; 0 (0)         ; 384         ; 4    ; 0            ; 0       ; 0         ; 324  ; 0            ; 9049 (0)     ; 689 (0)           ; 2443 (0)         ; |des3                                                                                                         ; work         ;
;    |feistel_algo:decrypt2|                ; 4034 (3001) ; 984 (978)                 ; 0 (0)         ; 384         ; 4    ; 0            ; 0       ; 0         ; 0    ; 0            ; 3050 (2160)  ; 192 (190)         ; 792 (521)        ; |des3|feistel_algo:decrypt2                                                                                   ; work         ;
;       |altshift_taps:L16_rtl_0|           ; 11 (0)      ; 6 (0)                     ; 0 (0)         ; 384         ; 4    ; 0            ; 0       ; 0         ; 0    ; 0            ; 5 (0)        ; 2 (0)             ; 4 (0)            ; |des3|feistel_algo:decrypt2|altshift_taps:L16_rtl_0                                                           ; work         ;
;          |shift_taps_ghm:auto_generated|  ; 11 (4)      ; 6 (3)                     ; 0 (0)         ; 384         ; 4    ; 0            ; 0       ; 0         ; 0    ; 0            ; 5 (1)        ; 2 (2)             ; 4 (1)            ; |des3|feistel_algo:decrypt2|altshift_taps:L16_rtl_0|shift_taps_ghm:auto_generated                             ; work         ;
;             |altsyncram_n761:altsyncram4| ; 0 (0)       ; 0 (0)                     ; 0 (0)         ; 384         ; 4    ; 0            ; 0       ; 0         ; 0    ; 0            ; 0 (0)        ; 0 (0)             ; 0 (0)            ; |des3|feistel_algo:decrypt2|altshift_taps:L16_rtl_0|shift_taps_ghm:auto_generated|altsyncram_n761:altsyncram4 ; work         ;
;             |cntr_74h:cntr5|              ; 2 (2)       ; 1 (1)                     ; 0 (0)         ; 0           ; 0    ; 0            ; 0       ; 0         ; 0    ; 0            ; 1 (1)        ; 0 (0)             ; 1 (1)            ; |des3|feistel_algo:decrypt2|altshift_taps:L16_rtl_0|shift_taps_ghm:auto_generated|cntr_74h:cntr5              ; work         ;
;             |cntr_kkf:cntr1|              ; 5 (5)       ; 2 (2)                     ; 0 (0)         ; 0           ; 0    ; 0            ; 0       ; 0         ; 0    ; 0            ; 3 (3)        ; 0 (0)             ; 2 (2)            ; |des3|feistel_algo:decrypt2|altshift_taps:L16_rtl_0|shift_taps_ghm:auto_generated|cntr_kkf:cntr1              ; work         ;
;       |f:key_gen[0].f_inst|               ; 72 (48)     ; 0 (0)                     ; 0 (0)         ; 0           ; 0    ; 0            ; 0       ; 0         ; 0    ; 0            ; 58 (34)      ; 0 (0)             ; 14 (14)          ; |des3|feistel_algo:decrypt2|f:key_gen[0].f_inst                                                               ; work         ;
;          |S:s|                            ; 24 (0)      ; 0 (0)                     ; 0 (0)         ; 0           ; 0    ; 0            ; 0       ; 0         ; 0    ; 0            ; 24 (0)       ; 0 (0)             ; 0 (0)            ; |des3|feistel_algo:decrypt2|f:key_gen[0].f_inst|S:s                                                           ; work         ;
;             |S1:iS1|                      ; 6 (6)       ; 0 (0)                     ; 0 (0)         ; 0           ; 0    ; 0            ; 0       ; 0         ; 0    ; 0            ; 6 (6)        ; 0 (0)             ; 0 (0)            ; |des3|feistel_algo:decrypt2|f:key_gen[0].f_inst|S:s|S1:iS1                                                    ; work         ;
;             |S2:iS2|                      ; 6 (6)       ; 0 (0)                     ; 0 (0)         ; 0           ; 0    ; 0            ; 0       ; 0         ; 0    ; 0            ; 6 (6)        ; 0 (0)             ; 0 (0)            ; |des3|feistel_algo:decrypt2|f:key_gen[0].f_inst|S:s|S2:iS2                                                    ; work         ;
;             |S5:iS5|                      ; 12 (12)     ; 0 (0)                     ; 0 (0)         ; 0           ; 0    ; 0            ; 0       ; 0         ; 0    ; 0            ; 12 (12)      ; 0 (0)             ; 0 (0)            ; |des3|feistel_algo:decrypt2|f:key_gen[0].f_inst|S:s|S5:iS5                                                    ; work         ;
;       |f:key_gen[10].f_inst|              ; 72 (48)     ; 0 (0)                     ; 0 (0)         ; 0           ; 0    ; 0            ; 0       ; 0         ; 0    ; 0            ; 54 (30)      ; 0 (0)             ; 18 (18)          ; |des3|feistel_algo:decrypt2|f:key_gen[10].f_inst                                                              ; work         ;
;          |S:s|                            ; 24 (0)      ; 0 (0)                     ; 0 (0)         ; 0           ; 0    ; 0            ; 0       ; 0         ; 0    ; 0            ; 24 (0)       ; 0 (0)             ; 0 (0)            ; |des3|feistel_algo:decrypt2|f:key_gen[10].f_inst|S:s                                                          ; work         ;
;             |S1:iS1|                      ; 6 (6)       ; 0 (0)                     ; 0 (0)         ; 0           ; 0    ; 0            ; 0       ; 0         ; 0    ; 0            ; 6 (6)        ; 0 (0)             ; 0 (0)            ; |des3|feistel_algo:decrypt2|f:key_gen[10].f_inst|S:s|S1:iS1                                                   ; work         ;
;             |S2:iS2|                      ; 6 (6)       ; 0 (0)                     ; 0 (0)         ; 0           ; 0    ; 0            ; 0       ; 0         ; 0    ; 0            ; 6 (6)        ; 0 (0)             ; 0 (0)            ; |des3|feistel_algo:decrypt2|f:key_gen[10].f_inst|S:s|S2:iS2                                                   ; work         ;
;             |S5:iS5|                      ; 12 (12)     ; 0 (0)                     ; 0 (0)         ; 0           ; 0    ; 0            ; 0       ; 0         ; 0    ; 0            ; 12 (12)      ; 0 (0)             ; 0 (0)            ; |des3|feistel_algo:decrypt2|f:key_gen[10].f_inst|S:s|S5:iS5                                                   ; work         ;
;       |f:key_gen[11].f_inst|              ; 72 (48)     ; 0 (0)                     ; 0 (0)         ; 0           ; 0    ; 0            ; 0       ; 0         ; 0    ; 0            ; 50 (26)      ; 0 (0)             ; 22 (22)          ; |des3|feistel_algo:decrypt2|f:key_gen[11].f_inst                                                              ; work         ;
;          |S:s|                            ; 24 (0)      ; 0 (0)                     ; 0 (0)         ; 0           ; 0    ; 0            ; 0       ; 0         ; 0    ; 0            ; 24 (0)       ; 0 (0)             ; 0 (0)            ; |des3|feistel_algo:decrypt2|f:key_gen[11].f_inst|S:s                                                          ; work         ;
;             |S1:iS1|                      ; 6 (6)       ; 0 (0)                     ; 0 (0)         ; 0           ; 0    ; 0            ; 0       ; 0         ; 0    ; 0            ; 6 (6)        ; 0 (0)             ; 0 (0)            ; |des3|feistel_algo:decrypt2|f:key_gen[11].f_inst|S:s|S1:iS1                                                   ; work         ;
;             |S2:iS2|                      ; 6 (6)       ; 0 (0)                     ; 0 (0)         ; 0           ; 0    ; 0            ; 0       ; 0         ; 0    ; 0            ; 6 (6)        ; 0 (0)             ; 0 (0)            ; |des3|feistel_algo:decrypt2|f:key_gen[11].f_inst|S:s|S2:iS2                                                   ; work         ;
;             |S5:iS5|                      ; 12 (12)     ; 0 (0)                     ; 0 (0)         ; 0           ; 0    ; 0            ; 0       ; 0         ; 0    ; 0            ; 12 (12)      ; 0 (0)             ; 0 (0)            ; |des3|feistel_algo:decrypt2|f:key_gen[11].f_inst|S:s|S5:iS5                                                   ; work         ;
;       |f:key_gen[12].f_inst|              ; 72 (48)     ; 0 (0)                     ; 0 (0)         ; 0           ; 0    ; 0            ; 0       ; 0         ; 0    ; 0            ; 56 (32)      ; 0 (0)             ; 16 (16)          ; |des3|feistel_algo:decrypt2|f:key_gen[12].f_inst                                                              ; work         ;
;          |S:s|                            ; 24 (0)      ; 0 (0)                     ; 0 (0)         ; 0           ; 0    ; 0            ; 0       ; 0         ; 0    ; 0            ; 24 (0)       ; 0 (0)             ; 0 (0)            ; |des3|feistel_algo:decrypt2|f:key_gen[12].f_inst|S:s                                                          ; work         ;
;             |S1:iS1|                      ; 6 (6)       ; 0 (0)                     ; 0 (0)         ; 0           ; 0    ; 0            ; 0       ; 0         ; 0    ; 0            ; 6 (6)        ; 0 (0)             ; 0 (0)            ; |des3|feistel_algo:decrypt2|f:key_gen[12].f_inst|S:s|S1:iS1                                                   ; work         ;
;             |S2:iS2|                      ; 6 (6)       ; 0 (0)                     ; 0 (0)         ; 0           ; 0    ; 0            ; 0       ; 0         ; 0    ; 0            ; 6 (6)        ; 0 (0)             ; 0 (0)            ; |des3|feistel_algo:decrypt2|f:key_gen[12].f_inst|S:s|S2:iS2                                                   ; work         ;
;             |S5:iS5|                      ; 12 (12)     ; 0 (0)                     ; 0 (0)         ; 0           ; 0    ; 0            ; 0       ; 0         ; 0    ; 0            ; 12 (12)      ; 0 (0)             ; 0 (0)            ; |des3|feistel_algo:decrypt2|f:key_gen[12].f_inst|S:s|S5:iS5                                                   ; work         ;
;       |f:key_gen[13].f_inst|              ; 72 (48)     ; 0 (0)                     ; 0 (0)         ; 0           ; 0    ; 0            ; 0       ; 0         ; 0    ; 0            ; 59 (35)      ; 0 (0)             ; 13 (13)          ; |des3|feistel_algo:decrypt2|f:key_gen[13].f_inst                                                              ; work         ;
;          |S:s|                            ; 24 (0)      ; 0 (0)                     ; 0 (0)         ; 0           ; 0    ; 0            ; 0       ; 0         ; 0    ; 0            ; 24 (0)       ; 0 (0)             ; 0 (0)            ; |des3|feistel_algo:decrypt2|f:key_gen[13].f_inst|S:s                                                          ; work         ;
;             |S1:iS1|                      ; 6 (6)       ; 0 (0)                     ; 0 (0)         ; 0           ; 0    ; 0            ; 0       ; 0         ; 0    ; 0            ; 6 (6)        ; 0 (0)             ; 0 (0)            ; |des3|feistel_algo:decrypt2|f:key_gen[13].f_inst|S:s|S1:iS1                                                   ; work         ;
;             |S2:iS2|                      ; 6 (6)       ; 0 (0)                     ; 0 (0)         ; 0           ; 0    ; 0            ; 0       ; 0         ; 0    ; 0            ; 6 (6)        ; 0 (0)             ; 0 (0)            ; |des3|feistel_algo:decrypt2|f:key_gen[13].f_inst|S:s|S2:iS2                                                   ; work         ;
;             |S5:iS5|                      ; 12 (12)     ; 0 (0)                     ; 0 (0)         ; 0           ; 0    ; 0            ; 0       ; 0         ; 0    ; 0            ; 12 (12)      ; 0 (0)             ; 0 (0)            ; |des3|feistel_algo:decrypt2|f:key_gen[13].f_inst|S:s|S5:iS5                                                   ; work         ;
;       |f:key_gen[14].f_inst|              ; 72 (48)     ; 0 (0)                     ; 0 (0)         ; 0           ; 0    ; 0            ; 0       ; 0         ; 0    ; 0            ; 65 (41)      ; 0 (0)             ; 7 (7)            ; |des3|feistel_algo:decrypt2|f:key_gen[14].f_inst                                                              ; work         ;
;          |S:s|                            ; 24 (0)      ; 0 (0)                     ; 0 (0)         ; 0           ; 0    ; 0            ; 0       ; 0         ; 0    ; 0            ; 24 (0)       ; 0 (0)             ; 0 (0)            ; |des3|feistel_algo:decrypt2|f:key_gen[14].f_inst|S:s                                                          ; work         ;
;             |S1:iS1|                      ; 6 (6)       ; 0 (0)                     ; 0 (0)         ; 0           ; 0    ; 0            ; 0       ; 0         ; 0    ; 0            ; 6 (6)        ; 0 (0)             ; 0 (0)            ; |des3|feistel_algo:decrypt2|f:key_gen[14].f_inst|S:s|S1:iS1                                                   ; work         ;
;             |S2:iS2|                      ; 6 (6)       ; 0 (0)                     ; 0 (0)         ; 0           ; 0    ; 0            ; 0       ; 0         ; 0    ; 0            ; 6 (6)        ; 0 (0)             ; 0 (0)            ; |des3|feistel_algo:decrypt2|f:key_gen[14].f_inst|S:s|S2:iS2                                                   ; work         ;
;             |S5:iS5|                      ; 12 (12)     ; 0 (0)                     ; 0 (0)         ; 0           ; 0    ; 0            ; 0       ; 0         ; 0    ; 0            ; 12 (12)      ; 0 (0)             ; 0 (0)            ; |des3|feistel_algo:decrypt2|f:key_gen[14].f_inst|S:s|S5:iS5                                                   ; work         ;
;       |f:key_gen[15].f_inst|              ; 72 (48)     ; 0 (0)                     ; 0 (0)         ; 0           ; 0    ; 0            ; 0       ; 0         ; 0    ; 0            ; 64 (40)      ; 0 (0)             ; 8 (8)            ; |des3|feistel_algo:decrypt2|f:key_gen[15].f_inst                                                              ; work         ;
;          |S:s|                            ; 24 (0)      ; 0 (0)                     ; 0 (0)         ; 0           ; 0    ; 0            ; 0       ; 0         ; 0    ; 0            ; 24 (0)       ; 0 (0)             ; 0 (0)            ; |des3|feistel_algo:decrypt2|f:key_gen[15].f_inst|S:s                                                          ; work         ;
;             |S1:iS1|                      ; 6 (6)       ; 0 (0)                     ; 0 (0)         ; 0           ; 0    ; 0            ; 0       ; 0         ; 0    ; 0            ; 6 (6)        ; 0 (0)             ; 0 (0)            ; |des3|feistel_algo:decrypt2|f:key_gen[15].f_inst|S:s|S1:iS1                                                   ; work         ;
;             |S2:iS2|                      ; 6 (6)       ; 0 (0)                     ; 0 (0)         ; 0           ; 0    ; 0            ; 0       ; 0         ; 0    ; 0            ; 6 (6)        ; 0 (0)             ; 0 (0)            ; |des3|feistel_algo:decrypt2|f:key_gen[15].f_inst|S:s|S2:iS2                                                   ; work         ;
;             |S5:iS5|                      ; 12 (12)     ; 0 (0)                     ; 0 (0)         ; 0           ; 0    ; 0            ; 0       ; 0         ; 0    ; 0            ; 12 (12)      ; 0 (0)             ; 0 (0)            ; |des3|feistel_algo:decrypt2|f:key_gen[15].f_inst|S:s|S5:iS5                                                   ; work         ;
;       |f:key_gen[1].f_inst|               ; 72 (48)     ; 0 (0)                     ; 0 (0)         ; 0           ; 0    ; 0            ; 0       ; 0         ; 0    ; 0            ; 47 (23)      ; 0 (0)             ; 25 (25)          ; |des3|feistel_algo:decrypt2|f:key_gen[1].f_inst                                                               ; work         ;
;          |S:s|                            ; 24 (0)      ; 0 (0)                     ; 0 (0)         ; 0           ; 0    ; 0            ; 0       ; 0         ; 0    ; 0            ; 24 (0)       ; 0 (0)             ; 0 (0)            ; |des3|feistel_algo:decrypt2|f:key_gen[1].f_inst|S:s                                                           ; work         ;
;             |S1:iS1|                      ; 6 (6)       ; 0 (0)                     ; 0 (0)         ; 0           ; 0    ; 0            ; 0       ; 0         ; 0    ; 0            ; 6 (6)        ; 0 (0)             ; 0 (0)            ; |des3|feistel_algo:decrypt2|f:key_gen[1].f_inst|S:s|S1:iS1                                                    ; work         ;
;             |S2:iS2|                      ; 6 (6)       ; 0 (0)                     ; 0 (0)         ; 0           ; 0    ; 0            ; 0       ; 0         ; 0    ; 0            ; 6 (6)        ; 0 (0)             ; 0 (0)            ; |des3|feistel_algo:decrypt2|f:key_gen[1].f_inst|S:s|S2:iS2                                                    ; work         ;
;             |S5:iS5|                      ; 12 (12)     ; 0 (0)                     ; 0 (0)         ; 0           ; 0    ; 0            ; 0       ; 0         ; 0    ; 0            ; 12 (12)      ; 0 (0)             ; 0 (0)            ; |des3|feistel_algo:decrypt2|f:key_gen[1].f_inst|S:s|S5:iS5                                                    ; work         ;
;       |f:key_gen[2].f_inst|               ; 72 (48)     ; 0 (0)                     ; 0 (0)         ; 0           ; 0    ; 0            ; 0       ; 0         ; 0    ; 0            ; 55 (31)      ; 0 (0)             ; 17 (17)          ; |des3|feistel_algo:decrypt2|f:key_gen[2].f_inst                                                               ; work         ;
;          |S:s|                            ; 24 (0)      ; 0 (0)                     ; 0 (0)         ; 0           ; 0    ; 0            ; 0       ; 0         ; 0    ; 0            ; 24 (0)       ; 0 (0)             ; 0 (0)            ; |des3|feistel_algo:decrypt2|f:key_gen[2].f_inst|S:s                                                           ; work         ;
;             |S1:iS1|                      ; 6 (6)       ; 0 (0)                     ; 0 (0)         ; 0           ; 0    ; 0            ; 0       ; 0         ; 0    ; 0            ; 6 (6)        ; 0 (0)             ; 0 (0)            ; |des3|feistel_algo:decrypt2|f:key_gen[2].f_inst|S:s|S1:iS1                                                    ; work         ;
;             |S2:iS2|                      ; 6 (6)       ; 0 (0)                     ; 0 (0)         ; 0           ; 0    ; 0            ; 0       ; 0         ; 0    ; 0            ; 6 (6)        ; 0 (0)             ; 0 (0)            ; |des3|feistel_algo:decrypt2|f:key_gen[2].f_inst|S:s|S2:iS2                                                    ; work         ;
;             |S5:iS5|                      ; 12 (12)     ; 0 (0)                     ; 0 (0)         ; 0           ; 0    ; 0            ; 0       ; 0         ; 0    ; 0            ; 12 (12)      ; 0 (0)             ; 0 (0)            ; |des3|feistel_algo:decrypt2|f:key_gen[2].f_inst|S:s|S5:iS5                                                    ; work         ;
;       |f:key_gen[3].f_inst|               ; 72 (48)     ; 0 (0)                     ; 0 (0)         ; 0           ; 0    ; 0            ; 0       ; 0         ; 0    ; 0            ; 52 (28)      ; 0 (0)             ; 20 (20)          ; |des3|feistel_algo:decrypt2|f:key_gen[3].f_inst                                                               ; work         ;
;          |S:s|                            ; 24 (0)      ; 0 (0)                     ; 0 (0)         ; 0           ; 0    ; 0            ; 0       ; 0         ; 0    ; 0            ; 24 (0)       ; 0 (0)             ; 0 (0)            ; |des3|feistel_algo:decrypt2|f:key_gen[3].f_inst|S:s                                                           ; work         ;
;             |S1:iS1|                      ; 6 (6)       ; 0 (0)                     ; 0 (0)         ; 0           ; 0    ; 0            ; 0       ; 0         ; 0    ; 0            ; 6 (6)        ; 0 (0)             ; 0 (0)            ; |des3|feistel_algo:decrypt2|f:key_gen[3].f_inst|S:s|S1:iS1                                                    ; work         ;
;             |S2:iS2|                      ; 6 (6)       ; 0 (0)                     ; 0 (0)         ; 0           ; 0    ; 0            ; 0       ; 0         ; 0    ; 0            ; 6 (6)        ; 0 (0)             ; 0 (0)            ; |des3|feistel_algo:decrypt2|f:key_gen[3].f_inst|S:s|S2:iS2                                                    ; work         ;
;             |S5:iS5|                      ; 12 (12)     ; 0 (0)                     ; 0 (0)         ; 0           ; 0    ; 0            ; 0       ; 0         ; 0    ; 0            ; 12 (12)      ; 0 (0)             ; 0 (0)            ; |des3|feistel_algo:decrypt2|f:key_gen[3].f_inst|S:s|S5:iS5                                                    ; work         ;
;       |f:key_gen[4].f_inst|               ; 72 (48)     ; 0 (0)                     ; 0 (0)         ; 0           ; 0    ; 0            ; 0       ; 0         ; 0    ; 0            ; 54 (30)      ; 0 (0)             ; 18 (18)          ; |des3|feistel_algo:decrypt2|f:key_gen[4].f_inst                                                               ; work         ;
;          |S:s|                            ; 24 (0)      ; 0 (0)                     ; 0 (0)         ; 0           ; 0    ; 0            ; 0       ; 0         ; 0    ; 0            ; 24 (0)       ; 0 (0)             ; 0 (0)            ; |des3|feistel_algo:decrypt2|f:key_gen[4].f_inst|S:s                                                           ; work         ;
;             |S1:iS1|                      ; 6 (6)       ; 0 (0)                     ; 0 (0)         ; 0           ; 0    ; 0            ; 0       ; 0         ; 0    ; 0            ; 6 (6)        ; 0 (0)             ; 0 (0)            ; |des3|feistel_algo:decrypt2|f:key_gen[4].f_inst|S:s|S1:iS1                                                    ; work         ;
;             |S2:iS2|                      ; 6 (6)       ; 0 (0)                     ; 0 (0)         ; 0           ; 0    ; 0            ; 0       ; 0         ; 0    ; 0            ; 6 (6)        ; 0 (0)             ; 0 (0)            ; |des3|feistel_algo:decrypt2|f:key_gen[4].f_inst|S:s|S2:iS2                                                    ; work         ;
;             |S5:iS5|                      ; 12 (12)     ; 0 (0)                     ; 0 (0)         ; 0           ; 0    ; 0            ; 0       ; 0         ; 0    ; 0            ; 12 (12)      ; 0 (0)             ; 0 (0)            ; |des3|feistel_algo:decrypt2|f:key_gen[4].f_inst|S:s|S5:iS5                                                    ; work         ;
;       |f:key_gen[5].f_inst|               ; 72 (48)     ; 0 (0)                     ; 0 (0)         ; 0           ; 0    ; 0            ; 0       ; 0         ; 0    ; 0            ; 50 (26)      ; 0 (0)             ; 22 (22)          ; |des3|feistel_algo:decrypt2|f:key_gen[5].f_inst                                                               ; work         ;
;          |S:s|                            ; 24 (0)      ; 0 (0)                     ; 0 (0)         ; 0           ; 0    ; 0            ; 0       ; 0         ; 0    ; 0            ; 24 (0)       ; 0 (0)             ; 0 (0)            ; |des3|feistel_algo:decrypt2|f:key_gen[5].f_inst|S:s                                                           ; work         ;
;             |S1:iS1|                      ; 6 (6)       ; 0 (0)                     ; 0 (0)         ; 0           ; 0    ; 0            ; 0       ; 0         ; 0    ; 0            ; 6 (6)        ; 0 (0)             ; 0 (0)            ; |des3|feistel_algo:decrypt2|f:key_gen[5].f_inst|S:s|S1:iS1                                                    ; work         ;
;             |S2:iS2|                      ; 6 (6)       ; 0 (0)                     ; 0 (0)         ; 0           ; 0    ; 0            ; 0       ; 0         ; 0    ; 0            ; 6 (6)        ; 0 (0)             ; 0 (0)            ; |des3|feistel_algo:decrypt2|f:key_gen[5].f_inst|S:s|S2:iS2                                                    ; work         ;
;             |S5:iS5|                      ; 12 (12)     ; 0 (0)                     ; 0 (0)         ; 0           ; 0    ; 0            ; 0       ; 0         ; 0    ; 0            ; 12 (12)      ; 0 (0)             ; 0 (0)            ; |des3|feistel_algo:decrypt2|f:key_gen[5].f_inst|S:s|S5:iS5                                                    ; work         ;
;       |f:key_gen[6].f_inst|               ; 72 (48)     ; 0 (0)                     ; 0 (0)         ; 0           ; 0    ; 0            ; 0       ; 0         ; 0    ; 0            ; 51 (27)      ; 0 (0)             ; 21 (21)          ; |des3|feistel_algo:decrypt2|f:key_gen[6].f_inst                                                               ; work         ;
;          |S:s|                            ; 24 (0)      ; 0 (0)                     ; 0 (0)         ; 0           ; 0    ; 0            ; 0       ; 0         ; 0    ; 0            ; 24 (0)       ; 0 (0)             ; 0 (0)            ; |des3|feistel_algo:decrypt2|f:key_gen[6].f_inst|S:s                                                           ; work         ;
;             |S1:iS1|                      ; 6 (6)       ; 0 (0)                     ; 0 (0)         ; 0           ; 0    ; 0            ; 0       ; 0         ; 0    ; 0            ; 6 (6)        ; 0 (0)             ; 0 (0)            ; |des3|feistel_algo:decrypt2|f:key_gen[6].f_inst|S:s|S1:iS1                                                    ; work         ;
;             |S2:iS2|                      ; 6 (6)       ; 0 (0)                     ; 0 (0)         ; 0           ; 0    ; 0            ; 0       ; 0         ; 0    ; 0            ; 6 (6)        ; 0 (0)             ; 0 (0)            ; |des3|feistel_algo:decrypt2|f:key_gen[6].f_inst|S:s|S2:iS2                                                    ; work         ;
;             |S5:iS5|                      ; 12 (12)     ; 0 (0)                     ; 0 (0)         ; 0           ; 0    ; 0            ; 0       ; 0         ; 0    ; 0            ; 12 (12)      ; 0 (0)             ; 0 (0)            ; |des3|feistel_algo:decrypt2|f:key_gen[6].f_inst|S:s|S5:iS5                                                    ; work         ;
;       |f:key_gen[7].f_inst|               ; 72 (48)     ; 0 (0)                     ; 0 (0)         ; 0           ; 0    ; 0            ; 0       ; 0         ; 0    ; 0            ; 61 (37)      ; 0 (0)             ; 11 (11)          ; |des3|feistel_algo:decrypt2|f:key_gen[7].f_inst                                                               ; work         ;
;          |S:s|                            ; 24 (0)      ; 0 (0)                     ; 0 (0)         ; 0           ; 0    ; 0            ; 0       ; 0         ; 0    ; 0            ; 24 (0)       ; 0 (0)             ; 0 (0)            ; |des3|feistel_algo:decrypt2|f:key_gen[7].f_inst|S:s                                                           ; work         ;
;             |S1:iS1|                      ; 6 (6)       ; 0 (0)                     ; 0 (0)         ; 0           ; 0    ; 0            ; 0       ; 0         ; 0    ; 0            ; 6 (6)        ; 0 (0)             ; 0 (0)            ; |des3|feistel_algo:decrypt2|f:key_gen[7].f_inst|S:s|S1:iS1                                                    ; work         ;
;             |S2:iS2|                      ; 6 (6)       ; 0 (0)                     ; 0 (0)         ; 0           ; 0    ; 0            ; 0       ; 0         ; 0    ; 0            ; 6 (6)        ; 0 (0)             ; 0 (0)            ; |des3|feistel_algo:decrypt2|f:key_gen[7].f_inst|S:s|S2:iS2                                                    ; work         ;
;             |S5:iS5|                      ; 12 (12)     ; 0 (0)                     ; 0 (0)         ; 0           ; 0    ; 0            ; 0       ; 0         ; 0    ; 0            ; 12 (12)      ; 0 (0)             ; 0 (0)            ; |des3|feistel_algo:decrypt2|f:key_gen[7].f_inst|S:s|S5:iS5                                                    ; work         ;
;       |f:key_gen[8].f_inst|               ; 72 (48)     ; 0 (0)                     ; 0 (0)         ; 0           ; 0    ; 0            ; 0       ; 0         ; 0    ; 0            ; 59 (35)      ; 0 (0)             ; 13 (13)          ; |des3|feistel_algo:decrypt2|f:key_gen[8].f_inst                                                               ; work         ;
;          |S:s|                            ; 24 (0)      ; 0 (0)                     ; 0 (0)         ; 0           ; 0    ; 0            ; 0       ; 0         ; 0    ; 0            ; 24 (0)       ; 0 (0)             ; 0 (0)            ; |des3|feistel_algo:decrypt2|f:key_gen[8].f_inst|S:s                                                           ; work         ;
;             |S1:iS1|                      ; 6 (6)       ; 0 (0)                     ; 0 (0)         ; 0           ; 0    ; 0            ; 0       ; 0         ; 0    ; 0            ; 6 (6)        ; 0 (0)             ; 0 (0)            ; |des3|feistel_algo:decrypt2|f:key_gen[8].f_inst|S:s|S1:iS1                                                    ; work         ;
;             |S2:iS2|                      ; 6 (6)       ; 0 (0)                     ; 0 (0)         ; 0           ; 0    ; 0            ; 0       ; 0         ; 0    ; 0            ; 6 (6)        ; 0 (0)             ; 0 (0)            ; |des3|feistel_algo:decrypt2|f:key_gen[8].f_inst|S:s|S2:iS2                                                    ; work         ;
;             |S5:iS5|                      ; 12 (12)     ; 0 (0)                     ; 0 (0)         ; 0           ; 0    ; 0            ; 0       ; 0         ; 0    ; 0            ; 12 (12)      ; 0 (0)             ; 0 (0)            ; |des3|feistel_algo:decrypt2|f:key_gen[8].f_inst|S:s|S5:iS5                                                    ; work         ;
;       |f:key_gen[9].f_inst|               ; 72 (48)     ; 0 (0)                     ; 0 (0)         ; 0           ; 0    ; 0            ; 0       ; 0         ; 0    ; 0            ; 50 (26)      ; 0 (0)             ; 22 (22)          ; |des3|feistel_algo:decrypt2|f:key_gen[9].f_inst                                                               ; work         ;
;          |S:s|                            ; 24 (0)      ; 0 (0)                     ; 0 (0)         ; 0           ; 0    ; 0            ; 0       ; 0         ; 0    ; 0            ; 24 (0)       ; 0 (0)             ; 0 (0)            ; |des3|feistel_algo:decrypt2|f:key_gen[9].f_inst|S:s                                                           ; work         ;
;             |S1:iS1|                      ; 6 (6)       ; 0 (0)                     ; 0 (0)         ; 0           ; 0    ; 0            ; 0       ; 0         ; 0    ; 0            ; 6 (6)        ; 0 (0)             ; 0 (0)            ; |des3|feistel_algo:decrypt2|f:key_gen[9].f_inst|S:s|S1:iS1                                                    ; work         ;
;             |S2:iS2|                      ; 6 (6)       ; 0 (0)                     ; 0 (0)         ; 0           ; 0    ; 0            ; 0       ; 0         ; 0    ; 0            ; 6 (6)        ; 0 (0)             ; 0 (0)            ; |des3|feistel_algo:decrypt2|f:key_gen[9].f_inst|S:s|S2:iS2                                                    ; work         ;
;             |S5:iS5|                      ; 12 (12)     ; 0 (0)                     ; 0 (0)         ; 0           ; 0    ; 0            ; 0       ; 0         ; 0    ; 0            ; 12 (12)      ; 0 (0)             ; 0 (0)            ; |des3|feistel_algo:decrypt2|f:key_gen[9].f_inst|S:s|S5:iS5                                                    ; work         ;
;    |feistel_algo:encrypt1|                ; 4042 (3041) ; 1042 (1042)               ; 0 (0)         ; 0           ; 0    ; 0            ; 0       ; 0         ; 0    ; 0            ; 3000 (2178)  ; 201 (201)         ; 841 (511)        ; |des3|feistel_algo:encrypt1                                                                                   ; work         ;
;       |f:key_gen[0].f_inst|               ; 72 (48)     ; 0 (0)                     ; 0 (0)         ; 0           ; 0    ; 0            ; 0       ; 0         ; 0    ; 0            ; 39 (15)      ; 0 (0)             ; 33 (33)          ; |des3|feistel_algo:encrypt1|f:key_gen[0].f_inst                                                               ; work         ;
;          |S:s|                            ; 24 (0)      ; 0 (0)                     ; 0 (0)         ; 0           ; 0    ; 0            ; 0       ; 0         ; 0    ; 0            ; 24 (0)       ; 0 (0)             ; 0 (0)            ; |des3|feistel_algo:encrypt1|f:key_gen[0].f_inst|S:s                                                           ; work         ;
;             |S1:iS1|                      ; 6 (6)       ; 0 (0)                     ; 0 (0)         ; 0           ; 0    ; 0            ; 0       ; 0         ; 0    ; 0            ; 6 (6)        ; 0 (0)             ; 0 (0)            ; |des3|feistel_algo:encrypt1|f:key_gen[0].f_inst|S:s|S1:iS1                                                    ; work         ;
;             |S2:iS2|                      ; 6 (6)       ; 0 (0)                     ; 0 (0)         ; 0           ; 0    ; 0            ; 0       ; 0         ; 0    ; 0            ; 6 (6)        ; 0 (0)             ; 0 (0)            ; |des3|feistel_algo:encrypt1|f:key_gen[0].f_inst|S:s|S2:iS2                                                    ; work         ;
;             |S5:iS5|                      ; 12 (12)     ; 0 (0)                     ; 0 (0)         ; 0           ; 0    ; 0            ; 0       ; 0         ; 0    ; 0            ; 12 (12)      ; 0 (0)             ; 0 (0)            ; |des3|feistel_algo:encrypt1|f:key_gen[0].f_inst|S:s|S5:iS5                                                    ; work         ;
;       |f:key_gen[10].f_inst|              ; 72 (48)     ; 0 (0)                     ; 0 (0)         ; 0           ; 0    ; 0            ; 0       ; 0         ; 0    ; 0            ; 53 (29)      ; 0 (0)             ; 19 (19)          ; |des3|feistel_algo:encrypt1|f:key_gen[10].f_inst                                                              ; work         ;
;          |S:s|                            ; 24 (0)      ; 0 (0)                     ; 0 (0)         ; 0           ; 0    ; 0            ; 0       ; 0         ; 0    ; 0            ; 24 (0)       ; 0 (0)             ; 0 (0)            ; |des3|feistel_algo:encrypt1|f:key_gen[10].f_inst|S:s                                                          ; work         ;
;             |S1:iS1|                      ; 6 (6)       ; 0 (0)                     ; 0 (0)         ; 0           ; 0    ; 0            ; 0       ; 0         ; 0    ; 0            ; 6 (6)        ; 0 (0)             ; 0 (0)            ; |des3|feistel_algo:encrypt1|f:key_gen[10].f_inst|S:s|S1:iS1                                                   ; work         ;
;             |S2:iS2|                      ; 6 (6)       ; 0 (0)                     ; 0 (0)         ; 0           ; 0    ; 0            ; 0       ; 0         ; 0    ; 0            ; 6 (6)        ; 0 (0)             ; 0 (0)            ; |des3|feistel_algo:encrypt1|f:key_gen[10].f_inst|S:s|S2:iS2                                                   ; work         ;
;             |S5:iS5|                      ; 12 (12)     ; 0 (0)                     ; 0 (0)         ; 0           ; 0    ; 0            ; 0       ; 0         ; 0    ; 0            ; 12 (12)      ; 0 (0)             ; 0 (0)            ; |des3|feistel_algo:encrypt1|f:key_gen[10].f_inst|S:s|S5:iS5                                                   ; work         ;
;       |f:key_gen[11].f_inst|              ; 72 (48)     ; 0 (0)                     ; 0 (0)         ; 0           ; 0    ; 0            ; 0       ; 0         ; 0    ; 0            ; 48 (24)      ; 0 (0)             ; 24 (24)          ; |des3|feistel_algo:encrypt1|f:key_gen[11].f_inst                                                              ; work         ;
;          |S:s|                            ; 24 (0)      ; 0 (0)                     ; 0 (0)         ; 0           ; 0    ; 0            ; 0       ; 0         ; 0    ; 0            ; 24 (0)       ; 0 (0)             ; 0 (0)            ; |des3|feistel_algo:encrypt1|f:key_gen[11].f_inst|S:s                                                          ; work         ;
;             |S1:iS1|                      ; 6 (6)       ; 0 (0)                     ; 0 (0)         ; 0           ; 0    ; 0            ; 0       ; 0         ; 0    ; 0            ; 6 (6)        ; 0 (0)             ; 0 (0)            ; |des3|feistel_algo:encrypt1|f:key_gen[11].f_inst|S:s|S1:iS1                                                   ; work         ;
;             |S2:iS2|                      ; 6 (6)       ; 0 (0)                     ; 0 (0)         ; 0           ; 0    ; 0            ; 0       ; 0         ; 0    ; 0            ; 6 (6)        ; 0 (0)             ; 0 (0)            ; |des3|feistel_algo:encrypt1|f:key_gen[11].f_inst|S:s|S2:iS2                                                   ; work         ;
;             |S5:iS5|                      ; 12 (12)     ; 0 (0)                     ; 0 (0)         ; 0           ; 0    ; 0            ; 0       ; 0         ; 0    ; 0            ; 12 (12)      ; 0 (0)             ; 0 (0)            ; |des3|feistel_algo:encrypt1|f:key_gen[11].f_inst|S:s|S5:iS5                                                   ; work         ;
;       |f:key_gen[12].f_inst|              ; 72 (48)     ; 0 (0)                     ; 0 (0)         ; 0           ; 0    ; 0            ; 0       ; 0         ; 0    ; 0            ; 50 (26)      ; 0 (0)             ; 22 (22)          ; |des3|feistel_algo:encrypt1|f:key_gen[12].f_inst                                                              ; work         ;
;          |S:s|                            ; 24 (0)      ; 0 (0)                     ; 0 (0)         ; 0           ; 0    ; 0            ; 0       ; 0         ; 0    ; 0            ; 24 (0)       ; 0 (0)             ; 0 (0)            ; |des3|feistel_algo:encrypt1|f:key_gen[12].f_inst|S:s                                                          ; work         ;
;             |S1:iS1|                      ; 6 (6)       ; 0 (0)                     ; 0 (0)         ; 0           ; 0    ; 0            ; 0       ; 0         ; 0    ; 0            ; 6 (6)        ; 0 (0)             ; 0 (0)            ; |des3|feistel_algo:encrypt1|f:key_gen[12].f_inst|S:s|S1:iS1                                                   ; work         ;
;             |S2:iS2|                      ; 6 (6)       ; 0 (0)                     ; 0 (0)         ; 0           ; 0    ; 0            ; 0       ; 0         ; 0    ; 0            ; 6 (6)        ; 0 (0)             ; 0 (0)            ; |des3|feistel_algo:encrypt1|f:key_gen[12].f_inst|S:s|S2:iS2                                                   ; work         ;
;             |S5:iS5|                      ; 12 (12)     ; 0 (0)                     ; 0 (0)         ; 0           ; 0    ; 0            ; 0       ; 0         ; 0    ; 0            ; 12 (12)      ; 0 (0)             ; 0 (0)            ; |des3|feistel_algo:encrypt1|f:key_gen[12].f_inst|S:s|S5:iS5                                                   ; work         ;
;       |f:key_gen[13].f_inst|              ; 72 (48)     ; 0 (0)                     ; 0 (0)         ; 0           ; 0    ; 0            ; 0       ; 0         ; 0    ; 0            ; 56 (32)      ; 0 (0)             ; 16 (16)          ; |des3|feistel_algo:encrypt1|f:key_gen[13].f_inst                                                              ; work         ;
;          |S:s|                            ; 24 (0)      ; 0 (0)                     ; 0 (0)         ; 0           ; 0    ; 0            ; 0       ; 0         ; 0    ; 0            ; 24 (0)       ; 0 (0)             ; 0 (0)            ; |des3|feistel_algo:encrypt1|f:key_gen[13].f_inst|S:s                                                          ; work         ;
;             |S1:iS1|                      ; 6 (6)       ; 0 (0)                     ; 0 (0)         ; 0           ; 0    ; 0            ; 0       ; 0         ; 0    ; 0            ; 6 (6)        ; 0 (0)             ; 0 (0)            ; |des3|feistel_algo:encrypt1|f:key_gen[13].f_inst|S:s|S1:iS1                                                   ; work         ;
;             |S2:iS2|                      ; 6 (6)       ; 0 (0)                     ; 0 (0)         ; 0           ; 0    ; 0            ; 0       ; 0         ; 0    ; 0            ; 6 (6)        ; 0 (0)             ; 0 (0)            ; |des3|feistel_algo:encrypt1|f:key_gen[13].f_inst|S:s|S2:iS2                                                   ; work         ;
;             |S5:iS5|                      ; 12 (12)     ; 0 (0)                     ; 0 (0)         ; 0           ; 0    ; 0            ; 0       ; 0         ; 0    ; 0            ; 12 (12)      ; 0 (0)             ; 0 (0)            ; |des3|feistel_algo:encrypt1|f:key_gen[13].f_inst|S:s|S5:iS5                                                   ; work         ;
;       |f:key_gen[14].f_inst|              ; 72 (48)     ; 0 (0)                     ; 0 (0)         ; 0           ; 0    ; 0            ; 0       ; 0         ; 0    ; 0            ; 62 (38)      ; 0 (0)             ; 10 (10)          ; |des3|feistel_algo:encrypt1|f:key_gen[14].f_inst                                                              ; work         ;
;          |S:s|                            ; 24 (0)      ; 0 (0)                     ; 0 (0)         ; 0           ; 0    ; 0            ; 0       ; 0         ; 0    ; 0            ; 24 (0)       ; 0 (0)             ; 0 (0)            ; |des3|feistel_algo:encrypt1|f:key_gen[14].f_inst|S:s                                                          ; work         ;
;             |S1:iS1|                      ; 6 (6)       ; 0 (0)                     ; 0 (0)         ; 0           ; 0    ; 0            ; 0       ; 0         ; 0    ; 0            ; 6 (6)        ; 0 (0)             ; 0 (0)            ; |des3|feistel_algo:encrypt1|f:key_gen[14].f_inst|S:s|S1:iS1                                                   ; work         ;
;             |S2:iS2|                      ; 6 (6)       ; 0 (0)                     ; 0 (0)         ; 0           ; 0    ; 0            ; 0       ; 0         ; 0    ; 0            ; 6 (6)        ; 0 (0)             ; 0 (0)            ; |des3|feistel_algo:encrypt1|f:key_gen[14].f_inst|S:s|S2:iS2                                                   ; work         ;
;             |S5:iS5|                      ; 12 (12)     ; 0 (0)                     ; 0 (0)         ; 0           ; 0    ; 0            ; 0       ; 0         ; 0    ; 0            ; 12 (12)      ; 0 (0)             ; 0 (0)            ; |des3|feistel_algo:encrypt1|f:key_gen[14].f_inst|S:s|S5:iS5                                                   ; work         ;
;       |f:key_gen[15].f_inst|              ; 72 (48)     ; 0 (0)                     ; 0 (0)         ; 0           ; 0    ; 0            ; 0       ; 0         ; 0    ; 0            ; 60 (36)      ; 0 (0)             ; 12 (12)          ; |des3|feistel_algo:encrypt1|f:key_gen[15].f_inst                                                              ; work         ;
;          |S:s|                            ; 24 (0)      ; 0 (0)                     ; 0 (0)         ; 0           ; 0    ; 0            ; 0       ; 0         ; 0    ; 0            ; 24 (0)       ; 0 (0)             ; 0 (0)            ; |des3|feistel_algo:encrypt1|f:key_gen[15].f_inst|S:s                                                          ; work         ;
;             |S1:iS1|                      ; 6 (6)       ; 0 (0)                     ; 0 (0)         ; 0           ; 0    ; 0            ; 0       ; 0         ; 0    ; 0            ; 6 (6)        ; 0 (0)             ; 0 (0)            ; |des3|feistel_algo:encrypt1|f:key_gen[15].f_inst|S:s|S1:iS1                                                   ; work         ;
;             |S2:iS2|                      ; 6 (6)       ; 0 (0)                     ; 0 (0)         ; 0           ; 0    ; 0            ; 0       ; 0         ; 0    ; 0            ; 6 (6)        ; 0 (0)             ; 0 (0)            ; |des3|feistel_algo:encrypt1|f:key_gen[15].f_inst|S:s|S2:iS2                                                   ; work         ;
;             |S5:iS5|                      ; 12 (12)     ; 0 (0)                     ; 0 (0)         ; 0           ; 0    ; 0            ; 0       ; 0         ; 0    ; 0            ; 12 (12)      ; 0 (0)             ; 0 (0)            ; |des3|feistel_algo:encrypt1|f:key_gen[15].f_inst|S:s|S5:iS5                                                   ; work         ;
;       |f:key_gen[1].f_inst|               ; 72 (48)     ; 0 (0)                     ; 0 (0)         ; 0           ; 0    ; 0            ; 0       ; 0         ; 0    ; 0            ; 44 (20)      ; 0 (0)             ; 28 (28)          ; |des3|feistel_algo:encrypt1|f:key_gen[1].f_inst                                                               ; work         ;
;          |S:s|                            ; 24 (0)      ; 0 (0)                     ; 0 (0)         ; 0           ; 0    ; 0            ; 0       ; 0         ; 0    ; 0            ; 24 (0)       ; 0 (0)             ; 0 (0)            ; |des3|feistel_algo:encrypt1|f:key_gen[1].f_inst|S:s                                                           ; work         ;
;             |S1:iS1|                      ; 6 (6)       ; 0 (0)                     ; 0 (0)         ; 0           ; 0    ; 0            ; 0       ; 0         ; 0    ; 0            ; 6 (6)        ; 0 (0)             ; 0 (0)            ; |des3|feistel_algo:encrypt1|f:key_gen[1].f_inst|S:s|S1:iS1                                                    ; work         ;
;             |S2:iS2|                      ; 6 (6)       ; 0 (0)                     ; 0 (0)         ; 0           ; 0    ; 0            ; 0       ; 0         ; 0    ; 0            ; 6 (6)        ; 0 (0)             ; 0 (0)            ; |des3|feistel_algo:encrypt1|f:key_gen[1].f_inst|S:s|S2:iS2                                                    ; work         ;
;             |S5:iS5|                      ; 12 (12)     ; 0 (0)                     ; 0 (0)         ; 0           ; 0    ; 0            ; 0       ; 0         ; 0    ; 0            ; 12 (12)      ; 0 (0)             ; 0 (0)            ; |des3|feistel_algo:encrypt1|f:key_gen[1].f_inst|S:s|S5:iS5                                                    ; work         ;
;       |f:key_gen[2].f_inst|               ; 72 (48)     ; 0 (0)                     ; 0 (0)         ; 0           ; 0    ; 0            ; 0       ; 0         ; 0    ; 0            ; 55 (31)      ; 0 (0)             ; 17 (17)          ; |des3|feistel_algo:encrypt1|f:key_gen[2].f_inst                                                               ; work         ;
;          |S:s|                            ; 24 (0)      ; 0 (0)                     ; 0 (0)         ; 0           ; 0    ; 0            ; 0       ; 0         ; 0    ; 0            ; 24 (0)       ; 0 (0)             ; 0 (0)            ; |des3|feistel_algo:encrypt1|f:key_gen[2].f_inst|S:s                                                           ; work         ;
;             |S1:iS1|                      ; 6 (6)       ; 0 (0)                     ; 0 (0)         ; 0           ; 0    ; 0            ; 0       ; 0         ; 0    ; 0            ; 6 (6)        ; 0 (0)             ; 0 (0)            ; |des3|feistel_algo:encrypt1|f:key_gen[2].f_inst|S:s|S1:iS1                                                    ; work         ;
;             |S2:iS2|                      ; 6 (6)       ; 0 (0)                     ; 0 (0)         ; 0           ; 0    ; 0            ; 0       ; 0         ; 0    ; 0            ; 6 (6)        ; 0 (0)             ; 0 (0)            ; |des3|feistel_algo:encrypt1|f:key_gen[2].f_inst|S:s|S2:iS2                                                    ; work         ;
;             |S5:iS5|                      ; 12 (12)     ; 0 (0)                     ; 0 (0)         ; 0           ; 0    ; 0            ; 0       ; 0         ; 0    ; 0            ; 12 (12)      ; 0 (0)             ; 0 (0)            ; |des3|feistel_algo:encrypt1|f:key_gen[2].f_inst|S:s|S5:iS5                                                    ; work         ;
;       |f:key_gen[3].f_inst|               ; 72 (48)     ; 0 (0)                     ; 0 (0)         ; 0           ; 0    ; 0            ; 0       ; 0         ; 0    ; 0            ; 50 (26)      ; 0 (0)             ; 22 (22)          ; |des3|feistel_algo:encrypt1|f:key_gen[3].f_inst                                                               ; work         ;
;          |S:s|                            ; 24 (0)      ; 0 (0)                     ; 0 (0)         ; 0           ; 0    ; 0            ; 0       ; 0         ; 0    ; 0            ; 24 (0)       ; 0 (0)             ; 0 (0)            ; |des3|feistel_algo:encrypt1|f:key_gen[3].f_inst|S:s                                                           ; work         ;
;             |S1:iS1|                      ; 6 (6)       ; 0 (0)                     ; 0 (0)         ; 0           ; 0    ; 0            ; 0       ; 0         ; 0    ; 0            ; 6 (6)        ; 0 (0)             ; 0 (0)            ; |des3|feistel_algo:encrypt1|f:key_gen[3].f_inst|S:s|S1:iS1                                                    ; work         ;
;             |S2:iS2|                      ; 6 (6)       ; 0 (0)                     ; 0 (0)         ; 0           ; 0    ; 0            ; 0       ; 0         ; 0    ; 0            ; 6 (6)        ; 0 (0)             ; 0 (0)            ; |des3|feistel_algo:encrypt1|f:key_gen[3].f_inst|S:s|S2:iS2                                                    ; work         ;
;             |S5:iS5|                      ; 12 (12)     ; 0 (0)                     ; 0 (0)         ; 0           ; 0    ; 0            ; 0       ; 0         ; 0    ; 0            ; 12 (12)      ; 0 (0)             ; 0 (0)            ; |des3|feistel_algo:encrypt1|f:key_gen[3].f_inst|S:s|S5:iS5                                                    ; work         ;
;       |f:key_gen[4].f_inst|               ; 72 (48)     ; 0 (0)                     ; 0 (0)         ; 0           ; 0    ; 0            ; 0       ; 0         ; 0    ; 0            ; 51 (27)      ; 0 (0)             ; 21 (21)          ; |des3|feistel_algo:encrypt1|f:key_gen[4].f_inst                                                               ; work         ;
;          |S:s|                            ; 24 (0)      ; 0 (0)                     ; 0 (0)         ; 0           ; 0    ; 0            ; 0       ; 0         ; 0    ; 0            ; 24 (0)       ; 0 (0)             ; 0 (0)            ; |des3|feistel_algo:encrypt1|f:key_gen[4].f_inst|S:s                                                           ; work         ;
;             |S1:iS1|                      ; 6 (6)       ; 0 (0)                     ; 0 (0)         ; 0           ; 0    ; 0            ; 0       ; 0         ; 0    ; 0            ; 6 (6)        ; 0 (0)             ; 0 (0)            ; |des3|feistel_algo:encrypt1|f:key_gen[4].f_inst|S:s|S1:iS1                                                    ; work         ;
;             |S2:iS2|                      ; 6 (6)       ; 0 (0)                     ; 0 (0)         ; 0           ; 0    ; 0            ; 0       ; 0         ; 0    ; 0            ; 6 (6)        ; 0 (0)             ; 0 (0)            ; |des3|feistel_algo:encrypt1|f:key_gen[4].f_inst|S:s|S2:iS2                                                    ; work         ;
;             |S5:iS5|                      ; 12 (12)     ; 0 (0)                     ; 0 (0)         ; 0           ; 0    ; 0            ; 0       ; 0         ; 0    ; 0            ; 12 (12)      ; 0 (0)             ; 0 (0)            ; |des3|feistel_algo:encrypt1|f:key_gen[4].f_inst|S:s|S5:iS5                                                    ; work         ;
;       |f:key_gen[5].f_inst|               ; 72 (48)     ; 0 (0)                     ; 0 (0)         ; 0           ; 0    ; 0            ; 0       ; 0         ; 0    ; 0            ; 52 (28)      ; 0 (0)             ; 20 (20)          ; |des3|feistel_algo:encrypt1|f:key_gen[5].f_inst                                                               ; work         ;
;          |S:s|                            ; 24 (0)      ; 0 (0)                     ; 0 (0)         ; 0           ; 0    ; 0            ; 0       ; 0         ; 0    ; 0            ; 24 (0)       ; 0 (0)             ; 0 (0)            ; |des3|feistel_algo:encrypt1|f:key_gen[5].f_inst|S:s                                                           ; work         ;
;             |S1:iS1|                      ; 6 (6)       ; 0 (0)                     ; 0 (0)         ; 0           ; 0    ; 0            ; 0       ; 0         ; 0    ; 0            ; 6 (6)        ; 0 (0)             ; 0 (0)            ; |des3|feistel_algo:encrypt1|f:key_gen[5].f_inst|S:s|S1:iS1                                                    ; work         ;
;             |S2:iS2|                      ; 6 (6)       ; 0 (0)                     ; 0 (0)         ; 0           ; 0    ; 0            ; 0       ; 0         ; 0    ; 0            ; 6 (6)        ; 0 (0)             ; 0 (0)            ; |des3|feistel_algo:encrypt1|f:key_gen[5].f_inst|S:s|S2:iS2                                                    ; work         ;
;             |S5:iS5|                      ; 12 (12)     ; 0 (0)                     ; 0 (0)         ; 0           ; 0    ; 0            ; 0       ; 0         ; 0    ; 0            ; 12 (12)      ; 0 (0)             ; 0 (0)            ; |des3|feistel_algo:encrypt1|f:key_gen[5].f_inst|S:s|S5:iS5                                                    ; work         ;
;       |f:key_gen[6].f_inst|               ; 72 (48)     ; 0 (0)                     ; 0 (0)         ; 0           ; 0    ; 0            ; 0       ; 0         ; 0    ; 0            ; 53 (29)      ; 0 (0)             ; 19 (19)          ; |des3|feistel_algo:encrypt1|f:key_gen[6].f_inst                                                               ; work         ;
;          |S:s|                            ; 24 (0)      ; 0 (0)                     ; 0 (0)         ; 0           ; 0    ; 0            ; 0       ; 0         ; 0    ; 0            ; 24 (0)       ; 0 (0)             ; 0 (0)            ; |des3|feistel_algo:encrypt1|f:key_gen[6].f_inst|S:s                                                           ; work         ;
;             |S1:iS1|                      ; 6 (6)       ; 0 (0)                     ; 0 (0)         ; 0           ; 0    ; 0            ; 0       ; 0         ; 0    ; 0            ; 6 (6)        ; 0 (0)             ; 0 (0)            ; |des3|feistel_algo:encrypt1|f:key_gen[6].f_inst|S:s|S1:iS1                                                    ; work         ;
;             |S2:iS2|                      ; 6 (6)       ; 0 (0)                     ; 0 (0)         ; 0           ; 0    ; 0            ; 0       ; 0         ; 0    ; 0            ; 6 (6)        ; 0 (0)             ; 0 (0)            ; |des3|feistel_algo:encrypt1|f:key_gen[6].f_inst|S:s|S2:iS2                                                    ; work         ;
;             |S5:iS5|                      ; 12 (12)     ; 0 (0)                     ; 0 (0)         ; 0           ; 0    ; 0            ; 0       ; 0         ; 0    ; 0            ; 12 (12)      ; 0 (0)             ; 0 (0)            ; |des3|feistel_algo:encrypt1|f:key_gen[6].f_inst|S:s|S5:iS5                                                    ; work         ;
;       |f:key_gen[7].f_inst|               ; 72 (48)     ; 0 (0)                     ; 0 (0)         ; 0           ; 0    ; 0            ; 0       ; 0         ; 0    ; 0            ; 58 (34)      ; 0 (0)             ; 14 (14)          ; |des3|feistel_algo:encrypt1|f:key_gen[7].f_inst                                                               ; work         ;
;          |S:s|                            ; 24 (0)      ; 0 (0)                     ; 0 (0)         ; 0           ; 0    ; 0            ; 0       ; 0         ; 0    ; 0            ; 24 (0)       ; 0 (0)             ; 0 (0)            ; |des3|feistel_algo:encrypt1|f:key_gen[7].f_inst|S:s                                                           ; work         ;
;             |S1:iS1|                      ; 6 (6)       ; 0 (0)                     ; 0 (0)         ; 0           ; 0    ; 0            ; 0       ; 0         ; 0    ; 0            ; 6 (6)        ; 0 (0)             ; 0 (0)            ; |des3|feistel_algo:encrypt1|f:key_gen[7].f_inst|S:s|S1:iS1                                                    ; work         ;
;             |S2:iS2|                      ; 6 (6)       ; 0 (0)                     ; 0 (0)         ; 0           ; 0    ; 0            ; 0       ; 0         ; 0    ; 0            ; 6 (6)        ; 0 (0)             ; 0 (0)            ; |des3|feistel_algo:encrypt1|f:key_gen[7].f_inst|S:s|S2:iS2                                                    ; work         ;
;             |S5:iS5|                      ; 12 (12)     ; 0 (0)                     ; 0 (0)         ; 0           ; 0    ; 0            ; 0       ; 0         ; 0    ; 0            ; 12 (12)      ; 0 (0)             ; 0 (0)            ; |des3|feistel_algo:encrypt1|f:key_gen[7].f_inst|S:s|S5:iS5                                                    ; work         ;
;       |f:key_gen[8].f_inst|               ; 72 (48)     ; 0 (0)                     ; 0 (0)         ; 0           ; 0    ; 0            ; 0       ; 0         ; 0    ; 0            ; 46 (22)      ; 0 (0)             ; 26 (26)          ; |des3|feistel_algo:encrypt1|f:key_gen[8].f_inst                                                               ; work         ;
;          |S:s|                            ; 24 (0)      ; 0 (0)                     ; 0 (0)         ; 0           ; 0    ; 0            ; 0       ; 0         ; 0    ; 0            ; 24 (0)       ; 0 (0)             ; 0 (0)            ; |des3|feistel_algo:encrypt1|f:key_gen[8].f_inst|S:s                                                           ; work         ;
;             |S1:iS1|                      ; 6 (6)       ; 0 (0)                     ; 0 (0)         ; 0           ; 0    ; 0            ; 0       ; 0         ; 0    ; 0            ; 6 (6)        ; 0 (0)             ; 0 (0)            ; |des3|feistel_algo:encrypt1|f:key_gen[8].f_inst|S:s|S1:iS1                                                    ; work         ;
;             |S2:iS2|                      ; 6 (6)       ; 0 (0)                     ; 0 (0)         ; 0           ; 0    ; 0            ; 0       ; 0         ; 0    ; 0            ; 6 (6)        ; 0 (0)             ; 0 (0)            ; |des3|feistel_algo:encrypt1|f:key_gen[8].f_inst|S:s|S2:iS2                                                    ; work         ;
;             |S5:iS5|                      ; 12 (12)     ; 0 (0)                     ; 0 (0)         ; 0           ; 0    ; 0            ; 0       ; 0         ; 0    ; 0            ; 12 (12)      ; 0 (0)             ; 0 (0)            ; |des3|feistel_algo:encrypt1|f:key_gen[8].f_inst|S:s|S5:iS5                                                    ; work         ;
;       |f:key_gen[9].f_inst|               ; 72 (48)     ; 0 (0)                     ; 0 (0)         ; 0           ; 0    ; 0            ; 0       ; 0         ; 0    ; 0            ; 45 (21)      ; 0 (0)             ; 27 (27)          ; |des3|feistel_algo:encrypt1|f:key_gen[9].f_inst                                                               ; work         ;
;          |S:s|                            ; 24 (0)      ; 0 (0)                     ; 0 (0)         ; 0           ; 0    ; 0            ; 0       ; 0         ; 0    ; 0            ; 24 (0)       ; 0 (0)             ; 0 (0)            ; |des3|feistel_algo:encrypt1|f:key_gen[9].f_inst|S:s                                                           ; work         ;
;             |S1:iS1|                      ; 6 (6)       ; 0 (0)                     ; 0 (0)         ; 0           ; 0    ; 0            ; 0       ; 0         ; 0    ; 0            ; 6 (6)        ; 0 (0)             ; 0 (0)            ; |des3|feistel_algo:encrypt1|f:key_gen[9].f_inst|S:s|S1:iS1                                                    ; work         ;
;             |S2:iS2|                      ; 6 (6)       ; 0 (0)                     ; 0 (0)         ; 0           ; 0    ; 0            ; 0       ; 0         ; 0    ; 0            ; 6 (6)        ; 0 (0)             ; 0 (0)            ; |des3|feistel_algo:encrypt1|f:key_gen[9].f_inst|S:s|S2:iS2                                                    ; work         ;
;             |S5:iS5|                      ; 12 (12)     ; 0 (0)                     ; 0 (0)         ; 0           ; 0    ; 0            ; 0       ; 0         ; 0    ; 0            ; 12 (12)      ; 0 (0)             ; 0 (0)            ; |des3|feistel_algo:encrypt1|f:key_gen[9].f_inst|S:s|S5:iS5                                                    ; work         ;
;    |feistel_algo:encrypt3|                ; 4105 (3091) ; 1106 (1106)               ; 0 (0)         ; 0           ; 0    ; 0            ; 0       ; 0         ; 0    ; 0            ; 2999 (2079)  ; 296 (296)         ; 810 (578)        ; |des3|feistel_algo:encrypt3                                                                                   ; work         ;
;       |f:key_gen[0].f_inst|               ; 72 (48)     ; 0 (0)                     ; 0 (0)         ; 0           ; 0    ; 0            ; 0       ; 0         ; 0    ; 0            ; 59 (35)      ; 0 (0)             ; 13 (13)          ; |des3|feistel_algo:encrypt3|f:key_gen[0].f_inst                                                               ; work         ;
;          |S:s|                            ; 24 (0)      ; 0 (0)                     ; 0 (0)         ; 0           ; 0    ; 0            ; 0       ; 0         ; 0    ; 0            ; 24 (0)       ; 0 (0)             ; 0 (0)            ; |des3|feistel_algo:encrypt3|f:key_gen[0].f_inst|S:s                                                           ; work         ;
;             |S1:iS1|                      ; 6 (6)       ; 0 (0)                     ; 0 (0)         ; 0           ; 0    ; 0            ; 0       ; 0         ; 0    ; 0            ; 6 (6)        ; 0 (0)             ; 0 (0)            ; |des3|feistel_algo:encrypt3|f:key_gen[0].f_inst|S:s|S1:iS1                                                    ; work         ;
;             |S2:iS2|                      ; 6 (6)       ; 0 (0)                     ; 0 (0)         ; 0           ; 0    ; 0            ; 0       ; 0         ; 0    ; 0            ; 6 (6)        ; 0 (0)             ; 0 (0)            ; |des3|feistel_algo:encrypt3|f:key_gen[0].f_inst|S:s|S2:iS2                                                    ; work         ;
;             |S5:iS5|                      ; 12 (12)     ; 0 (0)                     ; 0 (0)         ; 0           ; 0    ; 0            ; 0       ; 0         ; 0    ; 0            ; 12 (12)      ; 0 (0)             ; 0 (0)            ; |des3|feistel_algo:encrypt3|f:key_gen[0].f_inst|S:s|S5:iS5                                                    ; work         ;
;       |f:key_gen[10].f_inst|              ; 72 (48)     ; 0 (0)                     ; 0 (0)         ; 0           ; 0    ; 0            ; 0       ; 0         ; 0    ; 0            ; 57 (33)      ; 0 (0)             ; 15 (15)          ; |des3|feistel_algo:encrypt3|f:key_gen[10].f_inst                                                              ; work         ;
;          |S:s|                            ; 24 (0)      ; 0 (0)                     ; 0 (0)         ; 0           ; 0    ; 0            ; 0       ; 0         ; 0    ; 0            ; 24 (0)       ; 0 (0)             ; 0 (0)            ; |des3|feistel_algo:encrypt3|f:key_gen[10].f_inst|S:s                                                          ; work         ;
;             |S1:iS1|                      ; 6 (6)       ; 0 (0)                     ; 0 (0)         ; 0           ; 0    ; 0            ; 0       ; 0         ; 0    ; 0            ; 6 (6)        ; 0 (0)             ; 0 (0)            ; |des3|feistel_algo:encrypt3|f:key_gen[10].f_inst|S:s|S1:iS1                                                   ; work         ;
;             |S2:iS2|                      ; 6 (6)       ; 0 (0)                     ; 0 (0)         ; 0           ; 0    ; 0            ; 0       ; 0         ; 0    ; 0            ; 6 (6)        ; 0 (0)             ; 0 (0)            ; |des3|feistel_algo:encrypt3|f:key_gen[10].f_inst|S:s|S2:iS2                                                   ; work         ;
;             |S5:iS5|                      ; 12 (12)     ; 0 (0)                     ; 0 (0)         ; 0           ; 0    ; 0            ; 0       ; 0         ; 0    ; 0            ; 12 (12)      ; 0 (0)             ; 0 (0)            ; |des3|feistel_algo:encrypt3|f:key_gen[10].f_inst|S:s|S5:iS5                                                   ; work         ;
;       |f:key_gen[11].f_inst|              ; 72 (48)     ; 0 (0)                     ; 0 (0)         ; 0           ; 0    ; 0            ; 0       ; 0         ; 0    ; 0            ; 61 (37)      ; 0 (0)             ; 11 (11)          ; |des3|feistel_algo:encrypt3|f:key_gen[11].f_inst                                                              ; work         ;
;          |S:s|                            ; 24 (0)      ; 0 (0)                     ; 0 (0)         ; 0           ; 0    ; 0            ; 0       ; 0         ; 0    ; 0            ; 24 (0)       ; 0 (0)             ; 0 (0)            ; |des3|feistel_algo:encrypt3|f:key_gen[11].f_inst|S:s                                                          ; work         ;
;             |S1:iS1|                      ; 6 (6)       ; 0 (0)                     ; 0 (0)         ; 0           ; 0    ; 0            ; 0       ; 0         ; 0    ; 0            ; 6 (6)        ; 0 (0)             ; 0 (0)            ; |des3|feistel_algo:encrypt3|f:key_gen[11].f_inst|S:s|S1:iS1                                                   ; work         ;
;             |S2:iS2|                      ; 6 (6)       ; 0 (0)                     ; 0 (0)         ; 0           ; 0    ; 0            ; 0       ; 0         ; 0    ; 0            ; 6 (6)        ; 0 (0)             ; 0 (0)            ; |des3|feistel_algo:encrypt3|f:key_gen[11].f_inst|S:s|S2:iS2                                                   ; work         ;
;             |S5:iS5|                      ; 12 (12)     ; 0 (0)                     ; 0 (0)         ; 0           ; 0    ; 0            ; 0       ; 0         ; 0    ; 0            ; 12 (12)      ; 0 (0)             ; 0 (0)            ; |des3|feistel_algo:encrypt3|f:key_gen[11].f_inst|S:s|S5:iS5                                                   ; work         ;
;       |f:key_gen[12].f_inst|              ; 72 (48)     ; 0 (0)                     ; 0 (0)         ; 0           ; 0    ; 0            ; 0       ; 0         ; 0    ; 0            ; 54 (30)      ; 0 (0)             ; 18 (18)          ; |des3|feistel_algo:encrypt3|f:key_gen[12].f_inst                                                              ; work         ;
;          |S:s|                            ; 24 (0)      ; 0 (0)                     ; 0 (0)         ; 0           ; 0    ; 0            ; 0       ; 0         ; 0    ; 0            ; 24 (0)       ; 0 (0)             ; 0 (0)            ; |des3|feistel_algo:encrypt3|f:key_gen[12].f_inst|S:s                                                          ; work         ;
;             |S1:iS1|                      ; 6 (6)       ; 0 (0)                     ; 0 (0)         ; 0           ; 0    ; 0            ; 0       ; 0         ; 0    ; 0            ; 6 (6)        ; 0 (0)             ; 0 (0)            ; |des3|feistel_algo:encrypt3|f:key_gen[12].f_inst|S:s|S1:iS1                                                   ; work         ;
;             |S2:iS2|                      ; 6 (6)       ; 0 (0)                     ; 0 (0)         ; 0           ; 0    ; 0            ; 0       ; 0         ; 0    ; 0            ; 6 (6)        ; 0 (0)             ; 0 (0)            ; |des3|feistel_algo:encrypt3|f:key_gen[12].f_inst|S:s|S2:iS2                                                   ; work         ;
;             |S5:iS5|                      ; 12 (12)     ; 0 (0)                     ; 0 (0)         ; 0           ; 0    ; 0            ; 0       ; 0         ; 0    ; 0            ; 12 (12)      ; 0 (0)             ; 0 (0)            ; |des3|feistel_algo:encrypt3|f:key_gen[12].f_inst|S:s|S5:iS5                                                   ; work         ;
;       |f:key_gen[13].f_inst|              ; 72 (48)     ; 0 (0)                     ; 0 (0)         ; 0           ; 0    ; 0            ; 0       ; 0         ; 0    ; 0            ; 57 (33)      ; 0 (0)             ; 15 (15)          ; |des3|feistel_algo:encrypt3|f:key_gen[13].f_inst                                                              ; work         ;
;          |S:s|                            ; 24 (0)      ; 0 (0)                     ; 0 (0)         ; 0           ; 0    ; 0            ; 0       ; 0         ; 0    ; 0            ; 24 (0)       ; 0 (0)             ; 0 (0)            ; |des3|feistel_algo:encrypt3|f:key_gen[13].f_inst|S:s                                                          ; work         ;
;             |S1:iS1|                      ; 6 (6)       ; 0 (0)                     ; 0 (0)         ; 0           ; 0    ; 0            ; 0       ; 0         ; 0    ; 0            ; 6 (6)        ; 0 (0)             ; 0 (0)            ; |des3|feistel_algo:encrypt3|f:key_gen[13].f_inst|S:s|S1:iS1                                                   ; work         ;
;             |S2:iS2|                      ; 6 (6)       ; 0 (0)                     ; 0 (0)         ; 0           ; 0    ; 0            ; 0       ; 0         ; 0    ; 0            ; 6 (6)        ; 0 (0)             ; 0 (0)            ; |des3|feistel_algo:encrypt3|f:key_gen[13].f_inst|S:s|S2:iS2                                                   ; work         ;
;             |S5:iS5|                      ; 12 (12)     ; 0 (0)                     ; 0 (0)         ; 0           ; 0    ; 0            ; 0       ; 0         ; 0    ; 0            ; 12 (12)      ; 0 (0)             ; 0 (0)            ; |des3|feistel_algo:encrypt3|f:key_gen[13].f_inst|S:s|S5:iS5                                                   ; work         ;
;       |f:key_gen[14].f_inst|              ; 72 (48)     ; 0 (0)                     ; 0 (0)         ; 0           ; 0    ; 0            ; 0       ; 0         ; 0    ; 0            ; 57 (33)      ; 0 (0)             ; 15 (15)          ; |des3|feistel_algo:encrypt3|f:key_gen[14].f_inst                                                              ; work         ;
;          |S:s|                            ; 24 (0)      ; 0 (0)                     ; 0 (0)         ; 0           ; 0    ; 0            ; 0       ; 0         ; 0    ; 0            ; 24 (0)       ; 0 (0)             ; 0 (0)            ; |des3|feistel_algo:encrypt3|f:key_gen[14].f_inst|S:s                                                          ; work         ;
;             |S1:iS1|                      ; 6 (6)       ; 0 (0)                     ; 0 (0)         ; 0           ; 0    ; 0            ; 0       ; 0         ; 0    ; 0            ; 6 (6)        ; 0 (0)             ; 0 (0)            ; |des3|feistel_algo:encrypt3|f:key_gen[14].f_inst|S:s|S1:iS1                                                   ; work         ;
;             |S2:iS2|                      ; 6 (6)       ; 0 (0)                     ; 0 (0)         ; 0           ; 0    ; 0            ; 0       ; 0         ; 0    ; 0            ; 6 (6)        ; 0 (0)             ; 0 (0)            ; |des3|feistel_algo:encrypt3|f:key_gen[14].f_inst|S:s|S2:iS2                                                   ; work         ;
;             |S5:iS5|                      ; 12 (12)     ; 0 (0)                     ; 0 (0)         ; 0           ; 0    ; 0            ; 0       ; 0         ; 0    ; 0            ; 12 (12)      ; 0 (0)             ; 0 (0)            ; |des3|feistel_algo:encrypt3|f:key_gen[14].f_inst|S:s|S5:iS5                                                   ; work         ;
;       |f:key_gen[15].f_inst|              ; 72 (48)     ; 0 (0)                     ; 0 (0)         ; 0           ; 0    ; 0            ; 0       ; 0         ; 0    ; 0            ; 50 (26)      ; 0 (0)             ; 22 (22)          ; |des3|feistel_algo:encrypt3|f:key_gen[15].f_inst                                                              ; work         ;
;          |S:s|                            ; 24 (0)      ; 0 (0)                     ; 0 (0)         ; 0           ; 0    ; 0            ; 0       ; 0         ; 0    ; 0            ; 24 (0)       ; 0 (0)             ; 0 (0)            ; |des3|feistel_algo:encrypt3|f:key_gen[15].f_inst|S:s                                                          ; work         ;
;             |S1:iS1|                      ; 6 (6)       ; 0 (0)                     ; 0 (0)         ; 0           ; 0    ; 0            ; 0       ; 0         ; 0    ; 0            ; 6 (6)        ; 0 (0)             ; 0 (0)            ; |des3|feistel_algo:encrypt3|f:key_gen[15].f_inst|S:s|S1:iS1                                                   ; work         ;
;             |S2:iS2|                      ; 6 (6)       ; 0 (0)                     ; 0 (0)         ; 0           ; 0    ; 0            ; 0       ; 0         ; 0    ; 0            ; 6 (6)        ; 0 (0)             ; 0 (0)            ; |des3|feistel_algo:encrypt3|f:key_gen[15].f_inst|S:s|S2:iS2                                                   ; work         ;
;             |S5:iS5|                      ; 12 (12)     ; 0 (0)                     ; 0 (0)         ; 0           ; 0    ; 0            ; 0       ; 0         ; 0    ; 0            ; 12 (12)      ; 0 (0)             ; 0 (0)            ; |des3|feistel_algo:encrypt3|f:key_gen[15].f_inst|S:s|S5:iS5                                                   ; work         ;
;       |f:key_gen[1].f_inst|               ; 72 (48)     ; 0 (0)                     ; 0 (0)         ; 0           ; 0    ; 0            ; 0       ; 0         ; 0    ; 0            ; 60 (36)      ; 0 (0)             ; 12 (12)          ; |des3|feistel_algo:encrypt3|f:key_gen[1].f_inst                                                               ; work         ;
;          |S:s|                            ; 24 (0)      ; 0 (0)                     ; 0 (0)         ; 0           ; 0    ; 0            ; 0       ; 0         ; 0    ; 0            ; 24 (0)       ; 0 (0)             ; 0 (0)            ; |des3|feistel_algo:encrypt3|f:key_gen[1].f_inst|S:s                                                           ; work         ;
;             |S1:iS1|                      ; 6 (6)       ; 0 (0)                     ; 0 (0)         ; 0           ; 0    ; 0            ; 0       ; 0         ; 0    ; 0            ; 6 (6)        ; 0 (0)             ; 0 (0)            ; |des3|feistel_algo:encrypt3|f:key_gen[1].f_inst|S:s|S1:iS1                                                    ; work         ;
;             |S2:iS2|                      ; 6 (6)       ; 0 (0)                     ; 0 (0)         ; 0           ; 0    ; 0            ; 0       ; 0         ; 0    ; 0            ; 6 (6)        ; 0 (0)             ; 0 (0)            ; |des3|feistel_algo:encrypt3|f:key_gen[1].f_inst|S:s|S2:iS2                                                    ; work         ;
;             |S5:iS5|                      ; 12 (12)     ; 0 (0)                     ; 0 (0)         ; 0           ; 0    ; 0            ; 0       ; 0         ; 0    ; 0            ; 12 (12)      ; 0 (0)             ; 0 (0)            ; |des3|feistel_algo:encrypt3|f:key_gen[1].f_inst|S:s|S5:iS5                                                    ; work         ;
;       |f:key_gen[2].f_inst|               ; 72 (48)     ; 0 (0)                     ; 0 (0)         ; 0           ; 0    ; 0            ; 0       ; 0         ; 0    ; 0            ; 59 (35)      ; 0 (0)             ; 13 (13)          ; |des3|feistel_algo:encrypt3|f:key_gen[2].f_inst                                                               ; work         ;
;          |S:s|                            ; 24 (0)      ; 0 (0)                     ; 0 (0)         ; 0           ; 0    ; 0            ; 0       ; 0         ; 0    ; 0            ; 24 (0)       ; 0 (0)             ; 0 (0)            ; |des3|feistel_algo:encrypt3|f:key_gen[2].f_inst|S:s                                                           ; work         ;
;             |S1:iS1|                      ; 6 (6)       ; 0 (0)                     ; 0 (0)         ; 0           ; 0    ; 0            ; 0       ; 0         ; 0    ; 0            ; 6 (6)        ; 0 (0)             ; 0 (0)            ; |des3|feistel_algo:encrypt3|f:key_gen[2].f_inst|S:s|S1:iS1                                                    ; work         ;
;             |S2:iS2|                      ; 6 (6)       ; 0 (0)                     ; 0 (0)         ; 0           ; 0    ; 0            ; 0       ; 0         ; 0    ; 0            ; 6 (6)        ; 0 (0)             ; 0 (0)            ; |des3|feistel_algo:encrypt3|f:key_gen[2].f_inst|S:s|S2:iS2                                                    ; work         ;
;             |S5:iS5|                      ; 12 (12)     ; 0 (0)                     ; 0 (0)         ; 0           ; 0    ; 0            ; 0       ; 0         ; 0    ; 0            ; 12 (12)      ; 0 (0)             ; 0 (0)            ; |des3|feistel_algo:encrypt3|f:key_gen[2].f_inst|S:s|S5:iS5                                                    ; work         ;
;       |f:key_gen[3].f_inst|               ; 72 (48)     ; 0 (0)                     ; 0 (0)         ; 0           ; 0    ; 0            ; 0       ; 0         ; 0    ; 0            ; 56 (32)      ; 0 (0)             ; 16 (16)          ; |des3|feistel_algo:encrypt3|f:key_gen[3].f_inst                                                               ; work         ;
;          |S:s|                            ; 24 (0)      ; 0 (0)                     ; 0 (0)         ; 0           ; 0    ; 0            ; 0       ; 0         ; 0    ; 0            ; 24 (0)       ; 0 (0)             ; 0 (0)            ; |des3|feistel_algo:encrypt3|f:key_gen[3].f_inst|S:s                                                           ; work         ;
;             |S1:iS1|                      ; 6 (6)       ; 0 (0)                     ; 0 (0)         ; 0           ; 0    ; 0            ; 0       ; 0         ; 0    ; 0            ; 6 (6)        ; 0 (0)             ; 0 (0)            ; |des3|feistel_algo:encrypt3|f:key_gen[3].f_inst|S:s|S1:iS1                                                    ; work         ;
;             |S2:iS2|                      ; 6 (6)       ; 0 (0)                     ; 0 (0)         ; 0           ; 0    ; 0            ; 0       ; 0         ; 0    ; 0            ; 6 (6)        ; 0 (0)             ; 0 (0)            ; |des3|feistel_algo:encrypt3|f:key_gen[3].f_inst|S:s|S2:iS2                                                    ; work         ;
;             |S5:iS5|                      ; 12 (12)     ; 0 (0)                     ; 0 (0)         ; 0           ; 0    ; 0            ; 0       ; 0         ; 0    ; 0            ; 12 (12)      ; 0 (0)             ; 0 (0)            ; |des3|feistel_algo:encrypt3|f:key_gen[3].f_inst|S:s|S5:iS5                                                    ; work         ;
;       |f:key_gen[4].f_inst|               ; 72 (48)     ; 0 (0)                     ; 0 (0)         ; 0           ; 0    ; 0            ; 0       ; 0         ; 0    ; 0            ; 60 (36)      ; 0 (0)             ; 12 (12)          ; |des3|feistel_algo:encrypt3|f:key_gen[4].f_inst                                                               ; work         ;
;          |S:s|                            ; 24 (0)      ; 0 (0)                     ; 0 (0)         ; 0           ; 0    ; 0            ; 0       ; 0         ; 0    ; 0            ; 24 (0)       ; 0 (0)             ; 0 (0)            ; |des3|feistel_algo:encrypt3|f:key_gen[4].f_inst|S:s                                                           ; work         ;
;             |S1:iS1|                      ; 6 (6)       ; 0 (0)                     ; 0 (0)         ; 0           ; 0    ; 0            ; 0       ; 0         ; 0    ; 0            ; 6 (6)        ; 0 (0)             ; 0 (0)            ; |des3|feistel_algo:encrypt3|f:key_gen[4].f_inst|S:s|S1:iS1                                                    ; work         ;
;             |S2:iS2|                      ; 6 (6)       ; 0 (0)                     ; 0 (0)         ; 0           ; 0    ; 0            ; 0       ; 0         ; 0    ; 0            ; 6 (6)        ; 0 (0)             ; 0 (0)            ; |des3|feistel_algo:encrypt3|f:key_gen[4].f_inst|S:s|S2:iS2                                                    ; work         ;
;             |S5:iS5|                      ; 12 (12)     ; 0 (0)                     ; 0 (0)         ; 0           ; 0    ; 0            ; 0       ; 0         ; 0    ; 0            ; 12 (12)      ; 0 (0)             ; 0 (0)            ; |des3|feistel_algo:encrypt3|f:key_gen[4].f_inst|S:s|S5:iS5                                                    ; work         ;
;       |f:key_gen[5].f_inst|               ; 72 (48)     ; 0 (0)                     ; 0 (0)         ; 0           ; 0    ; 0            ; 0       ; 0         ; 0    ; 0            ; 59 (35)      ; 0 (0)             ; 13 (13)          ; |des3|feistel_algo:encrypt3|f:key_gen[5].f_inst                                                               ; work         ;
;          |S:s|                            ; 24 (0)      ; 0 (0)                     ; 0 (0)         ; 0           ; 0    ; 0            ; 0       ; 0         ; 0    ; 0            ; 24 (0)       ; 0 (0)             ; 0 (0)            ; |des3|feistel_algo:encrypt3|f:key_gen[5].f_inst|S:s                                                           ; work         ;
;             |S1:iS1|                      ; 6 (6)       ; 0 (0)                     ; 0 (0)         ; 0           ; 0    ; 0            ; 0       ; 0         ; 0    ; 0            ; 6 (6)        ; 0 (0)             ; 0 (0)            ; |des3|feistel_algo:encrypt3|f:key_gen[5].f_inst|S:s|S1:iS1                                                    ; work         ;
;             |S2:iS2|                      ; 6 (6)       ; 0 (0)                     ; 0 (0)         ; 0           ; 0    ; 0            ; 0       ; 0         ; 0    ; 0            ; 6 (6)        ; 0 (0)             ; 0 (0)            ; |des3|feistel_algo:encrypt3|f:key_gen[5].f_inst|S:s|S2:iS2                                                    ; work         ;
;             |S5:iS5|                      ; 12 (12)     ; 0 (0)                     ; 0 (0)         ; 0           ; 0    ; 0            ; 0       ; 0         ; 0    ; 0            ; 12 (12)      ; 0 (0)             ; 0 (0)            ; |des3|feistel_algo:encrypt3|f:key_gen[5].f_inst|S:s|S5:iS5                                                    ; work         ;
;       |f:key_gen[6].f_inst|               ; 72 (48)     ; 0 (0)                     ; 0 (0)         ; 0           ; 0    ; 0            ; 0       ; 0         ; 0    ; 0            ; 56 (32)      ; 0 (0)             ; 16 (16)          ; |des3|feistel_algo:encrypt3|f:key_gen[6].f_inst                                                               ; work         ;
;          |S:s|                            ; 24 (0)      ; 0 (0)                     ; 0 (0)         ; 0           ; 0    ; 0            ; 0       ; 0         ; 0    ; 0            ; 24 (0)       ; 0 (0)             ; 0 (0)            ; |des3|feistel_algo:encrypt3|f:key_gen[6].f_inst|S:s                                                           ; work         ;
;             |S1:iS1|                      ; 6 (6)       ; 0 (0)                     ; 0 (0)         ; 0           ; 0    ; 0            ; 0       ; 0         ; 0    ; 0            ; 6 (6)        ; 0 (0)             ; 0 (0)            ; |des3|feistel_algo:encrypt3|f:key_gen[6].f_inst|S:s|S1:iS1                                                    ; work         ;
;             |S2:iS2|                      ; 6 (6)       ; 0 (0)                     ; 0 (0)         ; 0           ; 0    ; 0            ; 0       ; 0         ; 0    ; 0            ; 6 (6)        ; 0 (0)             ; 0 (0)            ; |des3|feistel_algo:encrypt3|f:key_gen[6].f_inst|S:s|S2:iS2                                                    ; work         ;
;             |S5:iS5|                      ; 12 (12)     ; 0 (0)                     ; 0 (0)         ; 0           ; 0    ; 0            ; 0       ; 0         ; 0    ; 0            ; 12 (12)      ; 0 (0)             ; 0 (0)            ; |des3|feistel_algo:encrypt3|f:key_gen[6].f_inst|S:s|S5:iS5                                                    ; work         ;
;       |f:key_gen[7].f_inst|               ; 72 (48)     ; 0 (0)                     ; 0 (0)         ; 0           ; 0    ; 0            ; 0       ; 0         ; 0    ; 0            ; 59 (35)      ; 0 (0)             ; 13 (13)          ; |des3|feistel_algo:encrypt3|f:key_gen[7].f_inst                                                               ; work         ;
;          |S:s|                            ; 24 (0)      ; 0 (0)                     ; 0 (0)         ; 0           ; 0    ; 0            ; 0       ; 0         ; 0    ; 0            ; 24 (0)       ; 0 (0)             ; 0 (0)            ; |des3|feistel_algo:encrypt3|f:key_gen[7].f_inst|S:s                                                           ; work         ;
;             |S1:iS1|                      ; 6 (6)       ; 0 (0)                     ; 0 (0)         ; 0           ; 0    ; 0            ; 0       ; 0         ; 0    ; 0            ; 6 (6)        ; 0 (0)             ; 0 (0)            ; |des3|feistel_algo:encrypt3|f:key_gen[7].f_inst|S:s|S1:iS1                                                    ; work         ;
;             |S2:iS2|                      ; 6 (6)       ; 0 (0)                     ; 0 (0)         ; 0           ; 0    ; 0            ; 0       ; 0         ; 0    ; 0            ; 6 (6)        ; 0 (0)             ; 0 (0)            ; |des3|feistel_algo:encrypt3|f:key_gen[7].f_inst|S:s|S2:iS2                                                    ; work         ;
;             |S5:iS5|                      ; 12 (12)     ; 0 (0)                     ; 0 (0)         ; 0           ; 0    ; 0            ; 0       ; 0         ; 0    ; 0            ; 12 (12)      ; 0 (0)             ; 0 (0)            ; |des3|feistel_algo:encrypt3|f:key_gen[7].f_inst|S:s|S5:iS5                                                    ; work         ;
;       |f:key_gen[8].f_inst|               ; 72 (48)     ; 0 (0)                     ; 0 (0)         ; 0           ; 0    ; 0            ; 0       ; 0         ; 0    ; 0            ; 57 (33)      ; 0 (0)             ; 15 (15)          ; |des3|feistel_algo:encrypt3|f:key_gen[8].f_inst                                                               ; work         ;
;          |S:s|                            ; 24 (0)      ; 0 (0)                     ; 0 (0)         ; 0           ; 0    ; 0            ; 0       ; 0         ; 0    ; 0            ; 24 (0)       ; 0 (0)             ; 0 (0)            ; |des3|feistel_algo:encrypt3|f:key_gen[8].f_inst|S:s                                                           ; work         ;
;             |S1:iS1|                      ; 6 (6)       ; 0 (0)                     ; 0 (0)         ; 0           ; 0    ; 0            ; 0       ; 0         ; 0    ; 0            ; 6 (6)        ; 0 (0)             ; 0 (0)            ; |des3|feistel_algo:encrypt3|f:key_gen[8].f_inst|S:s|S1:iS1                                                    ; work         ;
;             |S2:iS2|                      ; 6 (6)       ; 0 (0)                     ; 0 (0)         ; 0           ; 0    ; 0            ; 0       ; 0         ; 0    ; 0            ; 6 (6)        ; 0 (0)             ; 0 (0)            ; |des3|feistel_algo:encrypt3|f:key_gen[8].f_inst|S:s|S2:iS2                                                    ; work         ;
;             |S5:iS5|                      ; 12 (12)     ; 0 (0)                     ; 0 (0)         ; 0           ; 0    ; 0            ; 0       ; 0         ; 0    ; 0            ; 12 (12)      ; 0 (0)             ; 0 (0)            ; |des3|feistel_algo:encrypt3|f:key_gen[8].f_inst|S:s|S5:iS5                                                    ; work         ;
;       |f:key_gen[9].f_inst|               ; 72 (48)     ; 0 (0)                     ; 0 (0)         ; 0           ; 0    ; 0            ; 0       ; 0         ; 0    ; 0            ; 59 (35)      ; 0 (0)             ; 13 (13)          ; |des3|feistel_algo:encrypt3|f:key_gen[9].f_inst                                                               ; work         ;
;          |S:s|                            ; 24 (0)      ; 0 (0)                     ; 0 (0)         ; 0           ; 0    ; 0            ; 0       ; 0         ; 0    ; 0            ; 24 (0)       ; 0 (0)             ; 0 (0)            ; |des3|feistel_algo:encrypt3|f:key_gen[9].f_inst|S:s                                                           ; work         ;
;             |S1:iS1|                      ; 6 (6)       ; 0 (0)                     ; 0 (0)         ; 0           ; 0    ; 0            ; 0       ; 0         ; 0    ; 0            ; 6 (6)        ; 0 (0)             ; 0 (0)            ; |des3|feistel_algo:encrypt3|f:key_gen[9].f_inst|S:s|S1:iS1                                                    ; work         ;
;             |S2:iS2|                      ; 6 (6)       ; 0 (0)                     ; 0 (0)         ; 0           ; 0    ; 0            ; 0       ; 0         ; 0    ; 0            ; 6 (6)        ; 0 (0)             ; 0 (0)            ; |des3|feistel_algo:encrypt3|f:key_gen[9].f_inst|S:s|S2:iS2                                                    ; work         ;
;             |S5:iS5|                      ; 12 (12)     ; 0 (0)                     ; 0 (0)         ; 0           ; 0    ; 0            ; 0       ; 0         ; 0    ; 0            ; 12 (12)      ; 0 (0)             ; 0 (0)            ; |des3|feistel_algo:encrypt3|f:key_gen[9].f_inst|S:s|S5:iS5                                                    ; work         ;
+-------------------------------------------+-------------+---------------------------+---------------+-------------+------+--------------+---------+-----------+------+--------------+--------------+-------------------+------------------+---------------------------------------------------------------------------------------------------------------+--------------+
Note: For table entries with two numbers listed, the numbers in parentheses indicate the number of resources of the given type used by the specific entity alone. The numbers listed outside of parentheses indicate the total resources of the given type used by the specific entity and all of its sub-entities in the hierarchy.


+------------------------------------------------------------------------------------+
; Delay Chain Summary                                                                ;
+-----------+----------+---------------+---------------+-----------------------+-----+
; Name      ; Pin Type ; Pad to Core 0 ; Pad to Core 1 ; Pad to Input Register ; TCO ;
+-----------+----------+---------------+---------------+-----------------------+-----+
; key1[0]   ; Input    ; (0) 170 ps    ; (0) 170 ps    ; --                    ; --  ;
; key1[8]   ; Input    ; (0) 170 ps    ; (0) 170 ps    ; --                    ; --  ;
; key1[16]  ; Input    ; (0) 170 ps    ; (0) 170 ps    ; --                    ; --  ;
; key1[24]  ; Input    ; (0) 170 ps    ; (0) 170 ps    ; --                    ; --  ;
; key1[32]  ; Input    ; (0) 170 ps    ; (0) 170 ps    ; --                    ; --  ;
; key1[40]  ; Input    ; (0) 170 ps    ; (0) 170 ps    ; --                    ; --  ;
; key1[48]  ; Input    ; (0) 170 ps    ; (0) 170 ps    ; --                    ; --  ;
; key1[56]  ; Input    ; (0) 170 ps    ; (0) 170 ps    ; --                    ; --  ;
; key2[0]   ; Input    ; (0) 170 ps    ; (0) 170 ps    ; --                    ; --  ;
; key2[8]   ; Input    ; (0) 170 ps    ; (0) 170 ps    ; --                    ; --  ;
; key2[16]  ; Input    ; (0) 170 ps    ; (0) 170 ps    ; --                    ; --  ;
; key2[24]  ; Input    ; (0) 170 ps    ; (0) 170 ps    ; --                    ; --  ;
; key2[32]  ; Input    ; (0) 171 ps    ; (0) 171 ps    ; --                    ; --  ;
; key2[40]  ; Input    ; (0) 170 ps    ; (0) 170 ps    ; --                    ; --  ;
; key2[48]  ; Input    ; (0) 170 ps    ; (0) 170 ps    ; --                    ; --  ;
; key2[56]  ; Input    ; (0) 170 ps    ; (0) 170 ps    ; --                    ; --  ;
; key3[0]   ; Input    ; (0) 170 ps    ; (0) 170 ps    ; --                    ; --  ;
; key3[8]   ; Input    ; (0) 170 ps    ; (0) 170 ps    ; --                    ; --  ;
; key3[16]  ; Input    ; (0) 170 ps    ; (0) 170 ps    ; --                    ; --  ;
; key3[24]  ; Input    ; (0) 170 ps    ; (0) 170 ps    ; --                    ; --  ;
; key3[32]  ; Input    ; (0) 171 ps    ; (0) 171 ps    ; --                    ; --  ;
; key3[40]  ; Input    ; (0) 170 ps    ; (0) 170 ps    ; --                    ; --  ;
; key3[48]  ; Input    ; (0) 170 ps    ; (0) 170 ps    ; --                    ; --  ;
; key3[56]  ; Input    ; (0) 170 ps    ; (0) 170 ps    ; --                    ; --  ;
; odata[0]  ; Output   ; --            ; --            ; --                    ; --  ;
; odata[1]  ; Output   ; --            ; --            ; --                    ; --  ;
; odata[2]  ; Output   ; --            ; --            ; --                    ; --  ;
; odata[3]  ; Output   ; --            ; --            ; --                    ; --  ;
; odata[4]  ; Output   ; --            ; --            ; --                    ; --  ;
; odata[5]  ; Output   ; --            ; --            ; --                    ; --  ;
; odata[6]  ; Output   ; --            ; --            ; --                    ; --  ;
; odata[7]  ; Output   ; --            ; --            ; --                    ; --  ;
; odata[8]  ; Output   ; --            ; --            ; --                    ; --  ;
; odata[9]  ; Output   ; --            ; --            ; --                    ; --  ;
; odata[10] ; Output   ; --            ; --            ; --                    ; --  ;
; odata[11] ; Output   ; --            ; --            ; --                    ; --  ;
; odata[12] ; Output   ; --            ; --            ; --                    ; --  ;
; odata[13] ; Output   ; --            ; --            ; --                    ; --  ;
; odata[14] ; Output   ; --            ; --            ; --                    ; --  ;
; odata[15] ; Output   ; --            ; --            ; --                    ; --  ;
; odata[16] ; Output   ; --            ; --            ; --                    ; --  ;
; odata[17] ; Output   ; --            ; --            ; --                    ; --  ;
; odata[18] ; Output   ; --            ; --            ; --                    ; --  ;
; odata[19] ; Output   ; --            ; --            ; --                    ; --  ;
; odata[20] ; Output   ; --            ; --            ; --                    ; --  ;
; odata[21] ; Output   ; --            ; --            ; --                    ; --  ;
; odata[22] ; Output   ; --            ; --            ; --                    ; --  ;
; odata[23] ; Output   ; --            ; --            ; --                    ; --  ;
; odata[24] ; Output   ; --            ; --            ; --                    ; --  ;
; odata[25] ; Output   ; --            ; --            ; --                    ; --  ;
; odata[26] ; Output   ; --            ; --            ; --                    ; --  ;
; odata[27] ; Output   ; --            ; --            ; --                    ; --  ;
; odata[28] ; Output   ; --            ; --            ; --                    ; --  ;
; odata[29] ; Output   ; --            ; --            ; --                    ; --  ;
; odata[30] ; Output   ; --            ; --            ; --                    ; --  ;
; odata[31] ; Output   ; --            ; --            ; --                    ; --  ;
; odata[32] ; Output   ; --            ; --            ; --                    ; --  ;
; odata[33] ; Output   ; --            ; --            ; --                    ; --  ;
; odata[34] ; Output   ; --            ; --            ; --                    ; --  ;
; odata[35] ; Output   ; --            ; --            ; --                    ; --  ;
; odata[36] ; Output   ; --            ; --            ; --                    ; --  ;
; odata[37] ; Output   ; --            ; --            ; --                    ; --  ;
; odata[38] ; Output   ; --            ; --            ; --                    ; --  ;
; odata[39] ; Output   ; --            ; --            ; --                    ; --  ;
; odata[40] ; Output   ; --            ; --            ; --                    ; --  ;
; odata[41] ; Output   ; --            ; --            ; --                    ; --  ;
; odata[42] ; Output   ; --            ; --            ; --                    ; --  ;
; odata[43] ; Output   ; --            ; --            ; --                    ; --  ;
; odata[44] ; Output   ; --            ; --            ; --                    ; --  ;
; odata[45] ; Output   ; --            ; --            ; --                    ; --  ;
; odata[46] ; Output   ; --            ; --            ; --                    ; --  ;
; odata[47] ; Output   ; --            ; --            ; --                    ; --  ;
; odata[48] ; Output   ; --            ; --            ; --                    ; --  ;
; odata[49] ; Output   ; --            ; --            ; --                    ; --  ;
; odata[50] ; Output   ; --            ; --            ; --                    ; --  ;
; odata[51] ; Output   ; --            ; --            ; --                    ; --  ;
; odata[52] ; Output   ; --            ; --            ; --                    ; --  ;
; odata[53] ; Output   ; --            ; --            ; --                    ; --  ;
; odata[54] ; Output   ; --            ; --            ; --                    ; --  ;
; odata[55] ; Output   ; --            ; --            ; --                    ; --  ;
; odata[56] ; Output   ; --            ; --            ; --                    ; --  ;
; odata[57] ; Output   ; --            ; --            ; --                    ; --  ;
; odata[58] ; Output   ; --            ; --            ; --                    ; --  ;
; odata[59] ; Output   ; --            ; --            ; --                    ; --  ;
; odata[60] ; Output   ; --            ; --            ; --                    ; --  ;
; odata[61] ; Output   ; --            ; --            ; --                    ; --  ;
; odata[62] ; Output   ; --            ; --            ; --                    ; --  ;
; odata[63] ; Output   ; --            ; --            ; --                    ; --  ;
; valid_out ; Output   ; --            ; --            ; --                    ; --  ;
; clk       ; Input    ; (0) 171 ps    ; (0) 171 ps    ; --                    ; --  ;
; reset     ; Input    ; (0) 171 ps    ; (0) 171 ps    ; --                    ; --  ;
; key3[17]  ; Input    ; (6) 2523 ps   ; (6) 2523 ps   ; --                    ; --  ;
; key3[2]   ; Input    ; (6) 2523 ps   ; (6) 2523 ps   ; --                    ; --  ;
; key3[52]  ; Input    ; (6) 2523 ps   ; (6) 2523 ps   ; --                    ; --  ;
; key3[19]  ; Input    ; (6) 2523 ps   ; (6) 2523 ps   ; --                    ; --  ;
; key3[34]  ; Input    ; (6) 2523 ps   ; (6) 2523 ps   ; --                    ; --  ;
; key3[59]  ; Input    ; (6) 2523 ps   ; (6) 2523 ps   ; --                    ; --  ;
; key3[39]  ; Input    ; (6) 2523 ps   ; (6) 2523 ps   ; --                    ; --  ;
; key3[7]   ; Input    ; (6) 2523 ps   ; (6) 2523 ps   ; --                    ; --  ;
; key3[61]  ; Input    ; (6) 2523 ps   ; (6) 2523 ps   ; --                    ; --  ;
; key3[46]  ; Input    ; (6) 2523 ps   ; (6) 2523 ps   ; --                    ; --  ;
; key3[22]  ; Input    ; (6) 2523 ps   ; (6) 2523 ps   ; --                    ; --  ;
; key3[5]   ; Input    ; (6) 2523 ps   ; (6) 2523 ps   ; --                    ; --  ;
; key3[20]  ; Input    ; (6) 2523 ps   ; (6) 2523 ps   ; --                    ; --  ;
; key3[62]  ; Input    ; (6) 2523 ps   ; (6) 2523 ps   ; --                    ; --  ;
; key3[15]  ; Input    ; (6) 2523 ps   ; (6) 2523 ps   ; --                    ; --  ;
; key3[38]  ; Input    ; (6) 2523 ps   ; (6) 2523 ps   ; --                    ; --  ;
; key3[29]  ; Input    ; (6) 2523 ps   ; (6) 2523 ps   ; --                    ; --  ;
; key3[55]  ; Input    ; (6) 2523 ps   ; (6) 2523 ps   ; --                    ; --  ;
; key3[14]  ; Input    ; (6) 2523 ps   ; (6) 2523 ps   ; --                    ; --  ;
; key3[37]  ; Input    ; (6) 2523 ps   ; (6) 2523 ps   ; --                    ; --  ;
; key3[23]  ; Input    ; (6) 2523 ps   ; (6) 2523 ps   ; --                    ; --  ;
; key3[54]  ; Input    ; (6) 2523 ps   ; (6) 2523 ps   ; --                    ; --  ;
; key3[28]  ; Input    ; (0) 171 ps    ; (0) 171 ps    ; --                    ; --  ;
; key3[47]  ; Input    ; (0) 171 ps    ; (0) 171 ps    ; --                    ; --  ;
; key3[42]  ; Input    ; (6) 2523 ps   ; (6) 2523 ps   ; --                    ; --  ;
; key3[25]  ; Input    ; (6) 2523 ps   ; (6) 2523 ps   ; --                    ; --  ;
; key3[11]  ; Input    ; (6) 2523 ps   ; (6) 2523 ps   ; --                    ; --  ;
; key3[57]  ; Input    ; (6) 2523 ps   ; (6) 2523 ps   ; --                    ; --  ;
; key3[43]  ; Input    ; (6) 2523 ps   ; (6) 2523 ps   ; --                    ; --  ;
; key3[1]   ; Input    ; (6) 2523 ps   ; (6) 2523 ps   ; --                    ; --  ;
; key3[33]  ; Input    ; (6) 2523 ps   ; (6) 2523 ps   ; --                    ; --  ;
; key3[27]  ; Input    ; (6) 2523 ps   ; (6) 2523 ps   ; --                    ; --  ;
; key3[3]   ; Input    ; (6) 2523 ps   ; (6) 2523 ps   ; --                    ; --  ;
; key3[9]   ; Input    ; (6) 2523 ps   ; (6) 2523 ps   ; --                    ; --  ;
; key3[51]  ; Input    ; (6) 2523 ps   ; (6) 2523 ps   ; --                    ; --  ;
; key3[26]  ; Input    ; (6) 2523 ps   ; (6) 2523 ps   ; --                    ; --  ;
; key3[41]  ; Input    ; (6) 2523 ps   ; (6) 2523 ps   ; --                    ; --  ;
; key3[36]  ; Input    ; (6) 2523 ps   ; (6) 2523 ps   ; --                    ; --  ;
; key3[58]  ; Input    ; (6) 2523 ps   ; (6) 2523 ps   ; --                    ; --  ;
; key3[60]  ; Input    ; (6) 2523 ps   ; (6) 2523 ps   ; --                    ; --  ;
; key3[35]  ; Input    ; (6) 2523 ps   ; (6) 2523 ps   ; --                    ; --  ;
; key3[18]  ; Input    ; (6) 2523 ps   ; (6) 2523 ps   ; --                    ; --  ;
; key3[31]  ; Input    ; (6) 2523 ps   ; (6) 2523 ps   ; --                    ; --  ;
; key3[12]  ; Input    ; (6) 2523 ps   ; (6) 2523 ps   ; --                    ; --  ;
; key3[63]  ; Input    ; (6) 2523 ps   ; (6) 2523 ps   ; --                    ; --  ;
; key3[53]  ; Input    ; (6) 2514 ps   ; (6) 2514 ps   ; --                    ; --  ;
; key3[21]  ; Input    ; (6) 2523 ps   ; (6) 2523 ps   ; --                    ; --  ;
; key3[30]  ; Input    ; (6) 2523 ps   ; (6) 2523 ps   ; --                    ; --  ;
; key3[6]   ; Input    ; (6) 2514 ps   ; (6) 2514 ps   ; --                    ; --  ;
; key3[49]  ; Input    ; (6) 2523 ps   ; (6) 2523 ps   ; --                    ; --  ;
; key3[45]  ; Input    ; (6) 2523 ps   ; (6) 2523 ps   ; --                    ; --  ;
; key3[4]   ; Input    ; (6) 2514 ps   ; (6) 2514 ps   ; --                    ; --  ;
; key3[13]  ; Input    ; (6) 2523 ps   ; (6) 2523 ps   ; --                    ; --  ;
; key3[44]  ; Input    ; (6) 2523 ps   ; (6) 2523 ps   ; --                    ; --  ;
; key3[50]  ; Input    ; (6) 2523 ps   ; (6) 2523 ps   ; --                    ; --  ;
; key3[10]  ; Input    ; (6) 2523 ps   ; (6) 2523 ps   ; --                    ; --  ;
; key2[22]  ; Input    ; (6) 2514 ps   ; (6) 2514 ps   ; --                    ; --  ;
; key2[45]  ; Input    ; (6) 2514 ps   ; (6) 2514 ps   ; --                    ; --  ;
; key2[31]  ; Input    ; (6) 2514 ps   ; (6) 2514 ps   ; --                    ; --  ;
; key2[62]  ; Input    ; (6) 2514 ps   ; (6) 2514 ps   ; --                    ; --  ;
; key2[7]   ; Input    ; (6) 2514 ps   ; (6) 2514 ps   ; --                    ; --  ;
; key2[55]  ; Input    ; (6) 2514 ps   ; (6) 2514 ps   ; --                    ; --  ;
; key2[28]  ; Input    ; (6) 2514 ps   ; (6) 2514 ps   ; --                    ; --  ;
; key2[5]   ; Input    ; (6) 2514 ps   ; (6) 2514 ps   ; --                    ; --  ;
; key2[23]  ; Input    ; (6) 2514 ps   ; (6) 2514 ps   ; --                    ; --  ;
; key2[46]  ; Input    ; (6) 2514 ps   ; (6) 2514 ps   ; --                    ; --  ;
; key2[37]  ; Input    ; (6) 2514 ps   ; (6) 2514 ps   ; --                    ; --  ;
; key2[63]  ; Input    ; (6) 2514 ps   ; (6) 2514 ps   ; --                    ; --  ;
; key2[51]  ; Input    ; (6) 2514 ps   ; (6) 2514 ps   ; --                    ; --  ;
; key2[2]   ; Input    ; (6) 2514 ps   ; (6) 2514 ps   ; --                    ; --  ;
; key2[33]  ; Input    ; (6) 2514 ps   ; (6) 2514 ps   ; --                    ; --  ;
; key2[9]   ; Input    ; (6) 2514 ps   ; (6) 2514 ps   ; --                    ; --  ;
; key2[50]  ; Input    ; (6) 2514 ps   ; (6) 2514 ps   ; --                    ; --  ;
; key2[19]  ; Input    ; (6) 2514 ps   ; (6) 2514 ps   ; --                    ; --  ;
; key2[41]  ; Input    ; (6) 2514 ps   ; (6) 2514 ps   ; --                    ; --  ;
; key2[11]  ; Input    ; (6) 2514 ps   ; (6) 2514 ps   ; --                    ; --  ;
; key2[17]  ; Input    ; (6) 2514 ps   ; (6) 2514 ps   ; --                    ; --  ;
; key2[35]  ; Input    ; (6) 2514 ps   ; (6) 2514 ps   ; --                    ; --  ;
; key2[59]  ; Input    ; (6) 2514 ps   ; (6) 2514 ps   ; --                    ; --  ;
; key2[34]  ; Input    ; (6) 2514 ps   ; (6) 2514 ps   ; --                    ; --  ;
; key2[43]  ; Input    ; (6) 2514 ps   ; (6) 2514 ps   ; --                    ; --  ;
; key2[1]   ; Input    ; (6) 2514 ps   ; (6) 2514 ps   ; --                    ; --  ;
; key2[44]  ; Input    ; (6) 2514 ps   ; (6) 2514 ps   ; --                    ; --  ;
; key2[49]  ; Input    ; (6) 2514 ps   ; (6) 2514 ps   ; --                    ; --  ;
; key2[3]   ; Input    ; (6) 2514 ps   ; (6) 2514 ps   ; --                    ; --  ;
; key2[26]  ; Input    ; (6) 2514 ps   ; (6) 2514 ps   ; --                    ; --  ;
; key2[60]  ; Input    ; (6) 2514 ps   ; (6) 2514 ps   ; --                    ; --  ;
; key2[42]  ; Input    ; (6) 2514 ps   ; (6) 2514 ps   ; --                    ; --  ;
; key2[10]  ; Input    ; (6) 2514 ps   ; (6) 2514 ps   ; --                    ; --  ;
; key2[25]  ; Input    ; (6) 2514 ps   ; (6) 2514 ps   ; --                    ; --  ;
; key2[27]  ; Input    ; (6) 2514 ps   ; (6) 2514 ps   ; --                    ; --  ;
; key2[36]  ; Input    ; (6) 2514 ps   ; (6) 2514 ps   ; --                    ; --  ;
; key2[61]  ; Input    ; (6) 2514 ps   ; (6) 2514 ps   ; --                    ; --  ;
; key2[6]   ; Input    ; (6) 2514 ps   ; (6) 2514 ps   ; --                    ; --  ;
; key2[20]  ; Input    ; (6) 2514 ps   ; (6) 2514 ps   ; --                    ; --  ;
; key2[38]  ; Input    ; (6) 2514 ps   ; (6) 2514 ps   ; --                    ; --  ;
; key2[29]  ; Input    ; (6) 2514 ps   ; (6) 2514 ps   ; --                    ; --  ;
; key2[39]  ; Input    ; (6) 2514 ps   ; (6) 2514 ps   ; --                    ; --  ;
; key2[47]  ; Input    ; (6) 2514 ps   ; (6) 2514 ps   ; --                    ; --  ;
; key2[15]  ; Input    ; (6) 2514 ps   ; (6) 2514 ps   ; --                    ; --  ;
; key2[4]   ; Input    ; (6) 2514 ps   ; (6) 2514 ps   ; --                    ; --  ;
; key2[54]  ; Input    ; (6) 2514 ps   ; (6) 2514 ps   ; --                    ; --  ;
; key2[30]  ; Input    ; (6) 2514 ps   ; (6) 2514 ps   ; --                    ; --  ;
; key2[13]  ; Input    ; (6) 2514 ps   ; (6) 2514 ps   ; --                    ; --  ;
; key2[21]  ; Input    ; (6) 2514 ps   ; (6) 2514 ps   ; --                    ; --  ;
; key2[12]  ; Input    ; (6) 2514 ps   ; (6) 2514 ps   ; --                    ; --  ;
; key2[18]  ; Input    ; (6) 2514 ps   ; (6) 2514 ps   ; --                    ; --  ;
; key2[14]  ; Input    ; (6) 2514 ps   ; (6) 2514 ps   ; --                    ; --  ;
; key2[58]  ; Input    ; (6) 2514 ps   ; (6) 2514 ps   ; --                    ; --  ;
; key2[52]  ; Input    ; (6) 2514 ps   ; (6) 2514 ps   ; --                    ; --  ;
; key2[57]  ; Input    ; (6) 2514 ps   ; (6) 2514 ps   ; --                    ; --  ;
; key2[53]  ; Input    ; (6) 2514 ps   ; (6) 2514 ps   ; --                    ; --  ;
; key1[52]  ; Input    ; (6) 2514 ps   ; (6) 2514 ps   ; --                    ; --  ;
; key1[34]  ; Input    ; (6) 2514 ps   ; (6) 2514 ps   ; --                    ; --  ;
; key1[2]   ; Input    ; (6) 2514 ps   ; (6) 2514 ps   ; --                    ; --  ;
; key1[59]  ; Input    ; (6) 2514 ps   ; (6) 2514 ps   ; --                    ; --  ;
; key1[19]  ; Input    ; (6) 2514 ps   ; (6) 2514 ps   ; --                    ; --  ;
; key1[17]  ; Input    ; (6) 2514 ps   ; (6) 2514 ps   ; --                    ; --  ;
; key1[5]   ; Input    ; (6) 2523 ps   ; (6) 2523 ps   ; --                    ; --  ;
; key1[61]  ; Input    ; (6) 2514 ps   ; (6) 2514 ps   ; --                    ; --  ;
; key1[39]  ; Input    ; (6) 2523 ps   ; (6) 2523 ps   ; --                    ; --  ;
; key1[7]   ; Input    ; (6) 2514 ps   ; (6) 2514 ps   ; --                    ; --  ;
; key1[46]  ; Input    ; (6) 2523 ps   ; (6) 2523 ps   ; --                    ; --  ;
; key1[22]  ; Input    ; (6) 2514 ps   ; (6) 2514 ps   ; --                    ; --  ;
; key1[28]  ; Input    ; (6) 2523 ps   ; (6) 2523 ps   ; --                    ; --  ;
; key1[54]  ; Input    ; (6) 2514 ps   ; (6) 2514 ps   ; --                    ; --  ;
; key1[47]  ; Input    ; (6) 2514 ps   ; (6) 2514 ps   ; --                    ; --  ;
; key1[14]  ; Input    ; (6) 2514 ps   ; (6) 2514 ps   ; --                    ; --  ;
; key1[37]  ; Input    ; (6) 2523 ps   ; (6) 2523 ps   ; --                    ; --  ;
; key1[23]  ; Input    ; (6) 2514 ps   ; (6) 2514 ps   ; --                    ; --  ;
; key1[20]  ; Input    ; (6) 2523 ps   ; (6) 2523 ps   ; --                    ; --  ;
; key1[62]  ; Input    ; (6) 2514 ps   ; (6) 2514 ps   ; --                    ; --  ;
; key1[15]  ; Input    ; (6) 2514 ps   ; (6) 2514 ps   ; --                    ; --  ;
; key1[38]  ; Input    ; (6) 2514 ps   ; (6) 2514 ps   ; --                    ; --  ;
; key1[29]  ; Input    ; (6) 2523 ps   ; (6) 2523 ps   ; --                    ; --  ;
; key1[55]  ; Input    ; (6) 2514 ps   ; (6) 2514 ps   ; --                    ; --  ;
; key1[3]   ; Input    ; (6) 2523 ps   ; (6) 2523 ps   ; --                    ; --  ;
; key1[27]  ; Input    ; (6) 2523 ps   ; (6) 2523 ps   ; --                    ; --  ;
; key1[33]  ; Input    ; (6) 2523 ps   ; (6) 2523 ps   ; --                    ; --  ;
; key1[26]  ; Input    ; (6) 2523 ps   ; (6) 2523 ps   ; --                    ; --  ;
; key1[9]   ; Input    ; (6) 2523 ps   ; (6) 2523 ps   ; --                    ; --  ;
; key1[51]  ; Input    ; (0) 170 ps    ; (0) 170 ps    ; --                    ; --  ;
; key1[31]  ; Input    ; (0) 170 ps    ; (0) 170 ps    ; --                    ; --  ;
; key1[12]  ; Input    ; (6) 2514 ps   ; (6) 2514 ps   ; --                    ; --  ;
; key1[63]  ; Input    ; (6) 2523 ps   ; (6) 2523 ps   ; --                    ; --  ;
; key1[53]  ; Input    ; (6) 2523 ps   ; (6) 2523 ps   ; --                    ; --  ;
; key1[21]  ; Input    ; (6) 2514 ps   ; (6) 2514 ps   ; --                    ; --  ;
; key1[30]  ; Input    ; (6) 2514 ps   ; (6) 2514 ps   ; --                    ; --  ;
; key1[18]  ; Input    ; (6) 2514 ps   ; (6) 2514 ps   ; --                    ; --  ;
; key1[36]  ; Input    ; (6) 2523 ps   ; (6) 2523 ps   ; --                    ; --  ;
; key1[41]  ; Input    ; (6) 2514 ps   ; (6) 2514 ps   ; --                    ; --  ;
; key1[35]  ; Input    ; (6) 2523 ps   ; (6) 2523 ps   ; --                    ; --  ;
; key1[58]  ; Input    ; (6) 2514 ps   ; (6) 2514 ps   ; --                    ; --  ;
; key1[60]  ; Input    ; (6) 2523 ps   ; (6) 2523 ps   ; --                    ; --  ;
; key1[57]  ; Input    ; (6) 2514 ps   ; (6) 2514 ps   ; --                    ; --  ;
; key1[11]  ; Input    ; (6) 2523 ps   ; (6) 2523 ps   ; --                    ; --  ;
; key1[25]  ; Input    ; (6) 2523 ps   ; (6) 2523 ps   ; --                    ; --  ;
; key1[42]  ; Input    ; (6) 2523 ps   ; (6) 2523 ps   ; --                    ; --  ;
; key1[43]  ; Input    ; (6) 2523 ps   ; (6) 2523 ps   ; --                    ; --  ;
; key1[1]   ; Input    ; (6) 2514 ps   ; (6) 2514 ps   ; --                    ; --  ;
; key1[49]  ; Input    ; (6) 2514 ps   ; (6) 2514 ps   ; --                    ; --  ;
; key1[45]  ; Input    ; (6) 2514 ps   ; (6) 2514 ps   ; --                    ; --  ;
; key1[4]   ; Input    ; (6) 2514 ps   ; (6) 2514 ps   ; --                    ; --  ;
; key1[13]  ; Input    ; (6) 2523 ps   ; (6) 2523 ps   ; --                    ; --  ;
; key1[6]   ; Input    ; (6) 2523 ps   ; (6) 2523 ps   ; --                    ; --  ;
; key1[44]  ; Input    ; (6) 2514 ps   ; (6) 2514 ps   ; --                    ; --  ;
; key1[10]  ; Input    ; (6) 2514 ps   ; (6) 2514 ps   ; --                    ; --  ;
; key1[50]  ; Input    ; (6) 2523 ps   ; (6) 2523 ps   ; --                    ; --  ;
; idata[62] ; Input    ; (6) 2523 ps   ; (6) 2523 ps   ; --                    ; --  ;
; idata[35] ; Input    ; (6) 2523 ps   ; (6) 2523 ps   ; --                    ; --  ;
; idata[61] ; Input    ; (6) 2523 ps   ; (6) 2523 ps   ; --                    ; --  ;
; idata[19] ; Input    ; (6) 2523 ps   ; (6) 2523 ps   ; --                    ; --  ;
; idata[3]  ; Input    ; (6) 2523 ps   ; (6) 2523 ps   ; --                    ; --  ;
; idata[27] ; Input    ; (6) 2523 ps   ; (6) 2523 ps   ; --                    ; --  ;
; idata[11] ; Input    ; (6) 2523 ps   ; (6) 2523 ps   ; --                    ; --  ;
; idata[7]  ; Input    ; (6) 2514 ps   ; (6) 2514 ps   ; --                    ; --  ;
; idata[48] ; Input    ; (6) 2523 ps   ; (6) 2523 ps   ; --                    ; --  ;
; idata[23] ; Input    ; (6) 2523 ps   ; (6) 2523 ps   ; --                    ; --  ;
; idata[39] ; Input    ; (6) 2523 ps   ; (6) 2523 ps   ; --                    ; --  ;
; idata[31] ; Input    ; (6) 2514 ps   ; (6) 2514 ps   ; --                    ; --  ;
; idata[57] ; Input    ; (6) 2523 ps   ; (6) 2523 ps   ; --                    ; --  ;
; idata[15] ; Input    ; (6) 2523 ps   ; (6) 2523 ps   ; --                    ; --  ;
; idata[47] ; Input    ; (6) 2514 ps   ; (6) 2514 ps   ; --                    ; --  ;
; idata[55] ; Input    ; (6) 2514 ps   ; (6) 2514 ps   ; --                    ; --  ;
; idata[5]  ; Input    ; (6) 2514 ps   ; (6) 2514 ps   ; --                    ; --  ;
; idata[63] ; Input    ; (6) 2523 ps   ; (6) 2523 ps   ; --                    ; --  ;
; idata[24] ; Input    ; (6) 2523 ps   ; (6) 2523 ps   ; --                    ; --  ;
; idata[45] ; Input    ; (6) 2523 ps   ; (6) 2523 ps   ; --                    ; --  ;
; idata[6]  ; Input    ; (6) 2523 ps   ; (6) 2523 ps   ; --                    ; --  ;
; idata[29] ; Input    ; (6) 2523 ps   ; (6) 2523 ps   ; --                    ; --  ;
; idata[53] ; Input    ; (6) 2523 ps   ; (6) 2523 ps   ; --                    ; --  ;
; idata[37] ; Input    ; (6) 2523 ps   ; (6) 2523 ps   ; --                    ; --  ;
; idata[51] ; Input    ; (6) 2523 ps   ; (6) 2523 ps   ; --                    ; --  ;
; idata[32] ; Input    ; (6) 2514 ps   ; (6) 2514 ps   ; --                    ; --  ;
; idata[1]  ; Input    ; (6) 2523 ps   ; (6) 2523 ps   ; --                    ; --  ;
; idata[59] ; Input    ; (6) 2523 ps   ; (6) 2523 ps   ; --                    ; --  ;
; idata[43] ; Input    ; (6) 2523 ps   ; (6) 2523 ps   ; --                    ; --  ;
; idata[21] ; Input    ; (6) 2523 ps   ; (6) 2523 ps   ; --                    ; --  ;
; idata[40] ; Input    ; (6) 2523 ps   ; (6) 2523 ps   ; --                    ; --  ;
; idata[13] ; Input    ; (0) 171 ps    ; (0) 171 ps    ; --                    ; --  ;
; idata[9]  ; Input    ; (0) 171 ps    ; (0) 171 ps    ; --                    ; --  ;
; idata[56] ; Input    ; (6) 2523 ps   ; (6) 2523 ps   ; --                    ; --  ;
; idata[33] ; Input    ; (6) 2523 ps   ; (6) 2523 ps   ; --                    ; --  ;
; idata[25] ; Input    ; (0) 170 ps    ; (0) 170 ps    ; --                    ; --  ;
; idata[17] ; Input    ; (0) 170 ps    ; (0) 170 ps    ; --                    ; --  ;
; idata[36] ; Input    ; (6) 2514 ps   ; (6) 2514 ps   ; --                    ; --  ;
; idata[28] ; Input    ; (6) 2514 ps   ; (6) 2514 ps   ; --                    ; --  ;
; idata[12] ; Input    ; (6) 2523 ps   ; (6) 2523 ps   ; --                    ; --  ;
; idata[4]  ; Input    ; (6) 2523 ps   ; (6) 2523 ps   ; --                    ; --  ;
; idata[20] ; Input    ; (6) 2523 ps   ; (6) 2523 ps   ; --                    ; --  ;
; idata[58] ; Input    ; (6) 2523 ps   ; (6) 2523 ps   ; --                    ; --  ;
; idata[0]  ; Input    ; (6) 2523 ps   ; (6) 2523 ps   ; --                    ; --  ;
; idata[50] ; Input    ; (6) 2523 ps   ; (6) 2523 ps   ; --                    ; --  ;
; idata[26] ; Input    ; (6) 2523 ps   ; (6) 2523 ps   ; --                    ; --  ;
; idata[42] ; Input    ; (6) 2523 ps   ; (6) 2523 ps   ; --                    ; --  ;
; idata[49] ; Input    ; (6) 2523 ps   ; (6) 2523 ps   ; --                    ; --  ;
; idata[34] ; Input    ; (6) 2523 ps   ; (6) 2523 ps   ; --                    ; --  ;
; idata[41] ; Input    ; (6) 2523 ps   ; (6) 2523 ps   ; --                    ; --  ;
; idata[38] ; Input    ; (6) 2523 ps   ; (6) 2523 ps   ; --                    ; --  ;
; idata[30] ; Input    ; (6) 2523 ps   ; (6) 2523 ps   ; --                    ; --  ;
; idata[22] ; Input    ; (6) 2514 ps   ; (6) 2514 ps   ; --                    ; --  ;
; idata[14] ; Input    ; (6) 2514 ps   ; (6) 2514 ps   ; --                    ; --  ;
; idata[60] ; Input    ; (6) 2523 ps   ; (6) 2523 ps   ; --                    ; --  ;
; idata[2]  ; Input    ; (6) 2523 ps   ; (6) 2523 ps   ; --                    ; --  ;
; idata[52] ; Input    ; (6) 2523 ps   ; (6) 2523 ps   ; --                    ; --  ;
; idata[44] ; Input    ; (6) 2514 ps   ; (6) 2514 ps   ; --                    ; --  ;
; idata[46] ; Input    ; (6) 2523 ps   ; (6) 2523 ps   ; --                    ; --  ;
; idata[54] ; Input    ; (6) 2523 ps   ; (6) 2523 ps   ; --                    ; --  ;
; idata[18] ; Input    ; (6) 2514 ps   ; (6) 2514 ps   ; --                    ; --  ;
; idata[10] ; Input    ; (6) 2514 ps   ; (6) 2514 ps   ; --                    ; --  ;
; idata[8]  ; Input    ; (6) 2523 ps   ; (6) 2523 ps   ; --                    ; --  ;
; idata[16] ; Input    ; (6) 2523 ps   ; (6) 2523 ps   ; --                    ; --  ;
; valid_in  ; Input    ; (6) 2523 ps   ; (6) 2523 ps   ; --                    ; --  ;
+-----------+----------+---------------+---------------+-----------------------+-----+


+-------------------------------------------------------------------------------------------+
; Pad To Core Delay Chain Fanout                                                            ;
+-------------------------------------------------------------+-------------------+---------+
; Source Pin / Fanout                                         ; Pad To Core Index ; Setting ;
+-------------------------------------------------------------+-------------------+---------+
; key1[0]                                                     ;                   ;         ;
; key1[8]                                                     ;                   ;         ;
; key1[16]                                                    ;                   ;         ;
; key1[24]                                                    ;                   ;         ;
; key1[32]                                                    ;                   ;         ;
; key1[40]                                                    ;                   ;         ;
; key1[48]                                                    ;                   ;         ;
; key1[56]                                                    ;                   ;         ;
; key2[0]                                                     ;                   ;         ;
; key2[8]                                                     ;                   ;         ;
; key2[16]                                                    ;                   ;         ;
; key2[24]                                                    ;                   ;         ;
; key2[32]                                                    ;                   ;         ;
; key2[40]                                                    ;                   ;         ;
; key2[48]                                                    ;                   ;         ;
; key2[56]                                                    ;                   ;         ;
; key3[0]                                                     ;                   ;         ;
; key3[8]                                                     ;                   ;         ;
; key3[16]                                                    ;                   ;         ;
; key3[24]                                                    ;                   ;         ;
; key3[32]                                                    ;                   ;         ;
; key3[40]                                                    ;                   ;         ;
; key3[48]                                                    ;                   ;         ;
; key3[56]                                                    ;                   ;         ;
; clk                                                         ;                   ;         ;
; reset                                                       ;                   ;         ;
; key3[17]                                                    ;                   ;         ;
;      - feistel_algo:encrypt3|f:key_gen[15].f_inst|xored[21] ; 1                 ; 6       ;
;      - feistel_algo:encrypt3|f:key_gen[14].f_inst|xored[0]  ; 1                 ; 6       ;
;      - feistel_algo:encrypt3|f:key_gen[13].f_inst|xored[7]  ; 1                 ; 6       ;
;      - feistel_algo:encrypt3|f:key_gen[12].f_inst|xored[2]  ; 1                 ; 6       ;
;      - feistel_algo:encrypt3|f:key_gen[10].f_inst|xored[16] ; 1                 ; 6       ;
;      - feistel_algo:encrypt3|f:key_gen[9].f_inst|xored[4]   ; 1                 ; 6       ;
;      - feistel_algo:encrypt3|f:key_gen[8].f_inst|xored[11]  ; 1                 ; 6       ;
;      - feistel_algo:encrypt3|f:key_gen[7].f_inst|xored[14]  ; 1                 ; 6       ;
;      - feistel_algo:encrypt3|f:key_gen[6].f_inst|xored[19]  ; 1                 ; 6       ;
;      - feistel_algo:encrypt3|f:key_gen[5].f_inst|xored[10]  ; 1                 ; 6       ;
;      - feistel_algo:encrypt3|f:key_gen[4].f_inst|xored[15]  ; 1                 ; 6       ;
;      - feistel_algo:encrypt3|f:key_gen[3].f_inst|xored[6]   ; 1                 ; 6       ;
;      - feistel_algo:encrypt3|f:key_gen[2].f_inst|xored[18]  ; 1                 ; 6       ;
;      - feistel_algo:encrypt3|f:key_gen[1].f_inst|xored[1]   ; 1                 ; 6       ;
;      - feistel_algo:encrypt3|f:key_gen[0].f_inst|xored[17]  ; 1                 ; 6       ;
;      - feistel_algo:encrypt3|R~2946                         ; 1                 ; 6       ;
;      - feistel_algo:encrypt3|R~2997                         ; 1                 ; 6       ;
;      - feistel_algo:encrypt3|R~3034                         ; 1                 ; 6       ;
;      - feistel_algo:encrypt3|R~3046                         ; 1                 ; 6       ;
;      - feistel_algo:encrypt3|R~3069                         ; 1                 ; 6       ;
; key3[2]                                                     ;                   ;         ;
;      - feistel_algo:encrypt3|f:key_gen[15].f_inst|xored[20] ; 1                 ; 6       ;
;      - feistel_algo:encrypt3|f:key_gen[13].f_inst|xored[16] ; 1                 ; 6       ;
;      - feistel_algo:encrypt3|f:key_gen[12].f_inst|xored[4]  ; 1                 ; 6       ;
;      - feistel_algo:encrypt3|f:key_gen[11].f_inst|xored[11] ; 1                 ; 6       ;
;      - feistel_algo:encrypt3|f:key_gen[10].f_inst|xored[5]  ; 1                 ; 6       ;
;      - feistel_algo:encrypt3|f:key_gen[9].f_inst|xored[12]  ; 1                 ; 6       ;
;      - feistel_algo:encrypt3|f:key_gen[8].f_inst|xored[3]   ; 1                 ; 6       ;
;      - feistel_algo:encrypt3|f:key_gen[7].f_inst|xored[15]  ; 1                 ; 6       ;
;      - feistel_algo:encrypt3|f:key_gen[6].f_inst|xored[6]   ; 1                 ; 6       ;
;      - feistel_algo:encrypt3|f:key_gen[5].f_inst|xored[18]  ; 1                 ; 6       ;
;      - feistel_algo:encrypt3|f:key_gen[4].f_inst|xored[1]   ; 1                 ; 6       ;
;      - feistel_algo:encrypt3|f:key_gen[3].f_inst|xored[21]  ; 1                 ; 6       ;
;      - feistel_algo:encrypt3|f:key_gen[2].f_inst|xored[13]  ; 1                 ; 6       ;
;      - feistel_algo:encrypt3|f:key_gen[0].f_inst|xored[2]   ; 1                 ; 6       ;
;      - feistel_algo:encrypt3|R~3008                         ; 1                 ; 6       ;
;      - feistel_algo:encrypt3|R~3021                         ; 1                 ; 6       ;
; key3[52]                                                    ;                   ;         ;
;      - feistel_algo:encrypt3|f:key_gen[15].f_inst|xored[18] ; 0                 ; 6       ;
;      - feistel_algo:encrypt3|f:key_gen[14].f_inst|xored[8]  ; 0                 ; 6       ;
;      - feistel_algo:encrypt3|f:key_gen[13].f_inst|xored[17] ; 0                 ; 6       ;
;      - feistel_algo:encrypt3|f:key_gen[12].f_inst|xored[0]  ; 0                 ; 6       ;
;      - feistel_algo:encrypt3|f:key_gen[11].f_inst|xored[7]  ; 0                 ; 6       ;
;      - feistel_algo:encrypt3|f:key_gen[10].f_inst|xored[2]  ; 0                 ; 6       ;
;      - feistel_algo:encrypt3|f:key_gen[8].f_inst|xored[16]  ; 0                 ; 6       ;
;      - feistel_algo:encrypt3|f:key_gen[7].f_inst|xored[23]  ; 0                 ; 6       ;
;      - feistel_algo:encrypt3|f:key_gen[5].f_inst|xored[14]  ; 0                 ; 6       ;
;      - feistel_algo:encrypt3|f:key_gen[4].f_inst|xored[19]  ; 0                 ; 6       ;
;      - feistel_algo:encrypt3|f:key_gen[3].f_inst|xored[10]  ; 0                 ; 6       ;
;      - feistel_algo:encrypt3|f:key_gen[2].f_inst|xored[15]  ; 0                 ; 6       ;
;      - feistel_algo:encrypt3|f:key_gen[1].f_inst|xored[6]   ; 0                 ; 6       ;
;      - feistel_algo:encrypt3|R~2963                         ; 0                 ; 6       ;
;      - feistel_algo:encrypt3|R~3013                         ; 0                 ; 6       ;
;      - feistel_algo:encrypt3|R~3050                         ; 0                 ; 6       ;
;      - feistel_algo:encrypt3|R~3071                         ; 0                 ; 6       ;
; key3[19]                                                    ;                   ;         ;
;      - feistel_algo:encrypt3|f:key_gen[15].f_inst|xored[19] ; 0                 ; 6       ;
;      - feistel_algo:encrypt3|f:key_gen[14].f_inst|xored[12] ; 0                 ; 6       ;
;      - feistel_algo:encrypt3|f:key_gen[13].f_inst|xored[3]  ; 0                 ; 6       ;
;      - feistel_algo:encrypt3|f:key_gen[12].f_inst|xored[22] ; 0                 ; 6       ;
;      - feistel_algo:encrypt3|f:key_gen[10].f_inst|xored[8]  ; 0                 ; 6       ;
;      - feistel_algo:encrypt3|f:key_gen[9].f_inst|xored[17]  ; 0                 ; 6       ;
;      - feistel_algo:encrypt3|f:key_gen[8].f_inst|xored[0]   ; 0                 ; 6       ;
;      - feistel_algo:encrypt3|f:key_gen[7].f_inst|xored[13]  ; 0                 ; 6       ;
;      - feistel_algo:encrypt3|f:key_gen[5].f_inst|xored[20]  ; 0                 ; 6       ;
;      - feistel_algo:encrypt3|f:key_gen[4].f_inst|xored[9]   ; 0                 ; 6       ;
;      - feistel_algo:encrypt3|f:key_gen[3].f_inst|xored[23]  ; 0                 ; 6       ;
;      - feistel_algo:encrypt3|f:key_gen[1].f_inst|xored[14]  ; 0                 ; 6       ;
;      - feistel_algo:encrypt3|f:key_gen[0].f_inst|xored[5]   ; 0                 ; 6       ;
;      - feistel_algo:encrypt3|R~2995                         ; 0                 ; 6       ;
;      - feistel_algo:encrypt3|R~3028                         ; 0                 ; 6       ;
;      - feistel_algo:encrypt3|R~3045                         ; 0                 ; 6       ;
;      - feistel_algo:encrypt3|R~3064                         ; 0                 ; 6       ;
; key3[34]                                                    ;                   ;         ;
;      - feistel_algo:encrypt3|f:key_gen[15].f_inst|xored[23] ; 0                 ; 6       ;
;      - feistel_algo:encrypt3|f:key_gen[14].f_inst|xored[4]  ; 0                 ; 6       ;
;      - feistel_algo:encrypt3|f:key_gen[13].f_inst|xored[11] ; 0                 ; 6       ;
;      - feistel_algo:encrypt3|f:key_gen[12].f_inst|xored[5]  ; 0                 ; 6       ;
;      - feistel_algo:encrypt3|f:key_gen[11].f_inst|xored[12] ; 0                 ; 6       ;
;      - feistel_algo:encrypt3|f:key_gen[10].f_inst|xored[3]  ; 0                 ; 6       ;
;      - feistel_algo:encrypt3|f:key_gen[9].f_inst|xored[22]  ; 0                 ; 6       ;
;      - feistel_algo:encrypt3|f:key_gen[7].f_inst|xored[18]  ; 0                 ; 6       ;
;      - feistel_algo:encrypt3|f:key_gen[6].f_inst|xored[1]   ; 0                 ; 6       ;
;      - feistel_algo:encrypt3|f:key_gen[5].f_inst|xored[21]  ; 0                 ; 6       ;
;      - feistel_algo:encrypt3|f:key_gen[4].f_inst|xored[13]  ; 0                 ; 6       ;
;      - feistel_algo:encrypt3|f:key_gen[2].f_inst|xored[20]  ; 0                 ; 6       ;
;      - feistel_algo:encrypt3|f:key_gen[1].f_inst|xored[9]   ; 0                 ; 6       ;
;      - feistel_algo:encrypt3|f:key_gen[0].f_inst|xored[16]  ; 0                 ; 6       ;
;      - feistel_algo:encrypt3|R~3005                         ; 0                 ; 6       ;
;      - feistel_algo:encrypt3|R~3047                         ; 0                 ; 6       ;
; key3[59]                                                    ;                   ;         ;
;      - feistel_algo:encrypt3|f:key_gen[15].f_inst|xored[22] ; 1                 ; 6       ;
;      - feistel_algo:encrypt3|f:key_gen[14].f_inst|xored[6]  ; 1                 ; 6       ;
;      - feistel_algo:encrypt3|f:key_gen[13].f_inst|xored[18] ; 1                 ; 6       ;
;      - feistel_algo:encrypt3|f:key_gen[12].f_inst|xored[1]  ; 1                 ; 6       ;
;      - feistel_algo:encrypt3|f:key_gen[11].f_inst|xored[21] ; 1                 ; 6       ;
;      - feistel_algo:encrypt3|f:key_gen[10].f_inst|xored[13] ; 1                 ; 6       ;
;      - feistel_algo:encrypt3|f:key_gen[8].f_inst|xored[20]  ; 1                 ; 6       ;
;      - feistel_algo:encrypt3|f:key_gen[6].f_inst|xored[16]  ; 1                 ; 6       ;
;      - feistel_algo:encrypt3|f:key_gen[5].f_inst|xored[4]   ; 1                 ; 6       ;
;      - feistel_algo:encrypt3|f:key_gen[4].f_inst|xored[11]  ; 1                 ; 6       ;
;      - feistel_algo:encrypt3|f:key_gen[3].f_inst|xored[5]   ; 1                 ; 6       ;
;      - feistel_algo:encrypt3|f:key_gen[2].f_inst|xored[12]  ; 1                 ; 6       ;
;      - feistel_algo:encrypt3|f:key_gen[1].f_inst|xored[3]   ; 1                 ; 6       ;
;      - feistel_algo:encrypt3|f:key_gen[0].f_inst|xored[15]  ; 1                 ; 6       ;
;      - feistel_algo:encrypt3|R~2957                         ; 1                 ; 6       ;
; key3[39]                                                    ;                   ;         ;
;      - feistel_algo:encrypt3|f:key_gen[15].f_inst|xored[42] ; 1                 ; 6       ;
;      - feistel_algo:encrypt3|f:key_gen[14].f_inst|xored[38] ; 1                 ; 6       ;
;      - feistel_algo:encrypt3|f:key_gen[13].f_inst|xored[30] ; 1                 ; 6       ;
;      - feistel_algo:encrypt3|f:key_gen[12].f_inst|xored[36] ; 1                 ; 6       ;
;      - feistel_algo:encrypt3|f:key_gen[11].f_inst|xored[33] ; 1                 ; 6       ;
;      - feistel_algo:encrypt3|f:key_gen[10].f_inst|xored[47] ; 1                 ; 6       ;
;      - feistel_algo:encrypt3|f:key_gen[9].f_inst|xored[29]  ; 1                 ; 6       ;
;      - feistel_algo:encrypt3|f:key_gen[7].f_inst|xored[34]  ; 1                 ; 6       ;
;      - feistel_algo:encrypt3|f:key_gen[6].f_inst|xored[37]  ; 1                 ; 6       ;
;      - feistel_algo:encrypt3|f:key_gen[5].f_inst|xored[35]  ; 1                 ; 6       ;
;      - feistel_algo:encrypt3|f:key_gen[3].f_inst|xored[27]  ; 1                 ; 6       ;
;      - feistel_algo:encrypt3|f:key_gen[2].f_inst|xored[43]  ; 1                 ; 6       ;
;      - feistel_algo:encrypt3|f:key_gen[1].f_inst|xored[41]  ; 1                 ; 6       ;
;      - feistel_algo:encrypt3|f:key_gen[0].f_inst|xored[32]  ; 1                 ; 6       ;
;      - feistel_algo:encrypt3|R~2969                         ; 1                 ; 6       ;
; key3[7]                                                     ;                   ;         ;
;      - feistel_algo:encrypt3|f:key_gen[15].f_inst|xored[43] ; 1                 ; 6       ;
;      - feistel_algo:encrypt3|f:key_gen[14].f_inst|xored[24] ; 1                 ; 6       ;
;      - feistel_algo:encrypt3|f:key_gen[13].f_inst|xored[32] ; 1                 ; 6       ;
;      - feistel_algo:encrypt3|f:key_gen[12].f_inst|xored[38] ; 1                 ; 6       ;
;      - feistel_algo:encrypt3|f:key_gen[11].f_inst|xored[30] ; 1                 ; 6       ;
;      - feistel_algo:encrypt3|f:key_gen[10].f_inst|xored[36] ; 1                 ; 6       ;
;      - feistel_algo:encrypt3|f:key_gen[9].f_inst|xored[33]  ; 1                 ; 6       ;
;      - feistel_algo:encrypt3|f:key_gen[8].f_inst|xored[47]  ; 1                 ; 6       ;
;      - feistel_algo:encrypt3|f:key_gen[7].f_inst|xored[39]  ; 1                 ; 6       ;
;      - feistel_algo:encrypt3|f:key_gen[6].f_inst|xored[46]  ; 1                 ; 6       ;
;      - feistel_algo:encrypt3|f:key_gen[5].f_inst|xored[34]  ; 1                 ; 6       ;
;      - feistel_algo:encrypt3|f:key_gen[4].f_inst|xored[37]  ; 1                 ; 6       ;
;      - feistel_algo:encrypt3|f:key_gen[3].f_inst|xored[35]  ; 1                 ; 6       ;
;      - feistel_algo:encrypt3|f:key_gen[1].f_inst|xored[27]  ; 1                 ; 6       ;
;      - feistel_algo:encrypt3|f:key_gen[0].f_inst|xored[40]  ; 1                 ; 6       ;
;      - feistel_algo:encrypt3|R~2985                         ; 1                 ; 6       ;
;      - feistel_algo:encrypt3|R~3058                         ; 1                 ; 6       ;
; key3[61]                                                    ;                   ;         ;
;      - feistel_algo:encrypt3|f:key_gen[15].f_inst|xored[44] ; 0                 ; 6       ;
;      - feistel_algo:encrypt3|f:key_gen[13].f_inst|xored[27] ; 0                 ; 6       ;
;      - feistel_algo:encrypt3|f:key_gen[12].f_inst|xored[43] ; 0                 ; 6       ;
;      - feistel_algo:encrypt3|f:key_gen[11].f_inst|xored[41] ; 0                 ; 6       ;
;      - feistel_algo:encrypt3|f:key_gen[10].f_inst|xored[42] ; 0                 ; 6       ;
;      - feistel_algo:encrypt3|f:key_gen[9].f_inst|xored[28]  ; 0                 ; 6       ;
;      - feistel_algo:encrypt3|f:key_gen[7].f_inst|xored[36]  ; 0                 ; 6       ;
;      - feistel_algo:encrypt3|f:key_gen[6].f_inst|xored[33]  ; 0                 ; 6       ;
;      - feistel_algo:encrypt3|f:key_gen[5].f_inst|xored[47]  ; 0                 ; 6       ;
;      - feistel_algo:encrypt3|f:key_gen[4].f_inst|xored[29]  ; 0                 ; 6       ;
;      - feistel_algo:encrypt3|f:key_gen[2].f_inst|xored[26]  ; 0                 ; 6       ;
;      - feistel_algo:encrypt3|f:key_gen[0].f_inst|xored[35]  ; 0                 ; 6       ;
;      - feistel_algo:encrypt3|R~3007                         ; 0                 ; 6       ;
; key3[46]                                                    ;                   ;         ;
;      - feistel_algo:encrypt3|f:key_gen[15].f_inst|xored[47] ; 1                 ; 6       ;
;      - feistel_algo:encrypt3|f:key_gen[14].f_inst|xored[39] ; 1                 ; 6       ;
;      - feistel_algo:encrypt3|f:key_gen[13].f_inst|xored[46] ; 1                 ; 6       ;
;      - feistel_algo:encrypt3|f:key_gen[12].f_inst|xored[34] ; 1                 ; 6       ;
;      - feistel_algo:encrypt3|f:key_gen[11].f_inst|xored[37] ; 1                 ; 6       ;
;      - feistel_algo:encrypt3|f:key_gen[10].f_inst|xored[35] ; 1                 ; 6       ;
;      - feistel_algo:encrypt3|f:key_gen[8].f_inst|xored[27]  ; 1                 ; 6       ;
;      - feistel_algo:encrypt3|f:key_gen[7].f_inst|xored[40]  ; 1                 ; 6       ;
;      - feistel_algo:encrypt3|f:key_gen[6].f_inst|xored[24]  ; 1                 ; 6       ;
;      - feistel_algo:encrypt3|f:key_gen[5].f_inst|xored[32]  ; 1                 ; 6       ;
;      - feistel_algo:encrypt3|f:key_gen[4].f_inst|xored[38]  ; 1                 ; 6       ;
;      - feistel_algo:encrypt3|f:key_gen[3].f_inst|xored[30]  ; 1                 ; 6       ;
;      - feistel_algo:encrypt3|f:key_gen[2].f_inst|xored[36]  ; 1                 ; 6       ;
;      - feistel_algo:encrypt3|f:key_gen[1].f_inst|xored[33]  ; 1                 ; 6       ;
;      - feistel_algo:encrypt3|f:key_gen[0].f_inst|xored[25]  ; 1                 ; 6       ;
;      - feistel_algo:encrypt3|R~3000                         ; 1                 ; 6       ;
;      - feistel_algo:encrypt3|R~3049                         ; 1                 ; 6       ;
; key3[22]                                                    ;                   ;         ;
;      - feistel_algo:encrypt3|f:key_gen[15].f_inst|xored[45] ; 0                 ; 6       ;
;      - feistel_algo:encrypt3|f:key_gen[14].f_inst|xored[33] ; 0                 ; 6       ;
;      - feistel_algo:encrypt3|f:key_gen[13].f_inst|xored[47] ; 0                 ; 6       ;
;      - feistel_algo:encrypt3|f:key_gen[12].f_inst|xored[29] ; 0                 ; 6       ;
;      - feistel_algo:encrypt3|f:key_gen[10].f_inst|xored[26] ; 0                 ; 6       ;
;      - feistel_algo:encrypt3|f:key_gen[8].f_inst|xored[44]  ; 0                 ; 6       ;
;      - feistel_algo:encrypt3|f:key_gen[6].f_inst|xored[27]  ; 0                 ; 6       ;
;      - feistel_algo:encrypt3|f:key_gen[5].f_inst|xored[43]  ; 0                 ; 6       ;
;      - feistel_algo:encrypt3|f:key_gen[4].f_inst|xored[41]  ; 0                 ; 6       ;
;      - feistel_algo:encrypt3|f:key_gen[3].f_inst|xored[42]  ; 0                 ; 6       ;
;      - feistel_algo:encrypt3|f:key_gen[2].f_inst|xored[28]  ; 0                 ; 6       ;
;      - feistel_algo:encrypt3|f:key_gen[0].f_inst|xored[36]  ; 0                 ; 6       ;
;      - feistel_algo:encrypt3|R~2947                         ; 0                 ; 6       ;
; key3[5]                                                     ;                   ;         ;
;      - feistel_algo:encrypt3|f:key_gen[15].f_inst|xored[46] ; 1                 ; 6       ;
;      - feistel_algo:encrypt3|f:key_gen[13].f_inst|xored[26] ; 1                 ; 6       ;
;      - feistel_algo:encrypt3|f:key_gen[11].f_inst|xored[44] ; 1                 ; 6       ;
;      - feistel_algo:encrypt3|f:key_gen[10].f_inst|xored[31] ; 1                 ; 6       ;
;      - feistel_algo:encrypt3|f:key_gen[9].f_inst|xored[40]  ; 1                 ; 6       ;
;      - feistel_algo:encrypt3|f:key_gen[8].f_inst|xored[24]  ; 1                 ; 6       ;
;      - feistel_algo:encrypt3|f:key_gen[7].f_inst|xored[41]  ; 1                 ; 6       ;
;      - feistel_algo:encrypt3|f:key_gen[6].f_inst|xored[42]  ; 1                 ; 6       ;
;      - feistel_algo:encrypt3|f:key_gen[5].f_inst|xored[28]  ; 1                 ; 6       ;
;      - feistel_algo:encrypt3|f:key_gen[3].f_inst|xored[45]  ; 1                 ; 6       ;
;      - feistel_algo:encrypt3|f:key_gen[2].f_inst|xored[25]  ; 1                 ; 6       ;
;      - feistel_algo:encrypt3|f:key_gen[1].f_inst|xored[39]  ; 1                 ; 6       ;
;      - feistel_algo:encrypt3|f:key_gen[0].f_inst|xored[29]  ; 1                 ; 6       ;
;      - feistel_algo:encrypt3|R~2984                         ; 1                 ; 6       ;
; key3[20]                                                    ;                   ;         ;
;      - feistel_algo:encrypt3|f:key_gen[15].f_inst|xored[27] ; 0                 ; 6       ;
;      - feistel_algo:encrypt3|f:key_gen[14].f_inst|xored[40] ; 0                 ; 6       ;
;      - feistel_algo:encrypt3|f:key_gen[13].f_inst|xored[24] ; 0                 ; 6       ;
;      - feistel_algo:encrypt3|f:key_gen[12].f_inst|xored[32] ; 0                 ; 6       ;
;      - feistel_algo:encrypt3|f:key_gen[11].f_inst|xored[38] ; 0                 ; 6       ;
;      - feistel_algo:encrypt3|f:key_gen[10].f_inst|xored[30] ; 0                 ; 6       ;
;      - feistel_algo:encrypt3|f:key_gen[9].f_inst|xored[36]  ; 0                 ; 6       ;
;      - feistel_algo:encrypt3|f:key_gen[8].f_inst|xored[33]  ; 0                 ; 6       ;
;      - feistel_algo:encrypt3|f:key_gen[7].f_inst|xored[25]  ; 0                 ; 6       ;
;      - feistel_algo:encrypt3|f:key_gen[6].f_inst|xored[39]  ; 0                 ; 6       ;
;      - feistel_algo:encrypt3|f:key_gen[5].f_inst|xored[46]  ; 0                 ; 6       ;
;      - feistel_algo:encrypt3|f:key_gen[4].f_inst|xored[34]  ; 0                 ; 6       ;
;      - feistel_algo:encrypt3|f:key_gen[3].f_inst|xored[37]  ; 0                 ; 6       ;
;      - feistel_algo:encrypt3|f:key_gen[2].f_inst|xored[35]  ; 0                 ; 6       ;
;      - feistel_algo:encrypt3|f:key_gen[0].f_inst|xored[31]  ; 0                 ; 6       ;
;      - feistel_algo:encrypt3|R~2945                         ; 0                 ; 6       ;
;      - feistel_algo:encrypt3|R~2991                         ; 0                 ; 6       ;
; key3[62]                                                    ;                   ;         ;
;      - feistel_algo:encrypt3|f:key_gen[15].f_inst|xored[29] ; 0                 ; 6       ;
;      - feistel_algo:encrypt3|f:key_gen[14].f_inst|xored[46] ; 0                 ; 6       ;
;      - feistel_algo:encrypt3|f:key_gen[13].f_inst|xored[34] ; 0                 ; 6       ;
;      - feistel_algo:encrypt3|f:key_gen[12].f_inst|xored[37] ; 0                 ; 6       ;
;      - feistel_algo:encrypt3|f:key_gen[11].f_inst|xored[35] ; 0                 ; 6       ;
;      - feistel_algo:encrypt3|f:key_gen[9].f_inst|xored[27]  ; 0                 ; 6       ;
;      - feistel_algo:encrypt3|f:key_gen[8].f_inst|xored[43]  ; 0                 ; 6       ;
;      - feistel_algo:encrypt3|f:key_gen[7].f_inst|xored[24]  ; 0                 ; 6       ;
;      - feistel_algo:encrypt3|f:key_gen[6].f_inst|xored[32]  ; 0                 ; 6       ;
;      - feistel_algo:encrypt3|f:key_gen[5].f_inst|xored[38]  ; 0                 ; 6       ;
;      - feistel_algo:encrypt3|f:key_gen[4].f_inst|xored[30]  ; 0                 ; 6       ;
;      - feistel_algo:encrypt3|f:key_gen[3].f_inst|xored[36]  ; 0                 ; 6       ;
;      - feistel_algo:encrypt3|f:key_gen[2].f_inst|xored[33]  ; 0                 ; 6       ;
;      - feistel_algo:encrypt3|f:key_gen[1].f_inst|xored[47]  ; 0                 ; 6       ;
;      - feistel_algo:encrypt3|f:key_gen[0].f_inst|xored[39]  ; 0                 ; 6       ;
;      - feistel_algo:encrypt3|R~3039                         ; 0                 ; 6       ;
; key3[15]                                                    ;                   ;         ;
;      - feistel_algo:encrypt3|f:key_gen[15].f_inst|xored[24] ; 1                 ; 6       ;
;      - feistel_algo:encrypt3|f:key_gen[14].f_inst|xored[41] ; 1                 ; 6       ;
;      - feistel_algo:encrypt3|f:key_gen[13].f_inst|xored[42] ; 1                 ; 6       ;
;      - feistel_algo:encrypt3|f:key_gen[12].f_inst|xored[28] ; 1                 ; 6       ;
;      - feistel_algo:encrypt3|f:key_gen[10].f_inst|xored[45] ; 1                 ; 6       ;
;      - feistel_algo:encrypt3|f:key_gen[9].f_inst|xored[25]  ; 1                 ; 6       ;
;      - feistel_algo:encrypt3|f:key_gen[8].f_inst|xored[39]  ; 1                 ; 6       ;
;      - feistel_algo:encrypt3|f:key_gen[7].f_inst|xored[29]  ; 1                 ; 6       ;
;      - feistel_algo:encrypt3|f:key_gen[5].f_inst|xored[26]  ; 1                 ; 6       ;
;      - feistel_algo:encrypt3|f:key_gen[3].f_inst|xored[44]  ; 1                 ; 6       ;
;      - feistel_algo:encrypt3|f:key_gen[2].f_inst|xored[31]  ; 1                 ; 6       ;
;      - feistel_algo:encrypt3|f:key_gen[1].f_inst|xored[40]  ; 1                 ; 6       ;
;      - feistel_algo:encrypt3|f:key_gen[0].f_inst|xored[43]  ; 1                 ; 6       ;
;      - feistel_algo:encrypt3|R~3048                         ; 1                 ; 6       ;
; key3[38]                                                    ;                   ;         ;
;      - feistel_algo:encrypt3|f:key_gen[15].f_inst|xored[25] ; 0                 ; 6       ;
;      - feistel_algo:encrypt3|f:key_gen[14].f_inst|xored[47] ; 0                 ; 6       ;
;      - feistel_algo:encrypt3|f:key_gen[13].f_inst|xored[29] ; 0                 ; 6       ;
;      - feistel_algo:encrypt3|f:key_gen[11].f_inst|xored[26] ; 0                 ; 6       ;
;      - feistel_algo:encrypt3|f:key_gen[9].f_inst|xored[44]  ; 0                 ; 6       ;
;      - feistel_algo:encrypt3|f:key_gen[8].f_inst|xored[31]  ; 0                 ; 6       ;
;      - feistel_algo:encrypt3|f:key_gen[7].f_inst|xored[27]  ; 0                 ; 6       ;
;      - feistel_algo:encrypt3|f:key_gen[6].f_inst|xored[43]  ; 0                 ; 6       ;
;      - feistel_algo:encrypt3|f:key_gen[5].f_inst|xored[41]  ; 0                 ; 6       ;
;      - feistel_algo:encrypt3|f:key_gen[4].f_inst|xored[42]  ; 0                 ; 6       ;
;      - feistel_algo:encrypt3|f:key_gen[3].f_inst|xored[28]  ; 0                 ; 6       ;
;      - feistel_algo:encrypt3|f:key_gen[1].f_inst|xored[45]  ; 0                 ; 6       ;
;      - feistel_algo:encrypt3|f:key_gen[0].f_inst|xored[33]  ; 0                 ; 6       ;
;      - feistel_algo:encrypt3|R~3055                         ; 0                 ; 6       ;
; key3[29]                                                    ;                   ;         ;
;      - feistel_algo:encrypt3|f:key_gen[15].f_inst|xored[26] ; 0                 ; 6       ;
;      - feistel_algo:encrypt3|f:key_gen[14].f_inst|xored[37] ; 0                 ; 6       ;
;      - feistel_algo:encrypt3|f:key_gen[13].f_inst|xored[35] ; 0                 ; 6       ;
;      - feistel_algo:encrypt3|f:key_gen[11].f_inst|xored[27] ; 0                 ; 6       ;
;      - feistel_algo:encrypt3|f:key_gen[10].f_inst|xored[43] ; 0                 ; 6       ;
;      - feistel_algo:encrypt3|f:key_gen[9].f_inst|xored[41]  ; 0                 ; 6       ;
;      - feistel_algo:encrypt3|f:key_gen[8].f_inst|xored[42]  ; 0                 ; 6       ;
;      - feistel_algo:encrypt3|f:key_gen[7].f_inst|xored[38]  ; 0                 ; 6       ;
;      - feistel_algo:encrypt3|f:key_gen[6].f_inst|xored[30]  ; 0                 ; 6       ;
;      - feistel_algo:encrypt3|f:key_gen[5].f_inst|xored[36]  ; 0                 ; 6       ;
;      - feistel_algo:encrypt3|f:key_gen[4].f_inst|xored[33]  ; 0                 ; 6       ;
;      - feistel_algo:encrypt3|f:key_gen[3].f_inst|xored[47]  ; 0                 ; 6       ;
;      - feistel_algo:encrypt3|f:key_gen[2].f_inst|xored[29]  ; 0                 ; 6       ;
;      - feistel_algo:encrypt3|f:key_gen[0].f_inst|xored[34]  ; 0                 ; 6       ;
;      - feistel_algo:encrypt3|R~3023                         ; 0                 ; 6       ;
; key3[55]                                                    ;                   ;         ;
;      - feistel_algo:encrypt3|f:key_gen[15].f_inst|xored[28] ; 0                 ; 6       ;
;      - feistel_algo:encrypt3|f:key_gen[14].f_inst|xored[30] ; 0                 ; 6       ;
;      - feistel_algo:encrypt3|f:key_gen[13].f_inst|xored[36] ; 0                 ; 6       ;
;      - feistel_algo:encrypt3|f:key_gen[12].f_inst|xored[33] ; 0                 ; 6       ;
;      - feistel_algo:encrypt3|f:key_gen[11].f_inst|xored[47] ; 0                 ; 6       ;
;      - feistel_algo:encrypt3|f:key_gen[10].f_inst|xored[29] ; 0                 ; 6       ;
;      - feistel_algo:encrypt3|f:key_gen[8].f_inst|xored[26]  ; 0                 ; 6       ;
;      - feistel_algo:encrypt3|f:key_gen[7].f_inst|xored[37]  ; 0                 ; 6       ;
;      - feistel_algo:encrypt3|f:key_gen[6].f_inst|xored[35]  ; 0                 ; 6       ;
;      - feistel_algo:encrypt3|f:key_gen[4].f_inst|xored[27]  ; 0                 ; 6       ;
;      - feistel_algo:encrypt3|f:key_gen[3].f_inst|xored[43]  ; 0                 ; 6       ;
;      - feistel_algo:encrypt3|f:key_gen[2].f_inst|xored[41]  ; 0                 ; 6       ;
;      - feistel_algo:encrypt3|f:key_gen[1].f_inst|xored[42]  ; 0                 ; 6       ;
;      - feistel_algo:encrypt3|f:key_gen[0].f_inst|xored[38]  ; 0                 ; 6       ;
;      - feistel_algo:encrypt3|R~2959                         ; 0                 ; 6       ;
; key3[14]                                                    ;                   ;         ;
;      - feistel_algo:encrypt3|f:key_gen[15].f_inst|xored[36] ; 1                 ; 6       ;
;      - feistel_algo:encrypt3|f:key_gen[14].f_inst|xored[45] ; 1                 ; 6       ;
;      - feistel_algo:encrypt3|f:key_gen[13].f_inst|xored[25] ; 1                 ; 6       ;
;      - feistel_algo:encrypt3|f:key_gen[12].f_inst|xored[39] ; 1                 ; 6       ;
;      - feistel_algo:encrypt3|f:key_gen[11].f_inst|xored[46] ; 1                 ; 6       ;
;      - feistel_algo:encrypt3|f:key_gen[10].f_inst|xored[34] ; 1                 ; 6       ;
;      - feistel_algo:encrypt3|f:key_gen[9].f_inst|xored[37]  ; 1                 ; 6       ;
;      - feistel_algo:encrypt3|f:key_gen[8].f_inst|xored[35]  ; 1                 ; 6       ;
;      - feistel_algo:encrypt3|f:key_gen[7].f_inst|xored[44]  ; 1                 ; 6       ;
;      - feistel_algo:encrypt3|f:key_gen[6].f_inst|xored[31]  ; 1                 ; 6       ;
;      - feistel_algo:encrypt3|f:key_gen[5].f_inst|xored[40]  ; 1                 ; 6       ;
;      - feistel_algo:encrypt3|f:key_gen[4].f_inst|xored[24]  ; 1                 ; 6       ;
;      - feistel_algo:encrypt3|f:key_gen[3].f_inst|xored[32]  ; 1                 ; 6       ;
;      - feistel_algo:encrypt3|f:key_gen[2].f_inst|xored[38]  ; 1                 ; 6       ;
;      - feistel_algo:encrypt3|f:key_gen[1].f_inst|xored[30]  ; 1                 ; 6       ;
;      - feistel_algo:encrypt3|R~3016                         ; 1                 ; 6       ;
; key3[37]                                                    ;                   ;         ;
;      - feistel_algo:encrypt3|f:key_gen[15].f_inst|xored[37] ; 1                 ; 6       ;
;      - feistel_algo:encrypt3|f:key_gen[13].f_inst|xored[44] ; 1                 ; 6       ;
;      - feistel_algo:encrypt3|f:key_gen[12].f_inst|xored[31] ; 1                 ; 6       ;
;      - feistel_algo:encrypt3|f:key_gen[11].f_inst|xored[40] ; 1                 ; 6       ;
;      - feistel_algo:encrypt3|f:key_gen[10].f_inst|xored[24] ; 1                 ; 6       ;
;      - feistel_algo:encrypt3|f:key_gen[9].f_inst|xored[32]  ; 1                 ; 6       ;
;      - feistel_algo:encrypt3|f:key_gen[8].f_inst|xored[38]  ; 1                 ; 6       ;
;      - feistel_algo:encrypt3|f:key_gen[7].f_inst|xored[28]  ; 1                 ; 6       ;
;      - feistel_algo:encrypt3|f:key_gen[5].f_inst|xored[45]  ; 1                 ; 6       ;
;      - feistel_algo:encrypt3|f:key_gen[4].f_inst|xored[25]  ; 1                 ; 6       ;
;      - feistel_algo:encrypt3|f:key_gen[3].f_inst|xored[39]  ; 1                 ; 6       ;
;      - feistel_algo:encrypt3|f:key_gen[2].f_inst|xored[46]  ; 1                 ; 6       ;
;      - feistel_algo:encrypt3|f:key_gen[1].f_inst|xored[34]  ; 1                 ; 6       ;
;      - feistel_algo:encrypt3|f:key_gen[0].f_inst|xored[26]  ; 1                 ; 6       ;
;      - feistel_algo:encrypt3|R~2968                         ; 1                 ; 6       ;
; key3[23]                                                    ;                   ;         ;
;      - feistel_algo:encrypt3|f:key_gen[15].f_inst|xored[41] ; 0                 ; 6       ;
;      - feistel_algo:encrypt3|f:key_gen[14].f_inst|xored[32] ; 0                 ; 6       ;
;      - feistel_algo:encrypt3|f:key_gen[13].f_inst|xored[38] ; 0                 ; 6       ;
;      - feistel_algo:encrypt3|f:key_gen[12].f_inst|xored[30] ; 0                 ; 6       ;
;      - feistel_algo:encrypt3|f:key_gen[11].f_inst|xored[36] ; 0                 ; 6       ;
;      - feistel_algo:encrypt3|f:key_gen[10].f_inst|xored[33] ; 0                 ; 6       ;
;      - feistel_algo:encrypt3|f:key_gen[9].f_inst|xored[47]  ; 0                 ; 6       ;
;      - feistel_algo:encrypt3|f:key_gen[8].f_inst|xored[29]  ; 0                 ; 6       ;
;      - feistel_algo:encrypt3|f:key_gen[7].f_inst|xored[46]  ; 0                 ; 6       ;
;      - feistel_algo:encrypt3|f:key_gen[6].f_inst|xored[34]  ; 0                 ; 6       ;
;      - feistel_algo:encrypt3|f:key_gen[5].f_inst|xored[37]  ; 0                 ; 6       ;
;      - feistel_algo:encrypt3|f:key_gen[4].f_inst|xored[35]  ; 0                 ; 6       ;
;      - feistel_algo:encrypt3|f:key_gen[2].f_inst|xored[27]  ; 0                 ; 6       ;
;      - feistel_algo:encrypt3|f:key_gen[1].f_inst|xored[43]  ; 0                 ; 6       ;
;      - feistel_algo:encrypt3|f:key_gen[0].f_inst|xored[24]  ; 0                 ; 6       ;
;      - feistel_algo:encrypt3|R~2975                         ; 0                 ; 6       ;
; key3[54]                                                    ;                   ;         ;
;      - feistel_algo:encrypt3|f:key_gen[15].f_inst|xored[39] ; 1                 ; 6       ;
;      - feistel_algo:encrypt3|f:key_gen[14].f_inst|xored[29] ; 1                 ; 6       ;
;      - feistel_algo:encrypt3|f:key_gen[12].f_inst|xored[26] ; 1                 ; 6       ;
;      - feistel_algo:encrypt3|f:key_gen[10].f_inst|xored[44] ; 1                 ; 6       ;
;      - feistel_algo:encrypt3|f:key_gen[9].f_inst|xored[31]  ; 1                 ; 6       ;
;      - feistel_algo:encrypt3|f:key_gen[8].f_inst|xored[40]  ; 1                 ; 6       ;
;      - feistel_algo:encrypt3|f:key_gen[7].f_inst|xored[43]  ; 1                 ; 6       ;
;      - feistel_algo:encrypt3|f:key_gen[6].f_inst|xored[41]  ; 1                 ; 6       ;
;      - feistel_algo:encrypt3|f:key_gen[5].f_inst|xored[42]  ; 1                 ; 6       ;
;      - feistel_algo:encrypt3|f:key_gen[4].f_inst|xored[28]  ; 1                 ; 6       ;
;      - feistel_algo:encrypt3|f:key_gen[2].f_inst|xored[45]  ; 1                 ; 6       ;
;      - feistel_algo:encrypt3|f:key_gen[1].f_inst|xored[25]  ; 1                 ; 6       ;
;      - feistel_algo:encrypt3|f:key_gen[0].f_inst|xored[47]  ; 1                 ; 6       ;
;      - feistel_algo:encrypt3|R~2994                         ; 1                 ; 6       ;
; key3[28]                                                    ;                   ;         ;
; key3[47]                                                    ;                   ;         ;
; key3[42]                                                    ;                   ;         ;
;      - feistel_algo:encrypt3|f:key_gen[15].f_inst|xored[4]  ; 1                 ; 6       ;
;      - feistel_algo:encrypt3|f:key_gen[13].f_inst|xored[14] ; 1                 ; 6       ;
;      - feistel_algo:encrypt3|f:key_gen[12].f_inst|xored[19] ; 1                 ; 6       ;
;      - feistel_algo:encrypt3|f:key_gen[11].f_inst|xored[10] ; 1                 ; 6       ;
;      - feistel_algo:encrypt3|f:key_gen[10].f_inst|xored[15] ; 1                 ; 6       ;
;      - feistel_algo:encrypt3|f:key_gen[9].f_inst|xored[6]   ; 1                 ; 6       ;
;      - feistel_algo:encrypt3|f:key_gen[8].f_inst|xored[18]  ; 1                 ; 6       ;
;      - feistel_algo:encrypt3|f:key_gen[7].f_inst|xored[8]   ; 1                 ; 6       ;
;      - feistel_algo:encrypt3|f:key_gen[6].f_inst|xored[17]  ; 1                 ; 6       ;
;      - feistel_algo:encrypt3|f:key_gen[5].f_inst|xored[0]   ; 1                 ; 6       ;
;      - feistel_algo:encrypt3|f:key_gen[4].f_inst|xored[7]   ; 1                 ; 6       ;
;      - feistel_algo:encrypt3|f:key_gen[3].f_inst|xored[2]   ; 1                 ; 6       ;
;      - feistel_algo:encrypt3|f:key_gen[1].f_inst|xored[16]  ; 1                 ; 6       ;
;      - feistel_algo:encrypt3|f:key_gen[0].f_inst|xored[23]  ; 1                 ; 6       ;
;      - feistel_algo:encrypt3|R~2949                         ; 1                 ; 6       ;
;      - feistel_algo:encrypt3|R~2986                         ; 1                 ; 6       ;
;      - feistel_algo:encrypt3|R~3019                         ; 1                 ; 6       ;
;      - feistel_algo:encrypt3|R~3063                         ; 1                 ; 6       ;
;      - feistel_algo:encrypt3|R~3067                         ; 1                 ; 6       ;
; key3[25]                                                    ;                   ;         ;
;      - feistel_algo:encrypt3|f:key_gen[15].f_inst|xored[0]  ; 0                 ; 6       ;
;      - feistel_algo:encrypt3|f:key_gen[14].f_inst|xored[13] ; 0                 ; 6       ;
;      - feistel_algo:encrypt3|f:key_gen[12].f_inst|xored[20] ; 0                 ; 6       ;
;      - feistel_algo:encrypt3|f:key_gen[11].f_inst|xored[9]  ; 0                 ; 6       ;
;      - feistel_algo:encrypt3|f:key_gen[10].f_inst|xored[23] ; 0                 ; 6       ;
;      - feistel_algo:encrypt3|f:key_gen[8].f_inst|xored[14]  ; 0                 ; 6       ;
;      - feistel_algo:encrypt3|f:key_gen[7].f_inst|xored[5]   ; 0                 ; 6       ;
;      - feistel_algo:encrypt3|f:key_gen[6].f_inst|xored[12]  ; 0                 ; 6       ;
;      - feistel_algo:encrypt3|f:key_gen[5].f_inst|xored[3]   ; 0                 ; 6       ;
;      - feistel_algo:encrypt3|f:key_gen[4].f_inst|xored[22]  ; 0                 ; 6       ;
;      - feistel_algo:encrypt3|f:key_gen[2].f_inst|xored[8]   ; 0                 ; 6       ;
;      - feistel_algo:encrypt3|f:key_gen[1].f_inst|xored[17]  ; 0                 ; 6       ;
;      - feistel_algo:encrypt3|f:key_gen[0].f_inst|xored[21]  ; 0                 ; 6       ;
;      - feistel_algo:encrypt3|R16~197                        ; 0                 ; 6       ;
;      - feistel_algo:encrypt3|R~2967                         ; 0                 ; 6       ;
;      - feistel_algo:encrypt3|R~2990                         ; 0                 ; 6       ;
;      - feistel_algo:encrypt3|R~3072                         ; 0                 ; 6       ;
; key3[11]                                                    ;                   ;         ;
;      - feistel_algo:encrypt3|f:key_gen[15].f_inst|xored[5]  ; 0                 ; 6       ;
;      - feistel_algo:encrypt3|f:key_gen[14].f_inst|xored[19] ; 0                 ; 6       ;
;      - feistel_algo:encrypt3|f:key_gen[13].f_inst|xored[10] ; 0                 ; 6       ;
;      - feistel_algo:encrypt3|f:key_gen[12].f_inst|xored[15] ; 0                 ; 6       ;
;      - feistel_algo:encrypt3|f:key_gen[11].f_inst|xored[6]  ; 0                 ; 6       ;
;      - feistel_algo:encrypt3|f:key_gen[10].f_inst|xored[18] ; 0                 ; 6       ;
;      - feistel_algo:encrypt3|f:key_gen[9].f_inst|xored[1]   ; 0                 ; 6       ;
;      - feistel_algo:encrypt3|f:key_gen[8].f_inst|xored[21]  ; 0                 ; 6       ;
;      - feistel_algo:encrypt3|f:key_gen[7].f_inst|xored[0]   ; 0                 ; 6       ;
;      - feistel_algo:encrypt3|f:key_gen[6].f_inst|xored[7]   ; 0                 ; 6       ;
;      - feistel_algo:encrypt3|f:key_gen[5].f_inst|xored[2]   ; 0                 ; 6       ;
;      - feistel_algo:encrypt3|f:key_gen[3].f_inst|xored[16]  ; 0                 ; 6       ;
;      - feistel_algo:encrypt3|f:key_gen[2].f_inst|xored[4]   ; 0                 ; 6       ;
;      - feistel_algo:encrypt3|f:key_gen[1].f_inst|xored[11]  ; 0                 ; 6       ;
;      - feistel_algo:encrypt3|f:key_gen[0].f_inst|xored[14]  ; 0                 ; 6       ;
;      - feistel_algo:encrypt3|R~2970                         ; 0                 ; 6       ;
;      - feistel_algo:encrypt3|R~2982                         ; 0                 ; 6       ;
;      - feistel_algo:encrypt3|R~3003                         ; 0                 ; 6       ;
;      - feistel_algo:encrypt3|R~3054                         ; 0                 ; 6       ;
;      - feistel_algo:encrypt3|R~3061                         ; 0                 ; 6       ;
; key3[57]                                                    ;                   ;         ;
;      - feistel_algo:encrypt3|f:key_gen[15].f_inst|xored[2]  ; 0                 ; 6       ;
;      - feistel_algo:encrypt3|f:key_gen[14].f_inst|xored[20] ; 0                 ; 6       ;
;      - feistel_algo:encrypt3|f:key_gen[13].f_inst|xored[9]  ; 0                 ; 6       ;
;      - feistel_algo:encrypt3|f:key_gen[12].f_inst|xored[23] ; 0                 ; 6       ;
;      - feistel_algo:encrypt3|f:key_gen[10].f_inst|xored[14] ; 0                 ; 6       ;
;      - feistel_algo:encrypt3|f:key_gen[9].f_inst|xored[19]  ; 0                 ; 6       ;
;      - feistel_algo:encrypt3|f:key_gen[8].f_inst|xored[10]  ; 0                 ; 6       ;
;      - feistel_algo:encrypt3|f:key_gen[7].f_inst|xored[3]   ; 0                 ; 6       ;
;      - feistel_algo:encrypt3|f:key_gen[6].f_inst|xored[22]  ; 0                 ; 6       ;
;      - feistel_algo:encrypt3|f:key_gen[4].f_inst|xored[8]   ; 0                 ; 6       ;
;      - feistel_algo:encrypt3|f:key_gen[3].f_inst|xored[17]  ; 0                 ; 6       ;
;      - feistel_algo:encrypt3|f:key_gen[2].f_inst|xored[0]   ; 0                 ; 6       ;
;      - feistel_algo:encrypt3|f:key_gen[1].f_inst|xored[7]   ; 0                 ; 6       ;
;      - feistel_algo:encrypt3|R~2951                         ; 0                 ; 6       ;
;      - feistel_algo:encrypt3|R~2974                         ; 0                 ; 6       ;
;      - feistel_algo:encrypt3|R~3043                         ; 0                 ; 6       ;
;      - feistel_algo:encrypt3|R~3066                         ; 0                 ; 6       ;
;      - feistel_algo:encrypt3|R~3070                         ; 0                 ; 6       ;
; key3[43]                                                    ;                   ;         ;
;      - feistel_algo:encrypt3|f:key_gen[15].f_inst|xored[3]  ; 1                 ; 6       ;
;      - feistel_algo:encrypt3|f:key_gen[14].f_inst|xored[15] ; 1                 ; 6       ;
;      - feistel_algo:encrypt3|f:key_gen[13].f_inst|xored[6]  ; 1                 ; 6       ;
;      - feistel_algo:encrypt3|f:key_gen[12].f_inst|xored[18] ; 1                 ; 6       ;
;      - feistel_algo:encrypt3|f:key_gen[11].f_inst|xored[1]  ; 1                 ; 6       ;
;      - feistel_algo:encrypt3|f:key_gen[10].f_inst|xored[21] ; 1                 ; 6       ;
;      - feistel_algo:encrypt3|f:key_gen[9].f_inst|xored[13]  ; 1                 ; 6       ;
;      - feistel_algo:encrypt3|f:key_gen[7].f_inst|xored[2]   ; 1                 ; 6       ;
;      - feistel_algo:encrypt3|f:key_gen[5].f_inst|xored[16]  ; 1                 ; 6       ;
;      - feistel_algo:encrypt3|f:key_gen[4].f_inst|xored[4]   ; 1                 ; 6       ;
;      - feistel_algo:encrypt3|f:key_gen[3].f_inst|xored[11]  ; 1                 ; 6       ;
;      - feistel_algo:encrypt3|f:key_gen[2].f_inst|xored[5]   ; 1                 ; 6       ;
;      - feistel_algo:encrypt3|f:key_gen[1].f_inst|xored[12]  ; 1                 ; 6       ;
;      - feistel_algo:encrypt3|f:key_gen[0].f_inst|xored[10]  ; 1                 ; 6       ;
;      - feistel_algo:encrypt3|R~2953                         ; 1                 ; 6       ;
;      - feistel_algo:encrypt3|R~2966                         ; 1                 ; 6       ;
;      - feistel_algo:encrypt3|R~3074                         ; 1                 ; 6       ;
; key3[1]                                                     ;                   ;         ;
;      - feistel_algo:encrypt3|f:key_gen[15].f_inst|xored[1]  ; 1                 ; 6       ;
;      - feistel_algo:encrypt3|f:key_gen[14].f_inst|xored[17] ; 1                 ; 6       ;
;      - feistel_algo:encrypt3|f:key_gen[13].f_inst|xored[0]  ; 1                 ; 6       ;
;      - feistel_algo:encrypt3|f:key_gen[12].f_inst|xored[7]  ; 1                 ; 6       ;
;      - feistel_algo:encrypt3|f:key_gen[11].f_inst|xored[2]  ; 1                 ; 6       ;
;      - feistel_algo:encrypt3|f:key_gen[9].f_inst|xored[16]  ; 1                 ; 6       ;
;      - feistel_algo:encrypt3|f:key_gen[8].f_inst|xored[4]   ; 1                 ; 6       ;
;      - feistel_algo:encrypt3|f:key_gen[6].f_inst|xored[14]  ; 1                 ; 6       ;
;      - feistel_algo:encrypt3|f:key_gen[5].f_inst|xored[19]  ; 1                 ; 6       ;
;      - feistel_algo:encrypt3|f:key_gen[4].f_inst|xored[10]  ; 1                 ; 6       ;
;      - feistel_algo:encrypt3|f:key_gen[3].f_inst|xored[15]  ; 1                 ; 6       ;
;      - feistel_algo:encrypt3|f:key_gen[2].f_inst|xored[6]   ; 1                 ; 6       ;
;      - feistel_algo:encrypt3|f:key_gen[1].f_inst|xored[18]  ; 1                 ; 6       ;
;      - feistel_algo:encrypt3|f:key_gen[0].f_inst|xored[8]   ; 1                 ; 6       ;
;      - feistel_algo:encrypt3|R16~201                        ; 1                 ; 6       ;
;      - feistel_algo:encrypt3|R~2956                         ; 1                 ; 6       ;
;      - feistel_algo:encrypt3|R~3006                         ; 1                 ; 6       ;
;      - feistel_algo:encrypt3|R~3040                         ; 1                 ; 6       ;
;      - feistel_algo:encrypt3|R~3070                         ; 1                 ; 6       ;
;      - feistel_algo:encrypt3|R~3074                         ; 1                 ; 6       ;
; key3[33]                                                    ;                   ;         ;
;      - feistel_algo:encrypt3|f:key_gen[15].f_inst|xored[13] ; 1                 ; 6       ;
;      - feistel_algo:encrypt3|f:key_gen[14].f_inst|xored[7]  ; 1                 ; 6       ;
;      - feistel_algo:encrypt3|f:key_gen[13].f_inst|xored[2]  ; 1                 ; 6       ;
;      - feistel_algo:encrypt3|f:key_gen[11].f_inst|xored[16] ; 1                 ; 6       ;
;      - feistel_algo:encrypt3|f:key_gen[10].f_inst|xored[4]  ; 1                 ; 6       ;
;      - feistel_algo:encrypt3|f:key_gen[9].f_inst|xored[11]  ; 1                 ; 6       ;
;      - feistel_algo:encrypt3|f:key_gen[8].f_inst|xored[5]   ; 1                 ; 6       ;
;      - feistel_algo:encrypt3|f:key_gen[7].f_inst|xored[19]  ; 1                 ; 6       ;
;      - feistel_algo:encrypt3|f:key_gen[6].f_inst|xored[10]  ; 1                 ; 6       ;
;      - feistel_algo:encrypt3|f:key_gen[5].f_inst|xored[15]  ; 1                 ; 6       ;
;      - feistel_algo:encrypt3|f:key_gen[4].f_inst|xored[6]   ; 1                 ; 6       ;
;      - feistel_algo:encrypt3|f:key_gen[3].f_inst|xored[18]  ; 1                 ; 6       ;
;      - feistel_algo:encrypt3|f:key_gen[2].f_inst|xored[1]   ; 1                 ; 6       ;
;      - feistel_algo:encrypt3|f:key_gen[1].f_inst|xored[21]  ; 1                 ; 6       ;
;      - feistel_algo:encrypt3|f:key_gen[0].f_inst|xored[0]   ; 1                 ; 6       ;
;      - feistel_algo:encrypt3|R~3024                         ; 1                 ; 6       ;
;      - feistel_algo:encrypt3|R~3037                         ; 1                 ; 6       ;
;      - feistel_algo:encrypt3|R~3059                         ; 1                 ; 6       ;
;      - feistel_algo:encrypt3|R~3068                         ; 1                 ; 6       ;
; key3[27]                                                    ;                   ;         ;
;      - feistel_algo:encrypt3|f:key_gen[15].f_inst|xored[12] ; 0                 ; 6       ;
;      - feistel_algo:encrypt3|f:key_gen[14].f_inst|xored[10] ; 0                 ; 6       ;
;      - feistel_algo:encrypt3|f:key_gen[13].f_inst|xored[15] ; 0                 ; 6       ;
;      - feistel_algo:encrypt3|f:key_gen[12].f_inst|xored[6]  ; 0                 ; 6       ;
;      - feistel_algo:encrypt3|f:key_gen[11].f_inst|xored[18] ; 0                 ; 6       ;
;      - feistel_algo:encrypt3|f:key_gen[10].f_inst|xored[1]  ; 0                 ; 6       ;
;      - feistel_algo:encrypt3|f:key_gen[9].f_inst|xored[21]  ; 0                 ; 6       ;
;      - feistel_algo:encrypt3|f:key_gen[8].f_inst|xored[13]  ; 0                 ; 6       ;
;      - feistel_algo:encrypt3|f:key_gen[7].f_inst|xored[7]   ; 0                 ; 6       ;
;      - feistel_algo:encrypt3|f:key_gen[6].f_inst|xored[2]   ; 0                 ; 6       ;
;      - feistel_algo:encrypt3|f:key_gen[4].f_inst|xored[16]  ; 0                 ; 6       ;
;      - feistel_algo:encrypt3|f:key_gen[3].f_inst|xored[4]   ; 0                 ; 6       ;
;      - feistel_algo:encrypt3|f:key_gen[2].f_inst|xored[11]  ; 0                 ; 6       ;
;      - feistel_algo:encrypt3|f:key_gen[1].f_inst|xored[5]   ; 0                 ; 6       ;
;      - feistel_algo:encrypt3|f:key_gen[0].f_inst|xored[19]  ; 0                 ; 6       ;
;      - feistel_algo:encrypt3|R~2960                         ; 0                 ; 6       ;
;      - feistel_algo:encrypt3|R~2973                         ; 0                 ; 6       ;
; key3[3]                                                     ;                   ;         ;
;      - feistel_algo:encrypt3|f:key_gen[15].f_inst|xored[14] ; 1                 ; 6       ;
;      - feistel_algo:encrypt3|f:key_gen[14].f_inst|xored[5]  ; 1                 ; 6       ;
;      - feistel_algo:encrypt3|f:key_gen[13].f_inst|xored[12] ; 1                 ; 6       ;
;      - feistel_algo:encrypt3|f:key_gen[12].f_inst|xored[3]  ; 1                 ; 6       ;
;      - feistel_algo:encrypt3|f:key_gen[11].f_inst|xored[22] ; 1                 ; 6       ;
;      - feistel_algo:encrypt3|f:key_gen[9].f_inst|xored[8]   ; 1                 ; 6       ;
;      - feistel_algo:encrypt3|f:key_gen[8].f_inst|xored[17]  ; 1                 ; 6       ;
;      - feistel_algo:encrypt3|f:key_gen[7].f_inst|xored[21]  ; 1                 ; 6       ;
;      - feistel_algo:encrypt3|f:key_gen[6].f_inst|xored[13]  ; 1                 ; 6       ;
;      - feistel_algo:encrypt3|f:key_gen[4].f_inst|xored[20]  ; 1                 ; 6       ;
;      - feistel_algo:encrypt3|f:key_gen[3].f_inst|xored[9]   ; 1                 ; 6       ;
;      - feistel_algo:encrypt3|f:key_gen[2].f_inst|xored[23]  ; 1                 ; 6       ;
;      - feistel_algo:encrypt3|f:key_gen[0].f_inst|xored[11]  ; 1                 ; 6       ;
;      - feistel_algo:encrypt3|R16~199                        ; 1                 ; 6       ;
;      - feistel_algo:encrypt3|R~3031                         ; 1                 ; 6       ;
;      - feistel_algo:encrypt3|R~3065                         ; 1                 ; 6       ;
; key3[9]                                                     ;                   ;         ;
;      - feistel_algo:encrypt3|f:key_gen[15].f_inst|xored[17] ; 1                 ; 6       ;
;      - feistel_algo:encrypt3|f:key_gen[14].f_inst|xored[21] ; 1                 ; 6       ;
;      - feistel_algo:encrypt3|f:key_gen[13].f_inst|xored[13] ; 1                 ; 6       ;
;      - feistel_algo:encrypt3|f:key_gen[11].f_inst|xored[20] ; 1                 ; 6       ;
;      - feistel_algo:encrypt3|f:key_gen[10].f_inst|xored[9]  ; 1                 ; 6       ;
;      - feistel_algo:encrypt3|f:key_gen[9].f_inst|xored[23]  ; 1                 ; 6       ;
;      - feistel_algo:encrypt3|f:key_gen[7].f_inst|xored[11]  ; 1                 ; 6       ;
;      - feistel_algo:encrypt3|f:key_gen[6].f_inst|xored[5]   ; 1                 ; 6       ;
;      - feistel_algo:encrypt3|f:key_gen[5].f_inst|xored[12]  ; 1                 ; 6       ;
;      - feistel_algo:encrypt3|f:key_gen[4].f_inst|xored[3]   ; 1                 ; 6       ;
;      - feistel_algo:encrypt3|f:key_gen[3].f_inst|xored[22]  ; 1                 ; 6       ;
;      - feistel_algo:encrypt3|f:key_gen[1].f_inst|xored[8]   ; 1                 ; 6       ;
;      - feistel_algo:encrypt3|f:key_gen[0].f_inst|xored[1]   ; 1                 ; 6       ;
;      - feistel_algo:encrypt3|R~2980                         ; 1                 ; 6       ;
;      - feistel_algo:encrypt3|R~3053                         ; 1                 ; 6       ;
;      - feistel_algo:encrypt3|R~3073                         ; 1                 ; 6       ;
; key3[51]                                                    ;                   ;         ;
;      - feistel_algo:encrypt3|f:key_gen[15].f_inst|xored[15] ; 1                 ; 6       ;
;      - feistel_algo:encrypt3|f:key_gen[14].f_inst|xored[22] ; 1                 ; 6       ;
;      - feistel_algo:encrypt3|f:key_gen[12].f_inst|xored[8]  ; 1                 ; 6       ;
;      - feistel_algo:encrypt3|f:key_gen[11].f_inst|xored[17] ; 1                 ; 6       ;
;      - feistel_algo:encrypt3|f:key_gen[10].f_inst|xored[0]  ; 1                 ; 6       ;
;      - feistel_algo:encrypt3|f:key_gen[9].f_inst|xored[7]   ; 1                 ; 6       ;
;      - feistel_algo:encrypt3|f:key_gen[8].f_inst|xored[2]   ; 1                 ; 6       ;
;      - feistel_algo:encrypt3|f:key_gen[7].f_inst|xored[20]  ; 1                 ; 6       ;
;      - feistel_algo:encrypt3|f:key_gen[6].f_inst|xored[9]   ; 1                 ; 6       ;
;      - feistel_algo:encrypt3|f:key_gen[5].f_inst|xored[23]  ; 1                 ; 6       ;
;      - feistel_algo:encrypt3|f:key_gen[3].f_inst|xored[14]  ; 1                 ; 6       ;
;      - feistel_algo:encrypt3|f:key_gen[2].f_inst|xored[19]  ; 1                 ; 6       ;
;      - feistel_algo:encrypt3|f:key_gen[1].f_inst|xored[10]  ; 1                 ; 6       ;
;      - feistel_algo:encrypt3|f:key_gen[0].f_inst|xored[3]   ; 1                 ; 6       ;
;      - feistel_algo:encrypt3|R~2979                         ; 1                 ; 6       ;
;      - feistel_algo:encrypt3|R~3012                         ; 1                 ; 6       ;
;      - feistel_algo:encrypt3|R~3029                         ; 1                 ; 6       ;
;      - feistel_algo:encrypt3|R~3062                         ; 1                 ; 6       ;
;      - feistel_algo:encrypt3|R~3073                         ; 0                 ; 6       ;
; key3[26]                                                    ;                   ;         ;
;      - feistel_algo:encrypt3|f:key_gen[15].f_inst|xored[16] ; 1                 ; 6       ;
;      - feistel_algo:encrypt3|f:key_gen[14].f_inst|xored[23] ; 1                 ; 6       ;
;      - feistel_algo:encrypt3|f:key_gen[12].f_inst|xored[14] ; 1                 ; 6       ;
;      - feistel_algo:encrypt3|f:key_gen[11].f_inst|xored[19] ; 1                 ; 6       ;
;      - feistel_algo:encrypt3|f:key_gen[10].f_inst|xored[10] ; 1                 ; 6       ;
;      - feistel_algo:encrypt3|f:key_gen[9].f_inst|xored[15]  ; 1                 ; 6       ;
;      - feistel_algo:encrypt3|f:key_gen[8].f_inst|xored[6]   ; 1                 ; 6       ;
;      - feistel_algo:encrypt3|f:key_gen[6].f_inst|xored[8]   ; 1                 ; 6       ;
;      - feistel_algo:encrypt3|f:key_gen[5].f_inst|xored[17]  ; 1                 ; 6       ;
;      - feistel_algo:encrypt3|f:key_gen[4].f_inst|xored[0]   ; 1                 ; 6       ;
;      - feistel_algo:encrypt3|f:key_gen[3].f_inst|xored[7]   ; 1                 ; 6       ;
;      - feistel_algo:encrypt3|f:key_gen[2].f_inst|xored[2]   ; 1                 ; 6       ;
;      - feistel_algo:encrypt3|f:key_gen[0].f_inst|xored[9]   ; 1                 ; 6       ;
;      - feistel_algo:encrypt3|R~2958                         ; 1                 ; 6       ;
;      - feistel_algo:encrypt3|R~2992                         ; 1                 ; 6       ;
;      - feistel_algo:encrypt3|R~3027                         ; 1                 ; 6       ;
;      - feistel_algo:encrypt3|R~3060                         ; 1                 ; 6       ;
;      - feistel_algo:encrypt3|R~3064                         ; 1                 ; 6       ;
;      - feistel_algo:encrypt3|R~3068                         ; 1                 ; 6       ;
; key3[41]                                                    ;                   ;         ;
;      - feistel_algo:encrypt3|f:key_gen[15].f_inst|xored[7]  ; 0                 ; 6       ;
;      - feistel_algo:encrypt3|f:key_gen[13].f_inst|xored[20] ; 0                 ; 6       ;
;      - feistel_algo:encrypt3|f:key_gen[12].f_inst|xored[9]  ; 0                 ; 6       ;
;      - feistel_algo:encrypt3|f:key_gen[11].f_inst|xored[23] ; 0                 ; 6       ;
;      - feistel_algo:encrypt3|f:key_gen[9].f_inst|xored[14]  ; 0                 ; 6       ;
;      - feistel_algo:encrypt3|f:key_gen[8].f_inst|xored[19]  ; 0                 ; 6       ;
;      - feistel_algo:encrypt3|f:key_gen[7].f_inst|xored[12]  ; 0                 ; 6       ;
;      - feistel_algo:encrypt3|f:key_gen[6].f_inst|xored[3]   ; 0                 ; 6       ;
;      - feistel_algo:encrypt3|f:key_gen[5].f_inst|xored[22]  ; 0                 ; 6       ;
;      - feistel_algo:encrypt3|f:key_gen[3].f_inst|xored[8]   ; 0                 ; 6       ;
;      - feistel_algo:encrypt3|f:key_gen[2].f_inst|xored[17]  ; 0                 ; 6       ;
;      - feistel_algo:encrypt3|f:key_gen[1].f_inst|xored[0]   ; 0                 ; 6       ;
;      - feistel_algo:encrypt3|f:key_gen[0].f_inst|xored[13]  ; 0                 ; 6       ;
;      - feistel_algo:encrypt3|R~2964                         ; 0                 ; 6       ;
;      - feistel_algo:encrypt3|R~2981                         ; 0                 ; 6       ;
;      - feistel_algo:encrypt3|R~3051                         ; 0                 ; 6       ;
;      - feistel_algo:encrypt3|R~3071                         ; 0                 ; 6       ;
; key3[36]                                                    ;                   ;         ;
;      - feistel_algo:encrypt3|f:key_gen[15].f_inst|xored[6]  ; 0                 ; 6       ;
;      - feistel_algo:encrypt3|f:key_gen[13].f_inst|xored[8]  ; 0                 ; 6       ;
;      - feistel_algo:encrypt3|f:key_gen[12].f_inst|xored[17] ; 0                 ; 6       ;
;      - feistel_algo:encrypt3|f:key_gen[11].f_inst|xored[0]  ; 0                 ; 6       ;
;      - feistel_algo:encrypt3|f:key_gen[10].f_inst|xored[7]  ; 0                 ; 6       ;
;      - feistel_algo:encrypt3|f:key_gen[9].f_inst|xored[2]   ; 0                 ; 6       ;
;      - feistel_algo:encrypt3|f:key_gen[7].f_inst|xored[9]   ; 0                 ; 6       ;
;      - feistel_algo:encrypt3|f:key_gen[6].f_inst|xored[23]  ; 0                 ; 6       ;
;      - feistel_algo:encrypt3|f:key_gen[4].f_inst|xored[14]  ; 0                 ; 6       ;
;      - feistel_algo:encrypt3|f:key_gen[3].f_inst|xored[19]  ; 0                 ; 6       ;
;      - feistel_algo:encrypt3|f:key_gen[2].f_inst|xored[10]  ; 0                 ; 6       ;
;      - feistel_algo:encrypt3|f:key_gen[1].f_inst|xored[15]  ; 0                 ; 6       ;
;      - feistel_algo:encrypt3|f:key_gen[0].f_inst|xored[22]  ; 0                 ; 6       ;
;      - feistel_algo:encrypt3|R16~202                        ; 0                 ; 6       ;
;      - feistel_algo:encrypt3|R~2971                         ; 0                 ; 6       ;
;      - feistel_algo:encrypt3|R~2999                         ; 0                 ; 6       ;
;      - feistel_algo:encrypt3|R~3022                         ; 0                 ; 6       ;
;      - feistel_algo:encrypt3|R~3061                         ; 0                 ; 6       ;
;      - feistel_algo:encrypt3|R~3072                         ; 0                 ; 6       ;
; key3[58]                                                    ;                   ;         ;
;      - feistel_algo:encrypt3|f:key_gen[15].f_inst|xored[11] ; 1                 ; 6       ;
;      - feistel_algo:encrypt3|f:key_gen[14].f_inst|xored[14] ; 1                 ; 6       ;
;      - feistel_algo:encrypt3|f:key_gen[13].f_inst|xored[19] ; 1                 ; 6       ;
;      - feistel_algo:encrypt3|f:key_gen[12].f_inst|xored[10] ; 1                 ; 6       ;
;      - feistel_algo:encrypt3|f:key_gen[11].f_inst|xored[15] ; 1                 ; 6       ;
;      - feistel_algo:encrypt3|f:key_gen[10].f_inst|xored[6]  ; 1                 ; 6       ;
;      - feistel_algo:encrypt3|f:key_gen[9].f_inst|xored[18]  ; 1                 ; 6       ;
;      - feistel_algo:encrypt3|f:key_gen[8].f_inst|xored[1]   ; 1                 ; 6       ;
;      - feistel_algo:encrypt3|f:key_gen[7].f_inst|xored[17]  ; 1                 ; 6       ;
;      - feistel_algo:encrypt3|f:key_gen[6].f_inst|xored[0]   ; 1                 ; 6       ;
;      - feistel_algo:encrypt3|f:key_gen[5].f_inst|xored[7]   ; 1                 ; 6       ;
;      - feistel_algo:encrypt3|f:key_gen[4].f_inst|xored[2]   ; 1                 ; 6       ;
;      - feistel_algo:encrypt3|f:key_gen[2].f_inst|xored[16]  ; 1                 ; 6       ;
;      - feistel_algo:encrypt3|f:key_gen[1].f_inst|xored[4]   ; 1                 ; 6       ;
;      - feistel_algo:encrypt3|R~2944                         ; 1                 ; 6       ;
;      - feistel_algo:encrypt3|R~2976                         ; 1                 ; 6       ;
;      - feistel_algo:encrypt3|R~2989                         ; 1                 ; 6       ;
;      - feistel_algo:encrypt3|R~3011                         ; 1                 ; 6       ;
;      - feistel_algo:encrypt3|R~3062                         ; 1                 ; 6       ;
; key3[60]                                                    ;                   ;         ;
;      - feistel_algo:encrypt3|f:key_gen[15].f_inst|xored[8]  ; 0                 ; 6       ;
;      - feistel_algo:encrypt3|f:key_gen[14].f_inst|xored[1]  ; 0                 ; 6       ;
;      - feistel_algo:encrypt3|f:key_gen[13].f_inst|xored[21] ; 0                 ; 6       ;
;      - feistel_algo:encrypt3|f:key_gen[12].f_inst|xored[13] ; 0                 ; 6       ;
;      - feistel_algo:encrypt3|f:key_gen[10].f_inst|xored[20] ; 0                 ; 6       ;
;      - feistel_algo:encrypt3|f:key_gen[9].f_inst|xored[9]   ; 0                 ; 6       ;
;      - feistel_algo:encrypt3|f:key_gen[8].f_inst|xored[23]  ; 0                 ; 6       ;
;      - feistel_algo:encrypt3|f:key_gen[7].f_inst|xored[4]   ; 0                 ; 6       ;
;      - feistel_algo:encrypt3|f:key_gen[6].f_inst|xored[11]  ; 0                 ; 6       ;
;      - feistel_algo:encrypt3|f:key_gen[5].f_inst|xored[5]   ; 0                 ; 6       ;
;      - feistel_algo:encrypt3|f:key_gen[4].f_inst|xored[12]  ; 0                 ; 6       ;
;      - feistel_algo:encrypt3|f:key_gen[3].f_inst|xored[3]   ; 0                 ; 6       ;
;      - feistel_algo:encrypt3|f:key_gen[2].f_inst|xored[22]  ; 0                 ; 6       ;
;      - feistel_algo:encrypt3|f:key_gen[0].f_inst|xored[18]  ; 0                 ; 6       ;
;      - feistel_algo:encrypt3|R~2943                         ; 0                 ; 6       ;
;      - feistel_algo:encrypt3|R~2983                         ; 0                 ; 6       ;
;      - feistel_algo:encrypt3|R16~205                        ; 0                 ; 6       ;
; key3[35]                                                    ;                   ;         ;
;      - feistel_algo:encrypt3|f:key_gen[15].f_inst|xored[10] ; 1                 ; 6       ;
;      - feistel_algo:encrypt3|f:key_gen[14].f_inst|xored[3]  ; 1                 ; 6       ;
;      - feistel_algo:encrypt3|f:key_gen[13].f_inst|xored[22] ; 1                 ; 6       ;
;      - feistel_algo:encrypt3|f:key_gen[11].f_inst|xored[8]  ; 1                 ; 6       ;
;      - feistel_algo:encrypt3|f:key_gen[10].f_inst|xored[17] ; 1                 ; 6       ;
;      - feistel_algo:encrypt3|f:key_gen[9].f_inst|xored[0]   ; 1                 ; 6       ;
;      - feistel_algo:encrypt3|f:key_gen[8].f_inst|xored[7]   ; 1                 ; 6       ;
;      - feistel_algo:encrypt3|f:key_gen[6].f_inst|xored[20]  ; 1                 ; 6       ;
;      - feistel_algo:encrypt3|f:key_gen[5].f_inst|xored[9]   ; 1                 ; 6       ;
;      - feistel_algo:encrypt3|f:key_gen[4].f_inst|xored[23]  ; 1                 ; 6       ;
;      - feistel_algo:encrypt3|f:key_gen[2].f_inst|xored[14]  ; 1                 ; 6       ;
;      - feistel_algo:encrypt3|f:key_gen[1].f_inst|xored[19]  ; 1                 ; 6       ;
;      - feistel_algo:encrypt3|f:key_gen[0].f_inst|xored[12]  ; 1                 ; 6       ;
;      - feistel_algo:encrypt3|R~2987                         ; 1                 ; 6       ;
;      - feistel_algo:encrypt3|R~3015                         ; 1                 ; 6       ;
;      - feistel_algo:encrypt3|R~3038                         ; 1                 ; 6       ;
;      - feistel_algo:encrypt3|R16~205                        ; 1                 ; 6       ;
;      - feistel_algo:encrypt3|R~3063                         ; 1                 ; 6       ;
; key3[18]                                                    ;                   ;         ;
;      - feistel_algo:encrypt3|f:key_gen[15].f_inst|xored[9]  ; 1                 ; 6       ;
;      - feistel_algo:encrypt3|f:key_gen[14].f_inst|xored[16] ; 1                 ; 6       ;
;      - feistel_algo:encrypt3|f:key_gen[13].f_inst|xored[4]  ; 1                 ; 6       ;
;      - feistel_algo:encrypt3|f:key_gen[12].f_inst|xored[11] ; 1                 ; 6       ;
;      - feistel_algo:encrypt3|f:key_gen[11].f_inst|xored[5]  ; 1                 ; 6       ;
;      - feistel_algo:encrypt3|f:key_gen[10].f_inst|xored[12] ; 1                 ; 6       ;
;      - feistel_algo:encrypt3|f:key_gen[9].f_inst|xored[3]   ; 1                 ; 6       ;
;      - feistel_algo:encrypt3|f:key_gen[8].f_inst|xored[22]  ; 1                 ; 6       ;
;      - feistel_algo:encrypt3|f:key_gen[7].f_inst|xored[6]   ; 1                 ; 6       ;
;      - feistel_algo:encrypt3|f:key_gen[6].f_inst|xored[18]  ; 1                 ; 6       ;
;      - feistel_algo:encrypt3|f:key_gen[5].f_inst|xored[1]   ; 1                 ; 6       ;
;      - feistel_algo:encrypt3|f:key_gen[4].f_inst|xored[21]  ; 1                 ; 6       ;
;      - feistel_algo:encrypt3|f:key_gen[3].f_inst|xored[13]  ; 1                 ; 6       ;
;      - feistel_algo:encrypt3|f:key_gen[1].f_inst|xored[20]  ; 1                 ; 6       ;
;      - feistel_algo:encrypt3|R16~203                        ; 1                 ; 6       ;
;      - feistel_algo:encrypt3|R~3002                         ; 1                 ; 6       ;
;      - feistel_algo:encrypt3|R~3014                         ; 1                 ; 6       ;
; key3[31]                                                    ;                   ;         ;
;      - feistel_algo:encrypt3|f:key_gen[15].f_inst|xored[32] ; 0                 ; 6       ;
;      - feistel_algo:encrypt3|f:key_gen[14].f_inst|xored[42] ; 0                 ; 6       ;
;      - feistel_algo:encrypt3|f:key_gen[13].f_inst|xored[28] ; 0                 ; 6       ;
;      - feistel_algo:encrypt3|f:key_gen[11].f_inst|xored[45] ; 0                 ; 6       ;
;      - feistel_algo:encrypt3|f:key_gen[10].f_inst|xored[25] ; 0                 ; 6       ;
;      - feistel_algo:encrypt3|f:key_gen[9].f_inst|xored[39]  ; 0                 ; 6       ;
;      - feistel_algo:encrypt3|f:key_gen[8].f_inst|xored[46]  ; 0                 ; 6       ;
;      - feistel_algo:encrypt3|f:key_gen[6].f_inst|xored[26]  ; 0                 ; 6       ;
;      - feistel_algo:encrypt3|f:key_gen[4].f_inst|xored[44]  ; 0                 ; 6       ;
;      - feistel_algo:encrypt3|f:key_gen[3].f_inst|xored[31]  ; 0                 ; 6       ;
;      - feistel_algo:encrypt3|f:key_gen[2].f_inst|xored[40]  ; 0                 ; 6       ;
;      - feistel_algo:encrypt3|f:key_gen[1].f_inst|xored[24]  ; 0                 ; 6       ;
;      - feistel_algo:encrypt3|f:key_gen[0].f_inst|xored[41]  ; 0                 ; 6       ;
;      - feistel_algo:encrypt3|R~3042                         ; 0                 ; 6       ;
; key3[12]                                                    ;                   ;         ;
;      - feistel_algo:encrypt3|f:key_gen[15].f_inst|xored[31] ; 0                 ; 6       ;
;      - feistel_algo:encrypt3|f:key_gen[14].f_inst|xored[27] ; 0                 ; 6       ;
;      - feistel_algo:encrypt3|f:key_gen[13].f_inst|xored[43] ; 0                 ; 6       ;
;      - feistel_algo:encrypt3|f:key_gen[12].f_inst|xored[41] ; 0                 ; 6       ;
;      - feistel_algo:encrypt3|f:key_gen[11].f_inst|xored[42] ; 0                 ; 6       ;
;      - feistel_algo:encrypt3|f:key_gen[10].f_inst|xored[28] ; 0                 ; 6       ;
;      - feistel_algo:encrypt3|f:key_gen[8].f_inst|xored[45]  ; 0                 ; 6       ;
;      - feistel_algo:encrypt3|f:key_gen[7].f_inst|xored[33]  ; 0                 ; 6       ;
;      - feistel_algo:encrypt3|f:key_gen[6].f_inst|xored[47]  ; 0                 ; 6       ;
;      - feistel_algo:encrypt3|f:key_gen[5].f_inst|xored[29]  ; 0                 ; 6       ;
;      - feistel_algo:encrypt3|f:key_gen[3].f_inst|xored[26]  ; 0                 ; 6       ;
;      - feistel_algo:encrypt3|f:key_gen[1].f_inst|xored[44]  ; 0                 ; 6       ;
;      - feistel_algo:encrypt3|R~3001                         ; 0                 ; 6       ;
; key3[63]                                                    ;                   ;         ;
;      - feistel_algo:encrypt3|f:key_gen[15].f_inst|xored[30] ; 0                 ; 6       ;
;      - feistel_algo:encrypt3|f:key_gen[13].f_inst|xored[45] ; 0                 ; 6       ;
;      - feistel_algo:encrypt3|f:key_gen[12].f_inst|xored[25] ; 0                 ; 6       ;
;      - feistel_algo:encrypt3|f:key_gen[11].f_inst|xored[39] ; 0                 ; 6       ;
;      - feistel_algo:encrypt3|f:key_gen[10].f_inst|xored[46] ; 0                 ; 6       ;
;      - feistel_algo:encrypt3|f:key_gen[9].f_inst|xored[34]  ; 0                 ; 6       ;
;      - feistel_algo:encrypt3|f:key_gen[8].f_inst|xored[37]  ; 0                 ; 6       ;
;      - feistel_algo:encrypt3|f:key_gen[6].f_inst|xored[44]  ; 0                 ; 6       ;
;      - feistel_algo:encrypt3|f:key_gen[5].f_inst|xored[31]  ; 0                 ; 6       ;
;      - feistel_algo:encrypt3|f:key_gen[4].f_inst|xored[40]  ; 0                 ; 6       ;
;      - feistel_algo:encrypt3|f:key_gen[3].f_inst|xored[24]  ; 0                 ; 6       ;
;      - feistel_algo:encrypt3|f:key_gen[2].f_inst|xored[32]  ; 0                 ; 6       ;
;      - feistel_algo:encrypt3|f:key_gen[1].f_inst|xored[38]  ; 0                 ; 6       ;
;      - feistel_algo:encrypt3|f:key_gen[0].f_inst|xored[28]  ; 0                 ; 6       ;
;      - feistel_algo:encrypt3|R~3026                         ; 0                 ; 6       ;
; key3[53]                                                    ;                   ;         ;
;      - feistel_algo:encrypt3|f:key_gen[15].f_inst|xored[35] ; 0                 ; 6       ;
;      - feistel_algo:encrypt3|f:key_gen[14].f_inst|xored[44] ; 0                 ; 6       ;
;      - feistel_algo:encrypt3|f:key_gen[13].f_inst|xored[31] ; 0                 ; 6       ;
;      - feistel_algo:encrypt3|f:key_gen[12].f_inst|xored[40] ; 0                 ; 6       ;
;      - feistel_algo:encrypt3|f:key_gen[11].f_inst|xored[24] ; 0                 ; 6       ;
;      - feistel_algo:encrypt3|f:key_gen[10].f_inst|xored[32] ; 0                 ; 6       ;
;      - feistel_algo:encrypt3|f:key_gen[9].f_inst|xored[38]  ; 0                 ; 6       ;
;      - feistel_algo:encrypt3|f:key_gen[8].f_inst|xored[30]  ; 0                 ; 6       ;
;      - feistel_algo:encrypt3|f:key_gen[6].f_inst|xored[45]  ; 0                 ; 6       ;
;      - feistel_algo:encrypt3|f:key_gen[5].f_inst|xored[25]  ; 0                 ; 6       ;
;      - feistel_algo:encrypt3|f:key_gen[4].f_inst|xored[39]  ; 0                 ; 6       ;
;      - feistel_algo:encrypt3|f:key_gen[3].f_inst|xored[46]  ; 0                 ; 6       ;
;      - feistel_algo:encrypt3|f:key_gen[2].f_inst|xored[34]  ; 0                 ; 6       ;
;      - feistel_algo:encrypt3|f:key_gen[1].f_inst|xored[37]  ; 0                 ; 6       ;
;      - feistel_algo:encrypt3|R~2962                         ; 0                 ; 6       ;
; key3[21]                                                    ;                   ;         ;
;      - feistel_algo:encrypt3|f:key_gen[15].f_inst|xored[34] ; 0                 ; 6       ;
;      - feistel_algo:encrypt3|f:key_gen[14].f_inst|xored[26] ; 0                 ; 6       ;
;      - feistel_algo:encrypt3|f:key_gen[12].f_inst|xored[44] ; 0                 ; 6       ;
;      - feistel_algo:encrypt3|f:key_gen[11].f_inst|xored[31] ; 0                 ; 6       ;
;      - feistel_algo:encrypt3|f:key_gen[10].f_inst|xored[40] ; 0                 ; 6       ;
;      - feistel_algo:encrypt3|f:key_gen[9].f_inst|xored[24]  ; 0                 ; 6       ;
;      - feistel_algo:encrypt3|f:key_gen[8].f_inst|xored[32]  ; 0                 ; 6       ;
;      - feistel_algo:encrypt3|f:key_gen[7].f_inst|xored[42]  ; 0                 ; 6       ;
;      - feistel_algo:encrypt3|f:key_gen[6].f_inst|xored[28]  ; 0                 ; 6       ;
;      - feistel_algo:encrypt3|f:key_gen[4].f_inst|xored[45]  ; 0                 ; 6       ;
;      - feistel_algo:encrypt3|f:key_gen[3].f_inst|xored[25]  ; 0                 ; 6       ;
;      - feistel_algo:encrypt3|f:key_gen[2].f_inst|xored[39]  ; 0                 ; 6       ;
;      - feistel_algo:encrypt3|f:key_gen[1].f_inst|xored[46]  ; 0                 ; 6       ;
;      - feistel_algo:encrypt3|R~2978                         ; 0                 ; 6       ;
; key3[30]                                                    ;                   ;         ;
;      - feistel_algo:encrypt3|f:key_gen[15].f_inst|xored[33] ; 1                 ; 6       ;
;      - feistel_algo:encrypt3|f:key_gen[14].f_inst|xored[25] ; 1                 ; 6       ;
;      - feistel_algo:encrypt3|f:key_gen[13].f_inst|xored[39] ; 1                 ; 6       ;
;      - feistel_algo:encrypt3|f:key_gen[12].f_inst|xored[46] ; 1                 ; 6       ;
;      - feistel_algo:encrypt3|f:key_gen[11].f_inst|xored[34] ; 1                 ; 6       ;
;      - feistel_algo:encrypt3|f:key_gen[10].f_inst|xored[37] ; 1                 ; 6       ;
;      - feistel_algo:encrypt3|f:key_gen[9].f_inst|xored[35]  ; 1                 ; 6       ;
;      - feistel_algo:encrypt3|f:key_gen[7].f_inst|xored[31]  ; 1                 ; 6       ;
;      - feistel_algo:encrypt3|f:key_gen[6].f_inst|xored[40]  ; 1                 ; 6       ;
;      - feistel_algo:encrypt3|f:key_gen[5].f_inst|xored[24]  ; 1                 ; 6       ;
;      - feistel_algo:encrypt3|f:key_gen[4].f_inst|xored[32]  ; 1                 ; 6       ;
;      - feistel_algo:encrypt3|f:key_gen[3].f_inst|xored[38]  ; 1                 ; 6       ;
;      - feistel_algo:encrypt3|f:key_gen[2].f_inst|xored[30]  ; 1                 ; 6       ;
;      - feistel_algo:encrypt3|f:key_gen[1].f_inst|xored[36]  ; 1                 ; 6       ;
;      - feistel_algo:encrypt3|f:key_gen[0].f_inst|xored[45]  ; 1                 ; 6       ;
;      - feistel_algo:encrypt3|R16~204                        ; 1                 ; 6       ;
;      - feistel_algo:encrypt3|R~3010                         ; 1                 ; 6       ;
; key3[6]                                                     ;                   ;         ;
;      - feistel_algo:encrypt3|f:key_gen[14].f_inst|xored[36] ; 0                 ; 6       ;
;      - feistel_algo:encrypt3|f:key_gen[13].f_inst|xored[33] ; 0                 ; 6       ;
;      - feistel_algo:encrypt3|f:key_gen[12].f_inst|xored[47] ; 0                 ; 6       ;
;      - feistel_algo:encrypt3|f:key_gen[11].f_inst|xored[29] ; 0                 ; 6       ;
;      - feistel_algo:encrypt3|f:key_gen[9].f_inst|xored[26]  ; 0                 ; 6       ;
;      - feistel_algo:encrypt3|f:key_gen[7].f_inst|xored[35]  ; 0                 ; 6       ;
;      - feistel_algo:encrypt3|f:key_gen[5].f_inst|xored[27]  ; 0                 ; 6       ;
;      - feistel_algo:encrypt3|f:key_gen[4].f_inst|xored[43]  ; 0                 ; 6       ;
;      - feistel_algo:encrypt3|f:key_gen[3].f_inst|xored[41]  ; 0                 ; 6       ;
;      - feistel_algo:encrypt3|f:key_gen[2].f_inst|xored[42]  ; 0                 ; 6       ;
;      - feistel_algo:encrypt3|f:key_gen[1].f_inst|xored[28]  ; 0                 ; 6       ;
;      - feistel_algo:encrypt3|f:key_gen[0].f_inst|xored[30]  ; 0                 ; 6       ;
;      - feistel_algo:encrypt3|R~2952                         ; 0                 ; 6       ;
; key3[49]                                                    ;                   ;         ;
;      - feistel_algo:encrypt3|f:key_gen[14].f_inst|xored[2]  ; 0                 ; 6       ;
;      - feistel_algo:encrypt3|f:key_gen[12].f_inst|xored[16] ; 0                 ; 6       ;
;      - feistel_algo:encrypt3|f:key_gen[11].f_inst|xored[4]  ; 0                 ; 6       ;
;      - feistel_algo:encrypt3|f:key_gen[10].f_inst|xored[11] ; 0                 ; 6       ;
;      - feistel_algo:encrypt3|f:key_gen[9].f_inst|xored[5]   ; 0                 ; 6       ;
;      - feistel_algo:encrypt3|f:key_gen[8].f_inst|xored[12]  ; 0                 ; 6       ;
;      - feistel_algo:encrypt3|f:key_gen[7].f_inst|xored[10]  ; 0                 ; 6       ;
;      - feistel_algo:encrypt3|f:key_gen[6].f_inst|xored[15]  ; 0                 ; 6       ;
;      - feistel_algo:encrypt3|f:key_gen[5].f_inst|xored[6]   ; 0                 ; 6       ;
;      - feistel_algo:encrypt3|f:key_gen[4].f_inst|xored[18]  ; 0                 ; 6       ;
;      - feistel_algo:encrypt3|f:key_gen[3].f_inst|xored[1]   ; 0                 ; 6       ;
;      - feistel_algo:encrypt3|f:key_gen[2].f_inst|xored[21]  ; 0                 ; 6       ;
;      - feistel_algo:encrypt3|f:key_gen[1].f_inst|xored[13]  ; 0                 ; 6       ;
;      - feistel_algo:encrypt3|f:key_gen[0].f_inst|xored[7]   ; 0                 ; 6       ;
;      - feistel_algo:encrypt3|R~3018                         ; 0                 ; 6       ;
;      - feistel_algo:encrypt3|R~3030                         ; 0                 ; 6       ;
;      - feistel_algo:encrypt3|R~3067                         ; 0                 ; 6       ;
; key3[45]                                                    ;                   ;         ;
;      - feistel_algo:encrypt3|f:key_gen[14].f_inst|xored[35] ; 0                 ; 6       ;
;      - feistel_algo:encrypt3|f:key_gen[12].f_inst|xored[27] ; 0                 ; 6       ;
;      - feistel_algo:encrypt3|f:key_gen[11].f_inst|xored[43] ; 0                 ; 6       ;
;      - feistel_algo:encrypt3|f:key_gen[10].f_inst|xored[41] ; 0                 ; 6       ;
;      - feistel_algo:encrypt3|f:key_gen[9].f_inst|xored[42]  ; 0                 ; 6       ;
;      - feistel_algo:encrypt3|f:key_gen[8].f_inst|xored[28]  ; 0                 ; 6       ;
;      - feistel_algo:encrypt3|f:key_gen[7].f_inst|xored[30]  ; 0                 ; 6       ;
;      - feistel_algo:encrypt3|f:key_gen[6].f_inst|xored[36]  ; 0                 ; 6       ;
;      - feistel_algo:encrypt3|f:key_gen[5].f_inst|xored[33]  ; 0                 ; 6       ;
;      - feistel_algo:encrypt3|f:key_gen[4].f_inst|xored[47]  ; 0                 ; 6       ;
;      - feistel_algo:encrypt3|f:key_gen[3].f_inst|xored[29]  ; 0                 ; 6       ;
;      - feistel_algo:encrypt3|f:key_gen[1].f_inst|xored[26]  ; 0                 ; 6       ;
;      - feistel_algo:encrypt3|f:key_gen[0].f_inst|xored[37]  ; 0                 ; 6       ;
;      - feistel_algo:encrypt3|R~3017                         ; 0                 ; 6       ;
; key3[4]                                                     ;                   ;         ;
;      - feistel_algo:encrypt3|f:key_gen[14].f_inst|xored[31] ; 1                 ; 6       ;
;      - feistel_algo:encrypt3|f:key_gen[13].f_inst|xored[40] ; 1                 ; 6       ;
;      - feistel_algo:encrypt3|f:key_gen[12].f_inst|xored[24] ; 1                 ; 6       ;
;      - feistel_algo:encrypt3|f:key_gen[11].f_inst|xored[32] ; 1                 ; 6       ;
;      - feistel_algo:encrypt3|f:key_gen[10].f_inst|xored[38] ; 1                 ; 6       ;
;      - feistel_algo:encrypt3|f:key_gen[9].f_inst|xored[30]  ; 1                 ; 6       ;
;      - feistel_algo:encrypt3|f:key_gen[8].f_inst|xored[36]  ; 1                 ; 6       ;
;      - feistel_algo:encrypt3|f:key_gen[7].f_inst|xored[45]  ; 1                 ; 6       ;
;      - feistel_algo:encrypt3|f:key_gen[6].f_inst|xored[25]  ; 1                 ; 6       ;
;      - feistel_algo:encrypt3|f:key_gen[5].f_inst|xored[39]  ; 1                 ; 6       ;
;      - feistel_algo:encrypt3|f:key_gen[4].f_inst|xored[46]  ; 1                 ; 6       ;
;      - feistel_algo:encrypt3|f:key_gen[3].f_inst|xored[34]  ; 1                 ; 6       ;
;      - feistel_algo:encrypt3|f:key_gen[2].f_inst|xored[37]  ; 1                 ; 6       ;
;      - feistel_algo:encrypt3|f:key_gen[1].f_inst|xored[35]  ; 1                 ; 6       ;
;      - feistel_algo:encrypt3|f:key_gen[0].f_inst|xored[44]  ; 1                 ; 6       ;
;      - feistel_algo:encrypt3|R~2954                         ; 1                 ; 6       ;
; key3[13]                                                    ;                   ;         ;
;      - feistel_algo:encrypt3|f:key_gen[14].f_inst|xored[34] ; 0                 ; 6       ;
;      - feistel_algo:encrypt3|f:key_gen[13].f_inst|xored[37] ; 0                 ; 6       ;
;      - feistel_algo:encrypt3|f:key_gen[12].f_inst|xored[35] ; 0                 ; 6       ;
;      - feistel_algo:encrypt3|f:key_gen[10].f_inst|xored[27] ; 0                 ; 6       ;
;      - feistel_algo:encrypt3|f:key_gen[9].f_inst|xored[43]  ; 0                 ; 6       ;
;      - feistel_algo:encrypt3|f:key_gen[8].f_inst|xored[41]  ; 0                 ; 6       ;
;      - feistel_algo:encrypt3|f:key_gen[7].f_inst|xored[32]  ; 0                 ; 6       ;
;      - feistel_algo:encrypt3|f:key_gen[6].f_inst|xored[38]  ; 0                 ; 6       ;
;      - feistel_algo:encrypt3|f:key_gen[5].f_inst|xored[30]  ; 0                 ; 6       ;
;      - feistel_algo:encrypt3|f:key_gen[4].f_inst|xored[36]  ; 0                 ; 6       ;
;      - feistel_algo:encrypt3|f:key_gen[3].f_inst|xored[33]  ; 0                 ; 6       ;
;      - feistel_algo:encrypt3|f:key_gen[2].f_inst|xored[47]  ; 0                 ; 6       ;
;      - feistel_algo:encrypt3|f:key_gen[1].f_inst|xored[29]  ; 0                 ; 6       ;
;      - feistel_algo:encrypt3|f:key_gen[0].f_inst|xored[46]  ; 0                 ; 6       ;
;      - feistel_algo:encrypt3|R~3033                         ; 0                 ; 6       ;
; key3[44]                                                    ;                   ;         ;
;      - feistel_algo:encrypt3|f:key_gen[14].f_inst|xored[18] ; 1                 ; 6       ;
;      - feistel_algo:encrypt3|f:key_gen[13].f_inst|xored[1]  ; 1                 ; 6       ;
;      - feistel_algo:encrypt3|f:key_gen[12].f_inst|xored[21] ; 1                 ; 6       ;
;      - feistel_algo:encrypt3|f:key_gen[11].f_inst|xored[13] ; 1                 ; 6       ;
;      - feistel_algo:encrypt3|f:key_gen[9].f_inst|xored[20]  ; 1                 ; 6       ;
;      - feistel_algo:encrypt3|f:key_gen[8].f_inst|xored[9]   ; 1                 ; 6       ;
;      - feistel_algo:encrypt3|f:key_gen[7].f_inst|xored[16]  ; 1                 ; 6       ;
;      - feistel_algo:encrypt3|f:key_gen[6].f_inst|xored[4]   ; 1                 ; 6       ;
;      - feistel_algo:encrypt3|f:key_gen[5].f_inst|xored[11]  ; 1                 ; 6       ;
;      - feistel_algo:encrypt3|f:key_gen[4].f_inst|xored[5]   ; 1                 ; 6       ;
;      - feistel_algo:encrypt3|f:key_gen[3].f_inst|xored[12]  ; 1                 ; 6       ;
;      - feistel_algo:encrypt3|f:key_gen[2].f_inst|xored[3]   ; 1                 ; 6       ;
;      - feistel_algo:encrypt3|f:key_gen[1].f_inst|xored[22]  ; 1                 ; 6       ;
;      - feistel_algo:encrypt3|f:key_gen[0].f_inst|xored[6]   ; 1                 ; 6       ;
;      - feistel_algo:encrypt3|R~2950                         ; 1                 ; 6       ;
;      - feistel_algo:encrypt3|R~2996                         ; 1                 ; 6       ;
;      - feistel_algo:encrypt3|R~3056                         ; 1                 ; 6       ;
; key3[50]                                                    ;                   ;         ;
;      - feistel_algo:encrypt3|f:key_gen[14].f_inst|xored[11] ; 0                 ; 6       ;
;      - feistel_algo:encrypt3|f:key_gen[13].f_inst|xored[5]  ; 0                 ; 6       ;
;      - feistel_algo:encrypt3|f:key_gen[12].f_inst|xored[12] ; 0                 ; 6       ;
;      - feistel_algo:encrypt3|f:key_gen[11].f_inst|xored[3]  ; 0                 ; 6       ;
;      - feistel_algo:encrypt3|f:key_gen[10].f_inst|xored[22] ; 0                 ; 6       ;
;      - feistel_algo:encrypt3|f:key_gen[8].f_inst|xored[8]   ; 0                 ; 6       ;
;      - feistel_algo:encrypt3|f:key_gen[7].f_inst|xored[1]   ; 0                 ; 6       ;
;      - feistel_algo:encrypt3|f:key_gen[6].f_inst|xored[21]  ; 0                 ; 6       ;
;      - feistel_algo:encrypt3|f:key_gen[5].f_inst|xored[13]  ; 0                 ; 6       ;
;      - feistel_algo:encrypt3|f:key_gen[3].f_inst|xored[20]  ; 0                 ; 6       ;
;      - feistel_algo:encrypt3|f:key_gen[2].f_inst|xored[9]   ; 0                 ; 6       ;
;      - feistel_algo:encrypt3|f:key_gen[1].f_inst|xored[23]  ; 0                 ; 6       ;
;      - feistel_algo:encrypt3|f:key_gen[0].f_inst|xored[4]   ; 0                 ; 6       ;
;      - feistel_algo:encrypt3|R~2998                         ; 0                 ; 6       ;
;      - feistel_algo:encrypt3|R~3044                         ; 0                 ; 6       ;
;      - feistel_algo:encrypt3|R~3066                         ; 0                 ; 6       ;
; key3[10]                                                    ;                   ;         ;
;      - feistel_algo:encrypt3|f:key_gen[14].f_inst|xored[9]  ; 0                 ; 6       ;
;      - feistel_algo:encrypt3|f:key_gen[13].f_inst|xored[23] ; 0                 ; 6       ;
;      - feistel_algo:encrypt3|f:key_gen[11].f_inst|xored[14] ; 0                 ; 6       ;
;      - feistel_algo:encrypt3|f:key_gen[10].f_inst|xored[19] ; 0                 ; 6       ;
;      - feistel_algo:encrypt3|f:key_gen[9].f_inst|xored[10]  ; 0                 ; 6       ;
;      - feistel_algo:encrypt3|f:key_gen[8].f_inst|xored[15]  ; 0                 ; 6       ;
;      - feistel_algo:encrypt3|f:key_gen[7].f_inst|xored[22]  ; 0                 ; 6       ;
;      - feistel_algo:encrypt3|f:key_gen[5].f_inst|xored[8]   ; 0                 ; 6       ;
;      - feistel_algo:encrypt3|f:key_gen[4].f_inst|xored[17]  ; 0                 ; 6       ;
;      - feistel_algo:encrypt3|f:key_gen[3].f_inst|xored[0]   ; 0                 ; 6       ;
;      - feistel_algo:encrypt3|f:key_gen[2].f_inst|xored[7]   ; 0                 ; 6       ;
;      - feistel_algo:encrypt3|f:key_gen[1].f_inst|xored[2]   ; 0                 ; 6       ;
;      - feistel_algo:encrypt3|f:key_gen[0].f_inst|xored[20]  ; 0                 ; 6       ;
;      - feistel_algo:encrypt3|R~2965                         ; 0                 ; 6       ;
;      - feistel_algo:encrypt3|R~3035                         ; 0                 ; 6       ;
;      - feistel_algo:encrypt3|R~3065                         ; 0                 ; 6       ;
;      - feistel_algo:encrypt3|R~3069                         ; 0                 ; 6       ;
; key2[22]                                                    ;                   ;         ;
;      - feistel_algo:decrypt2|f:key_gen[15].f_inst|xored[36] ; 0                 ; 6       ;
;      - feistel_algo:decrypt2|f:key_gen[13].f_inst|xored[28] ; 0                 ; 6       ;
;      - feistel_algo:decrypt2|f:key_gen[12].f_inst|xored[42] ; 0                 ; 6       ;
;      - feistel_algo:decrypt2|f:key_gen[11].f_inst|xored[41] ; 0                 ; 6       ;
;      - feistel_algo:decrypt2|f:key_gen[10].f_inst|xored[43] ; 0                 ; 6       ;
;      - feistel_algo:decrypt2|f:key_gen[9].f_inst|xored[27]  ; 0                 ; 6       ;
;      - feistel_algo:decrypt2|f:key_gen[7].f_inst|xored[44]  ; 0                 ; 6       ;
;      - feistel_algo:decrypt2|f:key_gen[5].f_inst|xored[26]  ; 0                 ; 6       ;
;      - feistel_algo:decrypt2|f:key_gen[3].f_inst|xored[29]  ; 0                 ; 6       ;
;      - feistel_algo:decrypt2|f:key_gen[2].f_inst|xored[47]  ; 0                 ; 6       ;
;      - feistel_algo:decrypt2|f:key_gen[1].f_inst|xored[33]  ; 0                 ; 6       ;
;      - feistel_algo:decrypt2|f:key_gen[0].f_inst|xored[45]  ; 0                 ; 6       ;
;      - feistel_algo:decrypt2|R~3039                         ; 0                 ; 6       ;
; key2[45]                                                    ;                   ;         ;
;      - feistel_algo:decrypt2|f:key_gen[15].f_inst|xored[37] ; 0                 ; 6       ;
;      - feistel_algo:decrypt2|f:key_gen[14].f_inst|xored[26] ; 0                 ; 6       ;
;      - feistel_algo:decrypt2|f:key_gen[12].f_inst|xored[29] ; 0                 ; 6       ;
;      - feistel_algo:decrypt2|f:key_gen[11].f_inst|xored[47] ; 0                 ; 6       ;
;      - feistel_algo:decrypt2|f:key_gen[10].f_inst|xored[33] ; 0                 ; 6       ;
;      - feistel_algo:decrypt2|f:key_gen[9].f_inst|xored[36]  ; 0                 ; 6       ;
;      - feistel_algo:decrypt2|f:key_gen[8].f_inst|xored[30]  ; 0                 ; 6       ;
;      - feistel_algo:decrypt2|f:key_gen[7].f_inst|xored[28]  ; 0                 ; 6       ;
;      - feistel_algo:decrypt2|f:key_gen[6].f_inst|xored[42]  ; 0                 ; 6       ;
;      - feistel_algo:decrypt2|f:key_gen[5].f_inst|xored[41]  ; 0                 ; 6       ;
;      - feistel_algo:decrypt2|f:key_gen[4].f_inst|xored[43]  ; 0                 ; 6       ;
;      - feistel_algo:decrypt2|f:key_gen[3].f_inst|xored[27]  ; 0                 ; 6       ;
;      - feistel_algo:decrypt2|f:key_gen[1].f_inst|xored[35]  ; 0                 ; 6       ;
;      - feistel_algo:decrypt2|R~3045                         ; 0                 ; 6       ;
; key2[31]                                                    ;                   ;         ;
;      - feistel_algo:decrypt2|f:key_gen[15].f_inst|xored[41] ; 0                 ; 6       ;
;      - feistel_algo:decrypt2|f:key_gen[14].f_inst|xored[24] ; 0                 ; 6       ;
;      - feistel_algo:decrypt2|f:key_gen[13].f_inst|xored[40] ; 0                 ; 6       ;
;      - feistel_algo:decrypt2|f:key_gen[12].f_inst|xored[31] ; 0                 ; 6       ;
;      - feistel_algo:decrypt2|f:key_gen[11].f_inst|xored[44] ; 0                 ; 6       ;
;      - feistel_algo:decrypt2|f:key_gen[9].f_inst|xored[26]  ; 0                 ; 6       ;
;      - feistel_algo:decrypt2|f:key_gen[7].f_inst|xored[46]  ; 0                 ; 6       ;
;      - feistel_algo:decrypt2|f:key_gen[6].f_inst|xored[39]  ; 0                 ; 6       ;
;      - feistel_algo:decrypt2|f:key_gen[5].f_inst|xored[25]  ; 0                 ; 6       ;
;      - feistel_algo:decrypt2|f:key_gen[4].f_inst|xored[45]  ; 0                 ; 6       ;
;      - feistel_algo:decrypt2|f:key_gen[2].f_inst|xored[28]  ; 0                 ; 6       ;
;      - feistel_algo:decrypt2|f:key_gen[1].f_inst|xored[42]  ; 0                 ; 6       ;
;      - feistel_algo:decrypt2|f:key_gen[0].f_inst|xored[32]  ; 0                 ; 6       ;
;      - feistel_algo:decrypt2|R~2942                         ; 0                 ; 6       ;
; key2[62]                                                    ;                   ;         ;
;      - feistel_algo:decrypt2|f:key_gen[15].f_inst|xored[39] ; 0                 ; 6       ;
;      - feistel_algo:decrypt2|f:key_gen[14].f_inst|xored[47] ; 0                 ; 6       ;
;      - feistel_algo:decrypt2|f:key_gen[13].f_inst|xored[33] ; 0                 ; 6       ;
;      - feistel_algo:decrypt2|f:key_gen[12].f_inst|xored[36] ; 0                 ; 6       ;
;      - feistel_algo:decrypt2|f:key_gen[11].f_inst|xored[30] ; 0                 ; 6       ;
;      - feistel_algo:decrypt2|f:key_gen[10].f_inst|xored[38] ; 0                 ; 6       ;
;      - feistel_algo:decrypt2|f:key_gen[9].f_inst|xored[32]  ; 0                 ; 6       ;
;      - feistel_algo:decrypt2|f:key_gen[8].f_inst|xored[24]  ; 0                 ; 6       ;
;      - feistel_algo:decrypt2|f:key_gen[7].f_inst|xored[43]  ; 0                 ; 6       ;
;      - feistel_algo:decrypt2|f:key_gen[6].f_inst|xored[27]  ; 0                 ; 6       ;
;      - feistel_algo:decrypt2|f:key_gen[4].f_inst|xored[35]  ; 0                 ; 6       ;
;      - feistel_algo:decrypt2|f:key_gen[3].f_inst|xored[37]  ; 0                 ; 6       ;
;      - feistel_algo:decrypt2|f:key_gen[2].f_inst|xored[34]  ; 0                 ; 6       ;
;      - feistel_algo:decrypt2|f:key_gen[1].f_inst|xored[46]  ; 0                 ; 6       ;
;      - feistel_algo:decrypt2|f:key_gen[0].f_inst|xored[29]  ; 0                 ; 6       ;
;      - feistel_algo:decrypt2|R~2939                         ; 0                 ; 6       ;
;      - feistel_algo:decrypt2|R~3047                         ; 0                 ; 6       ;
; key2[7]                                                     ;                   ;         ;
;      - feistel_algo:decrypt2|f:key_gen[15].f_inst|xored[40] ; 0                 ; 6       ;
;      - feistel_algo:decrypt2|f:key_gen[14].f_inst|xored[27] ; 0                 ; 6       ;
;      - feistel_algo:decrypt2|f:key_gen[12].f_inst|xored[35] ; 0                 ; 6       ;
;      - feistel_algo:decrypt2|f:key_gen[11].f_inst|xored[37] ; 0                 ; 6       ;
;      - feistel_algo:decrypt2|f:key_gen[10].f_inst|xored[34] ; 0                 ; 6       ;
;      - feistel_algo:decrypt2|f:key_gen[9].f_inst|xored[46]  ; 0                 ; 6       ;
;      - feistel_algo:decrypt2|f:key_gen[8].f_inst|xored[39]  ; 0                 ; 6       ;
;      - feistel_algo:decrypt2|f:key_gen[7].f_inst|xored[47]  ; 0                 ; 6       ;
;      - feistel_algo:decrypt2|f:key_gen[6].f_inst|xored[33]  ; 0                 ; 6       ;
;      - feistel_algo:decrypt2|f:key_gen[5].f_inst|xored[36]  ; 0                 ; 6       ;
;      - feistel_algo:decrypt2|f:key_gen[4].f_inst|xored[30]  ; 0                 ; 6       ;
;      - feistel_algo:decrypt2|f:key_gen[3].f_inst|xored[38]  ; 0                 ; 6       ;
;      - feistel_algo:decrypt2|f:key_gen[2].f_inst|xored[32]  ; 0                 ; 6       ;
;      - feistel_algo:decrypt2|f:key_gen[1].f_inst|xored[24]  ; 0                 ; 6       ;
;      - feistel_algo:decrypt2|f:key_gen[0].f_inst|xored[43]  ; 0                 ; 6       ;
;      - feistel_algo:decrypt2|R16~202                        ; 0                 ; 6       ;
;      - feistel_algo:decrypt2|R~3039                         ; 0                 ; 6       ;
; key2[55]                                                    ;                   ;         ;
;      - feistel_algo:decrypt2|f:key_gen[15].f_inst|xored[38] ; 0                 ; 6       ;
;      - feistel_algo:decrypt2|f:key_gen[14].f_inst|xored[42] ; 0                 ; 6       ;
;      - feistel_algo:decrypt2|f:key_gen[13].f_inst|xored[41] ; 0                 ; 6       ;
;      - feistel_algo:decrypt2|f:key_gen[12].f_inst|xored[43] ; 0                 ; 6       ;
;      - feistel_algo:decrypt2|f:key_gen[11].f_inst|xored[27] ; 0                 ; 6       ;
;      - feistel_algo:decrypt2|f:key_gen[9].f_inst|xored[35]  ; 0                 ; 6       ;
;      - feistel_algo:decrypt2|f:key_gen[8].f_inst|xored[37]  ; 0                 ; 6       ;
;      - feistel_algo:decrypt2|f:key_gen[7].f_inst|xored[26]  ; 0                 ; 6       ;
;      - feistel_algo:decrypt2|f:key_gen[5].f_inst|xored[29]  ; 0                 ; 6       ;
;      - feistel_algo:decrypt2|f:key_gen[4].f_inst|xored[47]  ; 0                 ; 6       ;
;      - feistel_algo:decrypt2|f:key_gen[3].f_inst|xored[33]  ; 0                 ; 6       ;
;      - feistel_algo:decrypt2|f:key_gen[2].f_inst|xored[36]  ; 0                 ; 6       ;
;      - feistel_algo:decrypt2|f:key_gen[1].f_inst|xored[30]  ; 0                 ; 6       ;
;      - feistel_algo:decrypt2|f:key_gen[0].f_inst|xored[28]  ; 0                 ; 6       ;
;      - feistel_algo:decrypt2|R~3042                         ; 0                 ; 6       ;
; key2[28]                                                    ;                   ;         ;
;      - feistel_algo:decrypt2|f:key_gen[15].f_inst|xored[27] ; 1                 ; 6       ;
;      - feistel_algo:decrypt2|f:key_gen[14].f_inst|xored[31] ; 1                 ; 6       ;
;      - feistel_algo:decrypt2|f:key_gen[13].f_inst|xored[44] ; 1                 ; 6       ;
;      - feistel_algo:decrypt2|f:key_gen[11].f_inst|xored[26] ; 1                 ; 6       ;
;      - feistel_algo:decrypt2|f:key_gen[9].f_inst|xored[29]  ; 1                 ; 6       ;
;      - feistel_algo:decrypt2|f:key_gen[8].f_inst|xored[47]  ; 1                 ; 6       ;
;      - feistel_algo:decrypt2|f:key_gen[7].f_inst|xored[25]  ; 1                 ; 6       ;
;      - feistel_algo:decrypt2|f:key_gen[6].f_inst|xored[45]  ; 1                 ; 6       ;
;      - feistel_algo:decrypt2|f:key_gen[4].f_inst|xored[28]  ; 1                 ; 6       ;
;      - feistel_algo:decrypt2|f:key_gen[3].f_inst|xored[42]  ; 1                 ; 6       ;
;      - feistel_algo:decrypt2|f:key_gen[2].f_inst|xored[41]  ; 1                 ; 6       ;
;      - feistel_algo:decrypt2|f:key_gen[1].f_inst|xored[43]  ; 1                 ; 6       ;
;      - feistel_algo:decrypt2|f:key_gen[0].f_inst|xored[40]  ; 1                 ; 6       ;
;      - feistel_algo:decrypt2|R~3048                         ; 1                 ; 6       ;
; key2[5]                                                     ;                   ;         ;
;      - feistel_algo:decrypt2|f:key_gen[15].f_inst|xored[29] ; 0                 ; 6       ;
;      - feistel_algo:decrypt2|f:key_gen[14].f_inst|xored[39] ; 0                 ; 6       ;
;      - feistel_algo:decrypt2|f:key_gen[13].f_inst|xored[25] ; 0                 ; 6       ;
;      - feistel_algo:decrypt2|f:key_gen[12].f_inst|xored[45] ; 0                 ; 6       ;
;      - feistel_algo:decrypt2|f:key_gen[10].f_inst|xored[28] ; 0                 ; 6       ;
;      - feistel_algo:decrypt2|f:key_gen[9].f_inst|xored[42]  ; 0                 ; 6       ;
;      - feistel_algo:decrypt2|f:key_gen[8].f_inst|xored[41]  ; 0                 ; 6       ;
;      - feistel_algo:decrypt2|f:key_gen[7].f_inst|xored[24]  ; 0                 ; 6       ;
;      - feistel_algo:decrypt2|f:key_gen[6].f_inst|xored[40]  ; 0                 ; 6       ;
;      - feistel_algo:decrypt2|f:key_gen[5].f_inst|xored[31]  ; 0                 ; 6       ;
;      - feistel_algo:decrypt2|f:key_gen[4].f_inst|xored[44]  ; 0                 ; 6       ;
;      - feistel_algo:decrypt2|f:key_gen[2].f_inst|xored[26]  ; 0                 ; 6       ;
;      - feistel_algo:decrypt2|f:key_gen[0].f_inst|xored[46]  ; 0                 ; 6       ;
;      - feistel_algo:decrypt2|R~3042                         ; 0                 ; 6       ;
; key2[23]                                                    ;                   ;         ;
;      - feistel_algo:decrypt2|f:key_gen[15].f_inst|xored[24] ; 1                 ; 6       ;
;      - feistel_algo:decrypt2|f:key_gen[14].f_inst|xored[43] ; 1                 ; 6       ;
;      - feistel_algo:decrypt2|f:key_gen[13].f_inst|xored[27] ; 1                 ; 6       ;
;      - feistel_algo:decrypt2|f:key_gen[11].f_inst|xored[35] ; 1                 ; 6       ;
;      - feistel_algo:decrypt2|f:key_gen[10].f_inst|xored[37] ; 1                 ; 6       ;
;      - feistel_algo:decrypt2|f:key_gen[9].f_inst|xored[34]  ; 1                 ; 6       ;
;      - feistel_algo:decrypt2|f:key_gen[8].f_inst|xored[46]  ; 1                 ; 6       ;
;      - feistel_algo:decrypt2|f:key_gen[7].f_inst|xored[29]  ; 1                 ; 6       ;
;      - feistel_algo:decrypt2|f:key_gen[6].f_inst|xored[47]  ; 1                 ; 6       ;
;      - feistel_algo:decrypt2|f:key_gen[5].f_inst|xored[33]  ; 1                 ; 6       ;
;      - feistel_algo:decrypt2|f:key_gen[4].f_inst|xored[36]  ; 1                 ; 6       ;
;      - feistel_algo:decrypt2|f:key_gen[3].f_inst|xored[30]  ; 1                 ; 6       ;
;      - feistel_algo:decrypt2|f:key_gen[2].f_inst|xored[38]  ; 1                 ; 6       ;
;      - feistel_algo:decrypt2|f:key_gen[1].f_inst|xored[32]  ; 1                 ; 6       ;
;      - feistel_algo:decrypt2|f:key_gen[0].f_inst|xored[41]  ; 1                 ; 6       ;
;      - feistel_algo:decrypt2|R~3040                         ; 1                 ; 6       ;
;      - feistel_algo:decrypt2|R~3050                         ; 1                 ; 6       ;
; key2[46]                                                    ;                   ;         ;
;      - feistel_algo:decrypt2|f:key_gen[15].f_inst|xored[25] ; 0                 ; 6       ;
;      - feistel_algo:decrypt2|f:key_gen[14].f_inst|xored[33] ; 0                 ; 6       ;
;      - feistel_algo:decrypt2|f:key_gen[13].f_inst|xored[36] ; 0                 ; 6       ;
;      - feistel_algo:decrypt2|f:key_gen[12].f_inst|xored[30] ; 0                 ; 6       ;
;      - feistel_algo:decrypt2|f:key_gen[11].f_inst|xored[38] ; 0                 ; 6       ;
;      - feistel_algo:decrypt2|f:key_gen[10].f_inst|xored[32] ; 0                 ; 6       ;
;      - feistel_algo:decrypt2|f:key_gen[9].f_inst|xored[24]  ; 0                 ; 6       ;
;      - feistel_algo:decrypt2|f:key_gen[8].f_inst|xored[40]  ; 0                 ; 6       ;
;      - feistel_algo:decrypt2|f:key_gen[7].f_inst|xored[27]  ; 0                 ; 6       ;
;      - feistel_algo:decrypt2|f:key_gen[5].f_inst|xored[35]  ; 0                 ; 6       ;
;      - feistel_algo:decrypt2|f:key_gen[4].f_inst|xored[37]  ; 0                 ; 6       ;
;      - feistel_algo:decrypt2|f:key_gen[3].f_inst|xored[34]  ; 0                 ; 6       ;
;      - feistel_algo:decrypt2|f:key_gen[2].f_inst|xored[46]  ; 0                 ; 6       ;
;      - feistel_algo:decrypt2|f:key_gen[1].f_inst|xored[39]  ; 0                 ; 6       ;
;      - feistel_algo:decrypt2|f:key_gen[0].f_inst|xored[47]  ; 0                 ; 6       ;
;      - feistel_algo:decrypt2|R~2934                         ; 0                 ; 6       ;
;      - feistel_algo:decrypt2|R~3046                         ; 0                 ; 6       ;
; key2[37]                                                    ;                   ;         ;
;      - feistel_algo:decrypt2|f:key_gen[15].f_inst|xored[26] ; 0                 ; 6       ;
;      - feistel_algo:decrypt2|f:key_gen[14].f_inst|xored[34] ; 0                 ; 6       ;
;      - feistel_algo:decrypt2|f:key_gen[13].f_inst|xored[46] ; 0                 ; 6       ;
;      - feistel_algo:decrypt2|f:key_gen[12].f_inst|xored[39] ; 0                 ; 6       ;
;      - feistel_algo:decrypt2|f:key_gen[11].f_inst|xored[25] ; 0                 ; 6       ;
;      - feistel_algo:decrypt2|f:key_gen[10].f_inst|xored[45] ; 0                 ; 6       ;
;      - feistel_algo:decrypt2|f:key_gen[8].f_inst|xored[28]  ; 0                 ; 6       ;
;      - feistel_algo:decrypt2|f:key_gen[7].f_inst|xored[38]  ; 0                 ; 6       ;
;      - feistel_algo:decrypt2|f:key_gen[6].f_inst|xored[32]  ; 0                 ; 6       ;
;      - feistel_algo:decrypt2|f:key_gen[5].f_inst|xored[24]  ; 0                 ; 6       ;
;      - feistel_algo:decrypt2|f:key_gen[4].f_inst|xored[40]  ; 0                 ; 6       ;
;      - feistel_algo:decrypt2|f:key_gen[3].f_inst|xored[31]  ; 0                 ; 6       ;
;      - feistel_algo:decrypt2|f:key_gen[2].f_inst|xored[44]  ; 0                 ; 6       ;
;      - feistel_algo:decrypt2|f:key_gen[0].f_inst|xored[37]  ; 0                 ; 6       ;
;      - feistel_algo:decrypt2|R~3050                         ; 0                 ; 6       ;
; key2[63]                                                    ;                   ;         ;
;      - feistel_algo:decrypt2|f:key_gen[15].f_inst|xored[28] ; 0                 ; 6       ;
;      - feistel_algo:decrypt2|f:key_gen[14].f_inst|xored[38] ; 0                 ; 6       ;
;      - feistel_algo:decrypt2|f:key_gen[13].f_inst|xored[32] ; 0                 ; 6       ;
;      - feistel_algo:decrypt2|f:key_gen[12].f_inst|xored[24] ; 0                 ; 6       ;
;      - feistel_algo:decrypt2|f:key_gen[11].f_inst|xored[40] ; 0                 ; 6       ;
;      - feistel_algo:decrypt2|f:key_gen[10].f_inst|xored[31] ; 0                 ; 6       ;
;      - feistel_algo:decrypt2|f:key_gen[9].f_inst|xored[44]  ; 0                 ; 6       ;
;      - feistel_algo:decrypt2|f:key_gen[7].f_inst|xored[37]  ; 0                 ; 6       ;
;      - feistel_algo:decrypt2|f:key_gen[6].f_inst|xored[34]  ; 0                 ; 6       ;
;      - feistel_algo:decrypt2|f:key_gen[5].f_inst|xored[46]  ; 0                 ; 6       ;
;      - feistel_algo:decrypt2|f:key_gen[4].f_inst|xored[39]  ; 0                 ; 6       ;
;      - feistel_algo:decrypt2|f:key_gen[3].f_inst|xored[25]  ; 0                 ; 6       ;
;      - feistel_algo:decrypt2|f:key_gen[2].f_inst|xored[45]  ; 0                 ; 6       ;
;      - feistel_algo:decrypt2|f:key_gen[0].f_inst|xored[30]  ; 0                 ; 6       ;
;      - feistel_algo:decrypt2|R~3043                         ; 0                 ; 6       ;
; key2[51]                                                    ;                   ;         ;
;      - feistel_algo:decrypt2|f:key_gen[15].f_inst|xored[3]  ; 1                 ; 6       ;
;      - feistel_algo:decrypt2|f:key_gen[14].f_inst|xored[10] ; 1                 ; 6       ;
;      - feistel_algo:decrypt2|f:key_gen[13].f_inst|xored[19] ; 1                 ; 6       ;
;      - feistel_algo:decrypt2|f:key_gen[12].f_inst|xored[14] ; 1                 ; 6       ;
;      - feistel_algo:decrypt2|f:key_gen[10].f_inst|xored[23] ; 1                 ; 6       ;
;      - feistel_algo:decrypt2|f:key_gen[9].f_inst|xored[9]   ; 1                 ; 6       ;
;      - feistel_algo:decrypt2|f:key_gen[8].f_inst|xored[20]  ; 1                 ; 6       ;
;      - feistel_algo:decrypt2|f:key_gen[7].f_inst|xored[2]   ; 1                 ; 6       ;
;      - feistel_algo:decrypt2|f:key_gen[6].f_inst|xored[7]   ; 1                 ; 6       ;
;      - feistel_algo:decrypt2|f:key_gen[5].f_inst|xored[0]   ; 1                 ; 6       ;
;      - feistel_algo:decrypt2|f:key_gen[4].f_inst|xored[17]  ; 1                 ; 6       ;
;      - feistel_algo:decrypt2|f:key_gen[3].f_inst|xored[8]   ; 1                 ; 6       ;
;      - feistel_algo:decrypt2|f:key_gen[1].f_inst|xored[22]  ; 1                 ; 6       ;
;      - feistel_algo:decrypt2|f:key_gen[0].f_inst|xored[15]  ; 1                 ; 6       ;
;      - feistel_algo:decrypt2|R~2947                         ; 1                 ; 6       ;
;      - feistel_algo:decrypt2|R~2969                         ; 1                 ; 6       ;
;      - feistel_algo:decrypt2|R~2998                         ; 1                 ; 6       ;
; key2[2]                                                     ;                   ;         ;
;      - feistel_algo:decrypt2|f:key_gen[15].f_inst|xored[2]  ; 0                 ; 6       ;
;      - feistel_algo:decrypt2|f:key_gen[13].f_inst|xored[13] ; 0                 ; 6       ;
;      - feistel_algo:decrypt2|f:key_gen[12].f_inst|xored[21] ; 0                 ; 6       ;
;      - feistel_algo:decrypt2|f:key_gen[11].f_inst|xored[1]  ; 0                 ; 6       ;
;      - feistel_algo:decrypt2|f:key_gen[10].f_inst|xored[18] ; 0                 ; 6       ;
;      - feistel_algo:decrypt2|f:key_gen[9].f_inst|xored[6]   ; 0                 ; 6       ;
;      - feistel_algo:decrypt2|f:key_gen[8].f_inst|xored[15]  ; 0                 ; 6       ;
;      - feistel_algo:decrypt2|f:key_gen[7].f_inst|xored[3]   ; 0                 ; 6       ;
;      - feistel_algo:decrypt2|f:key_gen[6].f_inst|xored[12]  ; 0                 ; 6       ;
;      - feistel_algo:decrypt2|f:key_gen[5].f_inst|xored[5]   ; 0                 ; 6       ;
;      - feistel_algo:decrypt2|f:key_gen[4].f_inst|xored[11]  ; 0                 ; 6       ;
;      - feistel_algo:decrypt2|f:key_gen[3].f_inst|xored[4]   ; 0                 ; 6       ;
;      - feistel_algo:decrypt2|f:key_gen[2].f_inst|xored[16]  ; 0                 ; 6       ;
;      - feistel_algo:decrypt2|f:key_gen[0].f_inst|xored[20]  ; 0                 ; 6       ;
;      - feistel_algo:decrypt2|R~2953                         ; 0                 ; 6       ;
;      - feistel_algo:decrypt2|R~2988                         ; 0                 ; 6       ;
;      - feistel_algo:decrypt2|R~2993                         ; 0                 ; 6       ;
;      - feistel_algo:decrypt2|R~3018                         ; 0                 ; 6       ;
; key2[33]                                                    ;                   ;         ;
;      - feistel_algo:decrypt2|f:key_gen[15].f_inst|xored[0]  ; 0                 ; 6       ;
;      - feistel_algo:decrypt2|f:key_gen[14].f_inst|xored[21] ; 0                 ; 6       ;
;      - feistel_algo:decrypt2|f:key_gen[13].f_inst|xored[1]  ; 0                 ; 6       ;
;      - feistel_algo:decrypt2|f:key_gen[12].f_inst|xored[18] ; 0                 ; 6       ;
;      - feistel_algo:decrypt2|f:key_gen[11].f_inst|xored[6]  ; 0                 ; 6       ;
;      - feistel_algo:decrypt2|f:key_gen[10].f_inst|xored[15] ; 0                 ; 6       ;
;      - feistel_algo:decrypt2|f:key_gen[9].f_inst|xored[10]  ; 0                 ; 6       ;
;      - feistel_algo:decrypt2|f:key_gen[8].f_inst|xored[19]  ; 0                 ; 6       ;
;      - feistel_algo:decrypt2|f:key_gen[7].f_inst|xored[5]   ; 0                 ; 6       ;
;      - feistel_algo:decrypt2|f:key_gen[6].f_inst|xored[11]  ; 0                 ; 6       ;
;      - feistel_algo:decrypt2|f:key_gen[5].f_inst|xored[4]   ; 0                 ; 6       ;
;      - feistel_algo:decrypt2|f:key_gen[4].f_inst|xored[16]  ; 0                 ; 6       ;
;      - feistel_algo:decrypt2|f:key_gen[2].f_inst|xored[2]   ; 0                 ; 6       ;
;      - feistel_algo:decrypt2|f:key_gen[1].f_inst|xored[7]   ; 0                 ; 6       ;
;      - feistel_algo:decrypt2|f:key_gen[0].f_inst|xored[13]  ; 0                 ; 6       ;
;      - feistel_algo:decrypt2|R16~203                        ; 0                 ; 6       ;
;      - feistel_algo:decrypt2|R~2937                         ; 0                 ; 6       ;
;      - feistel_algo:decrypt2|R~3004                         ; 0                 ; 6       ;
;      - feistel_algo:decrypt2|R~3031                         ; 0                 ; 6       ;
; key2[9]                                                     ;                   ;         ;
;      - feistel_algo:decrypt2|f:key_gen[15].f_inst|xored[1]  ; 0                 ; 6       ;
;      - feistel_algo:decrypt2|f:key_gen[14].f_inst|xored[8]  ; 0                 ; 6       ;
;      - feistel_algo:decrypt2|f:key_gen[12].f_inst|xored[22] ; 0                 ; 6       ;
;      - feistel_algo:decrypt2|f:key_gen[11].f_inst|xored[3]  ; 0                 ; 6       ;
;      - feistel_algo:decrypt2|f:key_gen[10].f_inst|xored[12] ; 0                 ; 6       ;
;      - feistel_algo:decrypt2|f:key_gen[9].f_inst|xored[5]   ; 0                 ; 6       ;
;      - feistel_algo:decrypt2|f:key_gen[8].f_inst|xored[11]  ; 0                 ; 6       ;
;      - feistel_algo:decrypt2|f:key_gen[6].f_inst|xored[23]  ; 0                 ; 6       ;
;      - feistel_algo:decrypt2|f:key_gen[5].f_inst|xored[9]   ; 0                 ; 6       ;
;      - feistel_algo:decrypt2|f:key_gen[4].f_inst|xored[20]  ; 0                 ; 6       ;
;      - feistel_algo:decrypt2|f:key_gen[2].f_inst|xored[13]  ; 0                 ; 6       ;
;      - feistel_algo:decrypt2|f:key_gen[1].f_inst|xored[21]  ; 0                 ; 6       ;
;      - feistel_algo:decrypt2|f:key_gen[0].f_inst|xored[17]  ; 0                 ; 6       ;
;      - feistel_algo:decrypt2|R16~197                        ; 0                 ; 6       ;
;      - feistel_algo:decrypt2|R~2961                         ; 0                 ; 6       ;
;      - feistel_algo:decrypt2|R~2962                         ; 0                 ; 6       ;
;      - feistel_algo:decrypt2|R~2995                         ; 0                 ; 6       ;
;      - feistel_algo:decrypt2|R~3017                         ; 0                 ; 6       ;
; key2[50]                                                    ;                   ;         ;
;      - feistel_algo:decrypt2|f:key_gen[15].f_inst|xored[4]  ; 1                 ; 6       ;
;      - feistel_algo:decrypt2|f:key_gen[14].f_inst|xored[23] ; 1                 ; 6       ;
;      - feistel_algo:decrypt2|f:key_gen[13].f_inst|xored[9]  ; 1                 ; 6       ;
;      - feistel_algo:decrypt2|f:key_gen[12].f_inst|xored[20] ; 1                 ; 6       ;
;      - feistel_algo:decrypt2|f:key_gen[10].f_inst|xored[13] ; 1                 ; 6       ;
;      - feistel_algo:decrypt2|f:key_gen[9].f_inst|xored[21]  ; 1                 ; 6       ;
;      - feistel_algo:decrypt2|f:key_gen[8].f_inst|xored[1]   ; 1                 ; 6       ;
;      - feistel_algo:decrypt2|f:key_gen[7].f_inst|xored[8]   ; 1                 ; 6       ;
;      - feistel_algo:decrypt2|f:key_gen[5].f_inst|xored[22]  ; 1                 ; 6       ;
;      - feistel_algo:decrypt2|f:key_gen[4].f_inst|xored[3]   ; 1                 ; 6       ;
;      - feistel_algo:decrypt2|f:key_gen[3].f_inst|xored[12]  ; 1                 ; 6       ;
;      - feistel_algo:decrypt2|f:key_gen[2].f_inst|xored[5]   ; 1                 ; 6       ;
;      - feistel_algo:decrypt2|f:key_gen[1].f_inst|xored[11]  ; 1                 ; 6       ;
;      - feistel_algo:decrypt2|R~2944                         ; 1                 ; 6       ;
;      - feistel_algo:decrypt2|R~2963                         ; 1                 ; 6       ;
;      - feistel_algo:decrypt2|R~2975                         ; 1                 ; 6       ;
;      - feistel_algo:decrypt2|R~3010                         ; 1                 ; 6       ;
;      - feistel_algo:decrypt2|R~3012                         ; 1                 ; 6       ;
; key2[19]                                                    ;                   ;         ;
;      - feistel_algo:decrypt2|f:key_gen[15].f_inst|xored[5]  ; 1                 ; 6       ;
;      - feistel_algo:decrypt2|f:key_gen[14].f_inst|xored[14] ; 1                 ; 6       ;
;      - feistel_algo:decrypt2|f:key_gen[12].f_inst|xored[23] ; 1                 ; 6       ;
;      - feistel_algo:decrypt2|f:key_gen[11].f_inst|xored[9]  ; 1                 ; 6       ;
;      - feistel_algo:decrypt2|f:key_gen[10].f_inst|xored[20] ; 1                 ; 6       ;
;      - feistel_algo:decrypt2|f:key_gen[8].f_inst|xored[13]  ; 1                 ; 6       ;
;      - feistel_algo:decrypt2|f:key_gen[7].f_inst|xored[0]   ; 1                 ; 6       ;
;      - feistel_algo:decrypt2|f:key_gen[6].f_inst|xored[17]  ; 1                 ; 6       ;
;      - feistel_algo:decrypt2|f:key_gen[5].f_inst|xored[8]   ; 1                 ; 6       ;
;      - feistel_algo:decrypt2|f:key_gen[3].f_inst|xored[22]  ; 1                 ; 6       ;
;      - feistel_algo:decrypt2|f:key_gen[2].f_inst|xored[3]   ; 1                 ; 6       ;
;      - feistel_algo:decrypt2|f:key_gen[1].f_inst|xored[12]  ; 1                 ; 6       ;
;      - feistel_algo:decrypt2|f:key_gen[0].f_inst|xored[19]  ; 1                 ; 6       ;
;      - feistel_algo:decrypt2|R~2931                         ; 1                 ; 6       ;
;      - feistel_algo:decrypt2|R~2959                         ; 1                 ; 6       ;
;      - feistel_algo:decrypt2|R~2978                         ; 1                 ; 6       ;
;      - feistel_algo:decrypt2|R~2987                         ; 1                 ; 6       ;
;      - feistel_algo:decrypt2|R~3024                         ; 1                 ; 6       ;
;      - feistel_algo:decrypt2|R~3026                         ; 1                 ; 6       ;
; key2[41]                                                    ;                   ;         ;
;      - feistel_algo:decrypt2|f:key_gen[15].f_inst|xored[13] ; 0                 ; 6       ;
;      - feistel_algo:decrypt2|f:key_gen[14].f_inst|xored[0]  ; 0                 ; 6       ;
;      - feistel_algo:decrypt2|f:key_gen[13].f_inst|xored[17] ; 0                 ; 6       ;
;      - feistel_algo:decrypt2|f:key_gen[12].f_inst|xored[8]  ; 0                 ; 6       ;
;      - feistel_algo:decrypt2|f:key_gen[10].f_inst|xored[22] ; 0                 ; 6       ;
;      - feistel_algo:decrypt2|f:key_gen[9].f_inst|xored[3]   ; 0                 ; 6       ;
;      - feistel_algo:decrypt2|f:key_gen[8].f_inst|xored[12]  ; 0                 ; 6       ;
;      - feistel_algo:decrypt2|f:key_gen[7].f_inst|xored[19]  ; 0                 ; 6       ;
;      - feistel_algo:decrypt2|f:key_gen[6].f_inst|xored[14]  ; 0                 ; 6       ;
;      - feistel_algo:decrypt2|f:key_gen[4].f_inst|xored[23]  ; 0                 ; 6       ;
;      - feistel_algo:decrypt2|f:key_gen[3].f_inst|xored[9]   ; 0                 ; 6       ;
;      - feistel_algo:decrypt2|f:key_gen[2].f_inst|xored[20]  ; 0                 ; 6       ;
;      - feistel_algo:decrypt2|f:key_gen[0].f_inst|xored[7]   ; 0                 ; 6       ;
;      - feistel_algo:decrypt2|R~2935                         ; 0                 ; 6       ;
;      - feistel_algo:decrypt2|R~2976                         ; 0                 ; 6       ;
;      - feistel_algo:decrypt2|R~2977                         ; 0                 ; 6       ;
;      - feistel_algo:decrypt2|R~3011                         ; 0                 ; 6       ;
;      - feistel_algo:decrypt2|R~3038                         ; 0                 ; 6       ;
; key2[11]                                                    ;                   ;         ;
;      - feistel_algo:decrypt2|f:key_gen[15].f_inst|xored[14] ; 0                 ; 6       ;
;      - feistel_algo:decrypt2|f:key_gen[14].f_inst|xored[11] ; 0                 ; 6       ;
;      - feistel_algo:decrypt2|f:key_gen[13].f_inst|xored[4]  ; 0                 ; 6       ;
;      - feistel_algo:decrypt2|f:key_gen[12].f_inst|xored[16] ; 0                 ; 6       ;
;      - feistel_algo:decrypt2|f:key_gen[10].f_inst|xored[2]  ; 0                 ; 6       ;
;      - feistel_algo:decrypt2|f:key_gen[9].f_inst|xored[7]   ; 0                 ; 6       ;
;      - feistel_algo:decrypt2|f:key_gen[8].f_inst|xored[0]   ; 0                 ; 6       ;
;      - feistel_algo:decrypt2|f:key_gen[7].f_inst|xored[21]  ; 0                 ; 6       ;
;      - feistel_algo:decrypt2|f:key_gen[6].f_inst|xored[1]   ; 0                 ; 6       ;
;      - feistel_algo:decrypt2|f:key_gen[5].f_inst|xored[18]  ; 0                 ; 6       ;
;      - feistel_algo:decrypt2|f:key_gen[4].f_inst|xored[6]   ; 0                 ; 6       ;
;      - feistel_algo:decrypt2|f:key_gen[3].f_inst|xored[15]  ; 0                 ; 6       ;
;      - feistel_algo:decrypt2|f:key_gen[2].f_inst|xored[10]  ; 0                 ; 6       ;
;      - feistel_algo:decrypt2|f:key_gen[1].f_inst|xored[19]  ; 0                 ; 6       ;
;      - feistel_algo:decrypt2|f:key_gen[0].f_inst|xored[5]   ; 0                 ; 6       ;
;      - feistel_algo:decrypt2|R16~198                        ; 0                 ; 6       ;
;      - feistel_algo:decrypt2|R~2974                         ; 0                 ; 6       ;
;      - feistel_algo:decrypt2|R~2992                         ; 0                 ; 6       ;
; key2[17]                                                    ;                   ;         ;
;      - feistel_algo:decrypt2|f:key_gen[15].f_inst|xored[17] ; 0                 ; 6       ;
;      - feistel_algo:decrypt2|f:key_gen[14].f_inst|xored[1]  ; 0                 ; 6       ;
;      - feistel_algo:decrypt2|f:key_gen[13].f_inst|xored[18] ; 0                 ; 6       ;
;      - feistel_algo:decrypt2|f:key_gen[12].f_inst|xored[6]  ; 0                 ; 6       ;
;      - feistel_algo:decrypt2|f:key_gen[11].f_inst|xored[15] ; 0                 ; 6       ;
;      - feistel_algo:decrypt2|f:key_gen[10].f_inst|xored[10] ; 0                 ; 6       ;
;      - feistel_algo:decrypt2|f:key_gen[9].f_inst|xored[19]  ; 0                 ; 6       ;
;      - feistel_algo:decrypt2|f:key_gen[8].f_inst|xored[14]  ; 0                 ; 6       ;
;      - feistel_algo:decrypt2|f:key_gen[7].f_inst|xored[11]  ; 0                 ; 6       ;
;      - feistel_algo:decrypt2|f:key_gen[6].f_inst|xored[4]   ; 0                 ; 6       ;
;      - feistel_algo:decrypt2|f:key_gen[5].f_inst|xored[16]  ; 0                 ; 6       ;
;      - feistel_algo:decrypt2|f:key_gen[3].f_inst|xored[2]   ; 0                 ; 6       ;
;      - feistel_algo:decrypt2|f:key_gen[2].f_inst|xored[7]   ; 0                 ; 6       ;
;      - feistel_algo:decrypt2|f:key_gen[1].f_inst|xored[0]   ; 0                 ; 6       ;
;      - feistel_algo:decrypt2|f:key_gen[0].f_inst|xored[21]  ; 0                 ; 6       ;
;      - feistel_algo:decrypt2|R~2932                         ; 0                 ; 6       ;
;      - feistel_algo:decrypt2|R~2950                         ; 0                 ; 6       ;
;      - feistel_algo:decrypt2|R~3001                         ; 0                 ; 6       ;
;      - feistel_algo:decrypt2|R~3029                         ; 0                 ; 6       ;
; key2[35]                                                    ;                   ;         ;
;      - feistel_algo:decrypt2|f:key_gen[15].f_inst|xored[12] ; 1                 ; 6       ;
;      - feistel_algo:decrypt2|f:key_gen[14].f_inst|xored[19] ; 1                 ; 6       ;
;      - feistel_algo:decrypt2|f:key_gen[13].f_inst|xored[14] ; 1                 ; 6       ;
;      - feistel_algo:decrypt2|f:key_gen[11].f_inst|xored[23] ; 1                 ; 6       ;
;      - feistel_algo:decrypt2|f:key_gen[10].f_inst|xored[9]  ; 1                 ; 6       ;
;      - feistel_algo:decrypt2|f:key_gen[9].f_inst|xored[20]  ; 1                 ; 6       ;
;      - feistel_algo:decrypt2|f:key_gen[7].f_inst|xored[7]   ; 1                 ; 6       ;
;      - feistel_algo:decrypt2|f:key_gen[6].f_inst|xored[0]   ; 1                 ; 6       ;
;      - feistel_algo:decrypt2|f:key_gen[5].f_inst|xored[17]  ; 1                 ; 6       ;
;      - feistel_algo:decrypt2|f:key_gen[4].f_inst|xored[8]   ; 1                 ; 6       ;
;      - feistel_algo:decrypt2|f:key_gen[2].f_inst|xored[22]  ; 1                 ; 6       ;
;      - feistel_algo:decrypt2|f:key_gen[1].f_inst|xored[3]   ; 1                 ; 6       ;
;      - feistel_algo:decrypt2|f:key_gen[0].f_inst|xored[10]  ; 1                 ; 6       ;
;      - feistel_algo:decrypt2|R~2938                         ; 1                 ; 6       ;
;      - feistel_algo:decrypt2|R~2966                         ; 1                 ; 6       ;
;      - feistel_algo:decrypt2|R~2991                         ; 1                 ; 6       ;
; key2[59]                                                    ;                   ;         ;
;      - feistel_algo:decrypt2|f:key_gen[15].f_inst|xored[15] ; 1                 ; 6       ;
;      - feistel_algo:decrypt2|f:key_gen[14].f_inst|xored[3]  ; 1                 ; 6       ;
;      - feistel_algo:decrypt2|f:key_gen[13].f_inst|xored[12] ; 1                 ; 6       ;
;      - feistel_algo:decrypt2|f:key_gen[12].f_inst|xored[5]  ; 1                 ; 6       ;
;      - feistel_algo:decrypt2|f:key_gen[11].f_inst|xored[11] ; 1                 ; 6       ;
;      - feistel_algo:decrypt2|f:key_gen[10].f_inst|xored[4]  ; 1                 ; 6       ;
;      - feistel_algo:decrypt2|f:key_gen[9].f_inst|xored[16]  ; 1                 ; 6       ;
;      - feistel_algo:decrypt2|f:key_gen[7].f_inst|xored[20]  ; 1                 ; 6       ;
;      - feistel_algo:decrypt2|f:key_gen[5].f_inst|xored[13]  ; 1                 ; 6       ;
;      - feistel_algo:decrypt2|f:key_gen[4].f_inst|xored[21]  ; 1                 ; 6       ;
;      - feistel_algo:decrypt2|f:key_gen[3].f_inst|xored[1]   ; 1                 ; 6       ;
;      - feistel_algo:decrypt2|f:key_gen[2].f_inst|xored[18]  ; 1                 ; 6       ;
;      - feistel_algo:decrypt2|f:key_gen[1].f_inst|xored[6]   ; 1                 ; 6       ;
;      - feistel_algo:decrypt2|f:key_gen[0].f_inst|xored[22]  ; 1                 ; 6       ;
;      - feistel_algo:decrypt2|R~2973                         ; 1                 ; 6       ;
;      - feistel_algo:decrypt2|R~3000                         ; 1                 ; 6       ;
;      - feistel_algo:decrypt2|R~3009                         ; 1                 ; 6       ;
; key2[34]                                                    ;                   ;         ;
;      - feistel_algo:decrypt2|f:key_gen[15].f_inst|xored[16] ; 1                 ; 6       ;
;      - feistel_algo:decrypt2|f:key_gen[14].f_inst|xored[9]  ; 1                 ; 6       ;
;      - feistel_algo:decrypt2|f:key_gen[13].f_inst|xored[20] ; 1                 ; 6       ;
;      - feistel_algo:decrypt2|f:key_gen[11].f_inst|xored[13] ; 1                 ; 6       ;
;      - feistel_algo:decrypt2|f:key_gen[10].f_inst|xored[21] ; 1                 ; 6       ;
;      - feistel_algo:decrypt2|f:key_gen[9].f_inst|xored[1]   ; 1                 ; 6       ;
;      - feistel_algo:decrypt2|f:key_gen[8].f_inst|xored[18]  ; 1                 ; 6       ;
;      - feistel_algo:decrypt2|f:key_gen[6].f_inst|xored[22]  ; 1                 ; 6       ;
;      - feistel_algo:decrypt2|f:key_gen[5].f_inst|xored[3]   ; 1                 ; 6       ;
;      - feistel_algo:decrypt2|f:key_gen[4].f_inst|xored[12]  ; 1                 ; 6       ;
;      - feistel_algo:decrypt2|f:key_gen[3].f_inst|xored[5]   ; 1                 ; 6       ;
;      - feistel_algo:decrypt2|f:key_gen[2].f_inst|xored[11]  ; 1                 ; 6       ;
;      - feistel_algo:decrypt2|f:key_gen[1].f_inst|xored[4]   ; 1                 ; 6       ;
;      - feistel_algo:decrypt2|f:key_gen[0].f_inst|xored[23]  ; 1                 ; 6       ;
;      - feistel_algo:decrypt2|R~2957                         ; 1                 ; 6       ;
;      - feistel_algo:decrypt2|R~2968                         ; 1                 ; 6       ;
;      - feistel_algo:decrypt2|R~3002                         ; 1                 ; 6       ;
;      - feistel_algo:decrypt2|R~3006                         ; 1                 ; 6       ;
; key2[43]                                                    ;                   ;         ;
;      - feistel_algo:decrypt2|f:key_gen[15].f_inst|xored[10] ; 1                 ; 6       ;
;      - feistel_algo:decrypt2|f:key_gen[14].f_inst|xored[12] ; 1                 ; 6       ;
;      - feistel_algo:decrypt2|f:key_gen[13].f_inst|xored[5]  ; 1                 ; 6       ;
;      - feistel_algo:decrypt2|f:key_gen[12].f_inst|xored[11] ; 1                 ; 6       ;
;      - feistel_algo:decrypt2|f:key_gen[11].f_inst|xored[4]  ; 1                 ; 6       ;
;      - feistel_algo:decrypt2|f:key_gen[10].f_inst|xored[16] ; 1                 ; 6       ;
;      - feistel_algo:decrypt2|f:key_gen[8].f_inst|xored[2]   ; 1                 ; 6       ;
;      - feistel_algo:decrypt2|f:key_gen[6].f_inst|xored[13]  ; 1                 ; 6       ;
;      - feistel_algo:decrypt2|f:key_gen[5].f_inst|xored[21]  ; 1                 ; 6       ;
;      - feistel_algo:decrypt2|f:key_gen[4].f_inst|xored[1]   ; 1                 ; 6       ;
;      - feistel_algo:decrypt2|f:key_gen[3].f_inst|xored[18]  ; 1                 ; 6       ;
;      - feistel_algo:decrypt2|f:key_gen[2].f_inst|xored[6]   ; 1                 ; 6       ;
;      - feistel_algo:decrypt2|f:key_gen[1].f_inst|xored[15]  ; 1                 ; 6       ;
;      - feistel_algo:decrypt2|f:key_gen[0].f_inst|xored[3]   ; 1                 ; 6       ;
;      - feistel_algo:decrypt2|R~2964                         ; 1                 ; 6       ;
;      - feistel_algo:decrypt2|R~2989                         ; 1                 ; 6       ;
;      - feistel_algo:decrypt2|R~3005                         ; 1                 ; 6       ;
;      - feistel_algo:decrypt2|R16~205                        ; 1                 ; 6       ;
; key2[1]                                                     ;                   ;         ;
;      - feistel_algo:decrypt2|f:key_gen[15].f_inst|xored[8]  ; 1                 ; 6       ;
;      - feistel_algo:decrypt2|f:key_gen[14].f_inst|xored[18] ; 1                 ; 6       ;
;      - feistel_algo:decrypt2|f:key_gen[13].f_inst|xored[6]  ; 1                 ; 6       ;
;      - feistel_algo:decrypt2|f:key_gen[12].f_inst|xored[15] ; 1                 ; 6       ;
;      - feistel_algo:decrypt2|f:key_gen[11].f_inst|xored[10] ; 1                 ; 6       ;
;      - feistel_algo:decrypt2|f:key_gen[10].f_inst|xored[19] ; 1                 ; 6       ;
;      - feistel_algo:decrypt2|f:key_gen[9].f_inst|xored[14]  ; 1                 ; 6       ;
;      - feistel_algo:decrypt2|f:key_gen[7].f_inst|xored[4]   ; 1                 ; 6       ;
;      - feistel_algo:decrypt2|f:key_gen[6].f_inst|xored[16]  ; 1                 ; 6       ;
;      - feistel_algo:decrypt2|f:key_gen[4].f_inst|xored[2]   ; 1                 ; 6       ;
;      - feistel_algo:decrypt2|f:key_gen[3].f_inst|xored[7]   ; 1                 ; 6       ;
;      - feistel_algo:decrypt2|f:key_gen[2].f_inst|xored[0]   ; 1                 ; 6       ;
;      - feistel_algo:decrypt2|f:key_gen[1].f_inst|xored[17]  ; 1                 ; 6       ;
;      - feistel_algo:decrypt2|f:key_gen[0].f_inst|xored[1]   ; 1                 ; 6       ;
;      - feistel_algo:decrypt2|R~2940                         ; 1                 ; 6       ;
;      - feistel_algo:decrypt2|R~2990                         ; 1                 ; 6       ;
;      - feistel_algo:decrypt2|R~3022                         ; 1                 ; 6       ;
;      - feistel_algo:decrypt2|R~3033                         ; 1                 ; 6       ;
;      - feistel_algo:decrypt2|R16~205                        ; 1                 ; 6       ;
; key2[44]                                                    ;                   ;         ;
;      - feistel_algo:decrypt2|f:key_gen[15].f_inst|xored[6]  ; 0                 ; 6       ;
;      - feistel_algo:decrypt2|f:key_gen[14].f_inst|xored[22] ; 0                 ; 6       ;
;      - feistel_algo:decrypt2|f:key_gen[13].f_inst|xored[3]  ; 0                 ; 6       ;
;      - feistel_algo:decrypt2|f:key_gen[12].f_inst|xored[12] ; 0                 ; 6       ;
;      - feistel_algo:decrypt2|f:key_gen[11].f_inst|xored[5]  ; 0                 ; 6       ;
;      - feistel_algo:decrypt2|f:key_gen[10].f_inst|xored[11] ; 0                 ; 6       ;
;      - feistel_algo:decrypt2|f:key_gen[9].f_inst|xored[4]   ; 0                 ; 6       ;
;      - feistel_algo:decrypt2|f:key_gen[8].f_inst|xored[16]  ; 0                 ; 6       ;
;      - feistel_algo:decrypt2|f:key_gen[7].f_inst|xored[9]   ; 0                 ; 6       ;
;      - feistel_algo:decrypt2|f:key_gen[6].f_inst|xored[20]  ; 0                 ; 6       ;
;      - feistel_algo:decrypt2|f:key_gen[4].f_inst|xored[13]  ; 0                 ; 6       ;
;      - feistel_algo:decrypt2|f:key_gen[3].f_inst|xored[21]  ; 0                 ; 6       ;
;      - feistel_algo:decrypt2|f:key_gen[2].f_inst|xored[1]   ; 0                 ; 6       ;
;      - feistel_algo:decrypt2|f:key_gen[1].f_inst|xored[18]  ; 0                 ; 6       ;
;      - feistel_algo:decrypt2|R16~200                        ; 0                 ; 6       ;
;      - feistel_algo:decrypt2|R~2979                         ; 0                 ; 6       ;
;      - feistel_algo:decrypt2|R~2985                         ; 0                 ; 6       ;
;      - feistel_algo:decrypt2|R~3003                         ; 0                 ; 6       ;
;      - feistel_algo:decrypt2|R~3019                         ; 0                 ; 6       ;
; key2[49]                                                    ;                   ;         ;
;      - feistel_algo:decrypt2|f:key_gen[15].f_inst|xored[7]  ; 1                 ; 6       ;
;      - feistel_algo:decrypt2|f:key_gen[14].f_inst|xored[13] ; 1                 ; 6       ;
;      - feistel_algo:decrypt2|f:key_gen[13].f_inst|xored[21] ; 1                 ; 6       ;
;      - feistel_algo:decrypt2|f:key_gen[12].f_inst|xored[1]  ; 1                 ; 6       ;
;      - feistel_algo:decrypt2|f:key_gen[11].f_inst|xored[18] ; 1                 ; 6       ;
;      - feistel_algo:decrypt2|f:key_gen[10].f_inst|xored[6]  ; 1                 ; 6       ;
;      - feistel_algo:decrypt2|f:key_gen[9].f_inst|xored[15]  ; 1                 ; 6       ;
;      - feistel_algo:decrypt2|f:key_gen[8].f_inst|xored[10]  ; 1                 ; 6       ;
;      - feistel_algo:decrypt2|f:key_gen[7].f_inst|xored[12]  ; 1                 ; 6       ;
;      - feistel_algo:decrypt2|f:key_gen[6].f_inst|xored[5]   ; 1                 ; 6       ;
;      - feistel_algo:decrypt2|f:key_gen[5].f_inst|xored[11]  ; 1                 ; 6       ;
;      - feistel_algo:decrypt2|f:key_gen[4].f_inst|xored[4]   ; 1                 ; 6       ;
;      - feistel_algo:decrypt2|f:key_gen[3].f_inst|xored[16]  ; 1                 ; 6       ;
;      - feistel_algo:decrypt2|f:key_gen[1].f_inst|xored[2]   ; 1                 ; 6       ;
;      - feistel_algo:decrypt2|R~2945                         ; 1                 ; 6       ;
;      - feistel_algo:decrypt2|R~2981                         ; 1                 ; 6       ;
;      - feistel_algo:decrypt2|R~2984                         ; 1                 ; 6       ;
;      - feistel_algo:decrypt2|R~3014                         ; 1                 ; 6       ;
; key2[3]                                                     ;                   ;         ;
;      - feistel_algo:decrypt2|f:key_gen[15].f_inst|xored[11] ; 0                 ; 6       ;
;      - feistel_algo:decrypt2|f:key_gen[13].f_inst|xored[23] ; 0                 ; 6       ;
;      - feistel_algo:decrypt2|f:key_gen[12].f_inst|xored[9]  ; 0                 ; 6       ;
;      - feistel_algo:decrypt2|f:key_gen[11].f_inst|xored[20] ; 0                 ; 6       ;
;      - feistel_algo:decrypt2|f:key_gen[9].f_inst|xored[13]  ; 0                 ; 6       ;
;      - feistel_algo:decrypt2|f:key_gen[8].f_inst|xored[21]  ; 0                 ; 6       ;
;      - feistel_algo:decrypt2|f:key_gen[7].f_inst|xored[17]  ; 0                 ; 6       ;
;      - feistel_algo:decrypt2|f:key_gen[6].f_inst|xored[8]   ; 0                 ; 6       ;
;      - feistel_algo:decrypt2|f:key_gen[4].f_inst|xored[22]  ; 0                 ; 6       ;
;      - feistel_algo:decrypt2|f:key_gen[3].f_inst|xored[3]   ; 0                 ; 6       ;
;      - feistel_algo:decrypt2|f:key_gen[2].f_inst|xored[12]  ; 0                 ; 6       ;
;      - feistel_algo:decrypt2|f:key_gen[1].f_inst|xored[5]   ; 0                 ; 6       ;
;      - feistel_algo:decrypt2|f:key_gen[0].f_inst|xored[14]  ; 0                 ; 6       ;
;      - feistel_algo:decrypt2|R~2946                         ; 0                 ; 6       ;
;      - feistel_algo:decrypt2|R~2972                         ; 0                 ; 6       ;
;      - feistel_algo:decrypt2|R~3016                         ; 0                 ; 6       ;
;      - feistel_algo:decrypt2|R~3020                         ; 0                 ; 6       ;
; key2[26]                                                    ;                   ;         ;
;      - feistel_algo:decrypt2|f:key_gen[15].f_inst|xored[9]  ; 0                 ; 6       ;
;      - feistel_algo:decrypt2|f:key_gen[13].f_inst|xored[2]  ; 0                 ; 6       ;
;      - feistel_algo:decrypt2|f:key_gen[12].f_inst|xored[7]  ; 0                 ; 6       ;
;      - feistel_algo:decrypt2|f:key_gen[11].f_inst|xored[0]  ; 0                 ; 6       ;
;      - feistel_algo:decrypt2|f:key_gen[10].f_inst|xored[17] ; 0                 ; 6       ;
;      - feistel_algo:decrypt2|f:key_gen[9].f_inst|xored[8]   ; 0                 ; 6       ;
;      - feistel_algo:decrypt2|f:key_gen[7].f_inst|xored[6]   ; 0                 ; 6       ;
;      - feistel_algo:decrypt2|f:key_gen[6].f_inst|xored[15]  ; 0                 ; 6       ;
;      - feistel_algo:decrypt2|f:key_gen[5].f_inst|xored[10]  ; 0                 ; 6       ;
;      - feistel_algo:decrypt2|f:key_gen[4].f_inst|xored[19]  ; 0                 ; 6       ;
;      - feistel_algo:decrypt2|f:key_gen[3].f_inst|xored[14]  ; 0                 ; 6       ;
;      - feistel_algo:decrypt2|f:key_gen[1].f_inst|xored[23]  ; 0                 ; 6       ;
;      - feistel_algo:decrypt2|f:key_gen[0].f_inst|xored[16]  ; 0                 ; 6       ;
;      - feistel_algo:decrypt2|R16~204                        ; 0                 ; 6       ;
;      - feistel_algo:decrypt2|R~2955                         ; 0                 ; 6       ;
;      - feistel_algo:decrypt2|R~3032                         ; 0                 ; 6       ;
; key2[60]                                                    ;                   ;         ;
;      - feistel_algo:decrypt2|f:key_gen[15].f_inst|xored[18] ; 1                 ; 6       ;
;      - feistel_algo:decrypt2|f:key_gen[13].f_inst|xored[22] ; 1                 ; 6       ;
;      - feistel_algo:decrypt2|f:key_gen[12].f_inst|xored[3]  ; 1                 ; 6       ;
;      - feistel_algo:decrypt2|f:key_gen[11].f_inst|xored[12] ; 1                 ; 6       ;
;      - feistel_algo:decrypt2|f:key_gen[10].f_inst|xored[5]  ; 1                 ; 6       ;
;      - feistel_algo:decrypt2|f:key_gen[9].f_inst|xored[11]  ; 1                 ; 6       ;
;      - feistel_algo:decrypt2|f:key_gen[8].f_inst|xored[4]   ; 1                 ; 6       ;
;      - feistel_algo:decrypt2|f:key_gen[7].f_inst|xored[23]  ; 1                 ; 6       ;
;      - feistel_algo:decrypt2|f:key_gen[6].f_inst|xored[9]   ; 1                 ; 6       ;
;      - feistel_algo:decrypt2|f:key_gen[5].f_inst|xored[20]  ; 1                 ; 6       ;
;      - feistel_algo:decrypt2|f:key_gen[3].f_inst|xored[13]  ; 1                 ; 6       ;
;      - feistel_algo:decrypt2|f:key_gen[2].f_inst|xored[21]  ; 1                 ; 6       ;
;      - feistel_algo:decrypt2|f:key_gen[1].f_inst|xored[1]   ; 1                 ; 6       ;
;      - feistel_algo:decrypt2|f:key_gen[0].f_inst|xored[8]   ; 1                 ; 6       ;
;      - feistel_algo:decrypt2|R~2954                         ; 1                 ; 6       ;
;      - feistel_algo:decrypt2|R~2956                         ; 1                 ; 6       ;
;      - feistel_algo:decrypt2|R~2994                         ; 1                 ; 6       ;
;      - feistel_algo:decrypt2|R~3013                         ; 1                 ; 6       ;
;      - feistel_algo:decrypt2|R~3023                         ; 1                 ; 6       ;
; key2[42]                                                    ;                   ;         ;
;      - feistel_algo:decrypt2|f:key_gen[15].f_inst|xored[23] ; 1                 ; 6       ;
;      - feistel_algo:decrypt2|f:key_gen[14].f_inst|xored[16] ; 1                 ; 6       ;
;      - feistel_algo:decrypt2|f:key_gen[12].f_inst|xored[2]  ; 1                 ; 6       ;
;      - feistel_algo:decrypt2|f:key_gen[11].f_inst|xored[7]  ; 1                 ; 6       ;
;      - feistel_algo:decrypt2|f:key_gen[10].f_inst|xored[0]  ; 1                 ; 6       ;
;      - feistel_algo:decrypt2|f:key_gen[9].f_inst|xored[17]  ; 1                 ; 6       ;
;      - feistel_algo:decrypt2|f:key_gen[8].f_inst|xored[8]   ; 1                 ; 6       ;
;      - feistel_algo:decrypt2|f:key_gen[7].f_inst|xored[18]  ; 1                 ; 6       ;
;      - feistel_algo:decrypt2|f:key_gen[6].f_inst|xored[6]   ; 1                 ; 6       ;
;      - feistel_algo:decrypt2|f:key_gen[5].f_inst|xored[15]  ; 1                 ; 6       ;
;      - feistel_algo:decrypt2|f:key_gen[4].f_inst|xored[10]  ; 1                 ; 6       ;
;      - feistel_algo:decrypt2|f:key_gen[3].f_inst|xored[19]  ; 1                 ; 6       ;
;      - feistel_algo:decrypt2|f:key_gen[2].f_inst|xored[14]  ; 1                 ; 6       ;
;      - feistel_algo:decrypt2|f:key_gen[0].f_inst|xored[4]   ; 1                 ; 6       ;
;      - feistel_algo:decrypt2|R~2965                         ; 1                 ; 6       ;
; key2[10]                                                    ;                   ;         ;
;      - feistel_algo:decrypt2|f:key_gen[15].f_inst|xored[20] ; 0                 ; 6       ;
;      - feistel_algo:decrypt2|f:key_gen[14].f_inst|xored[2]  ; 0                 ; 6       ;
;      - feistel_algo:decrypt2|f:key_gen[13].f_inst|xored[7]  ; 0                 ; 6       ;
;      - feistel_algo:decrypt2|f:key_gen[12].f_inst|xored[0]  ; 0                 ; 6       ;
;      - feistel_algo:decrypt2|f:key_gen[11].f_inst|xored[17] ; 0                 ; 6       ;
;      - feistel_algo:decrypt2|f:key_gen[10].f_inst|xored[8]  ; 0                 ; 6       ;
;      - feistel_algo:decrypt2|f:key_gen[8].f_inst|xored[22]  ; 0                 ; 6       ;
;      - feistel_algo:decrypt2|f:key_gen[7].f_inst|xored[15]  ; 0                 ; 6       ;
;      - feistel_algo:decrypt2|f:key_gen[6].f_inst|xored[10]  ; 0                 ; 6       ;
;      - feistel_algo:decrypt2|f:key_gen[5].f_inst|xored[19]  ; 0                 ; 6       ;
;      - feistel_algo:decrypt2|f:key_gen[4].f_inst|xored[14]  ; 0                 ; 6       ;
;      - feistel_algo:decrypt2|f:key_gen[2].f_inst|xored[23]  ; 0                 ; 6       ;
;      - feistel_algo:decrypt2|f:key_gen[1].f_inst|xored[9]   ; 0                 ; 6       ;
;      - feistel_algo:decrypt2|R~2951                         ; 0                 ; 6       ;
;      - feistel_algo:decrypt2|R~3025                         ; 0                 ; 6       ;
; key2[25]                                                    ;                   ;         ;
;      - feistel_algo:decrypt2|f:key_gen[15].f_inst|xored[21] ; 1                 ; 6       ;
;      - feistel_algo:decrypt2|f:key_gen[14].f_inst|xored[17] ; 1                 ; 6       ;
;      - feistel_algo:decrypt2|f:key_gen[13].f_inst|xored[8]  ; 1                 ; 6       ;
;      - feistel_algo:decrypt2|f:key_gen[11].f_inst|xored[22] ; 1                 ; 6       ;
;      - feistel_algo:decrypt2|f:key_gen[10].f_inst|xored[3]  ; 1                 ; 6       ;
;      - feistel_algo:decrypt2|f:key_gen[9].f_inst|xored[12]  ; 1                 ; 6       ;
;      - feistel_algo:decrypt2|f:key_gen[8].f_inst|xored[5]   ; 1                 ; 6       ;
;      - feistel_algo:decrypt2|f:key_gen[7].f_inst|xored[14]  ; 1                 ; 6       ;
;      - feistel_algo:decrypt2|f:key_gen[5].f_inst|xored[23]  ; 1                 ; 6       ;
;      - feistel_algo:decrypt2|f:key_gen[4].f_inst|xored[9]   ; 1                 ; 6       ;
;      - feistel_algo:decrypt2|f:key_gen[3].f_inst|xored[20]  ; 1                 ; 6       ;
;      - feistel_algo:decrypt2|f:key_gen[1].f_inst|xored[13]  ; 1                 ; 6       ;
;      - feistel_algo:decrypt2|f:key_gen[0].f_inst|xored[0]   ; 1                 ; 6       ;
;      - feistel_algo:decrypt2|R~2970                         ; 1                 ; 6       ;
;      - feistel_algo:decrypt2|R~2971                         ; 1                 ; 6       ;
;      - feistel_algo:decrypt2|R~3007                         ; 1                 ; 6       ;
;      - feistel_algo:decrypt2|R~3027                         ; 1                 ; 6       ;
;      - feistel_algo:decrypt2|R~3036                         ; 1                 ; 6       ;
;      - feistel_algo:decrypt2|R~3037                         ; 1                 ; 6       ;
; key2[27]                                                    ;                   ;         ;
;      - feistel_algo:decrypt2|f:key_gen[15].f_inst|xored[19] ; 0                 ; 6       ;
;      - feistel_algo:decrypt2|f:key_gen[14].f_inst|xored[5]  ; 0                 ; 6       ;
;      - feistel_algo:decrypt2|f:key_gen[13].f_inst|xored[11] ; 0                 ; 6       ;
;      - feistel_algo:decrypt2|f:key_gen[12].f_inst|xored[4]  ; 0                 ; 6       ;
;      - feistel_algo:decrypt2|f:key_gen[11].f_inst|xored[16] ; 0                 ; 6       ;
;      - feistel_algo:decrypt2|f:key_gen[9].f_inst|xored[2]   ; 0                 ; 6       ;
;      - feistel_algo:decrypt2|f:key_gen[8].f_inst|xored[7]   ; 0                 ; 6       ;
;      - feistel_algo:decrypt2|f:key_gen[7].f_inst|xored[13]  ; 0                 ; 6       ;
;      - feistel_algo:decrypt2|f:key_gen[6].f_inst|xored[21]  ; 0                 ; 6       ;
;      - feistel_algo:decrypt2|f:key_gen[5].f_inst|xored[1]   ; 0                 ; 6       ;
;      - feistel_algo:decrypt2|f:key_gen[4].f_inst|xored[18]  ; 0                 ; 6       ;
;      - feistel_algo:decrypt2|f:key_gen[3].f_inst|xored[6]   ; 0                 ; 6       ;
;      - feistel_algo:decrypt2|f:key_gen[2].f_inst|xored[15]  ; 0                 ; 6       ;
;      - feistel_algo:decrypt2|f:key_gen[1].f_inst|xored[10]  ; 0                 ; 6       ;
;      - feistel_algo:decrypt2|f:key_gen[0].f_inst|xored[12]  ; 0                 ; 6       ;
;      - feistel_algo:decrypt2|R~2958                         ; 0                 ; 6       ;
;      - feistel_algo:decrypt2|R~2982                         ; 0                 ; 6       ;
;      - feistel_algo:decrypt2|R~2997                         ; 0                 ; 6       ;
;      - feistel_algo:decrypt2|R~3030                         ; 0                 ; 6       ;
;      - feistel_algo:decrypt2|R~3034                         ; 0                 ; 6       ;
; key2[36]                                                    ;                   ;         ;
;      - feistel_algo:decrypt2|f:key_gen[15].f_inst|xored[22] ; 0                 ; 6       ;
;      - feistel_algo:decrypt2|f:key_gen[14].f_inst|xored[15] ; 0                 ; 6       ;
;      - feistel_algo:decrypt2|f:key_gen[13].f_inst|xored[10] ; 0                 ; 6       ;
;      - feistel_algo:decrypt2|f:key_gen[12].f_inst|xored[19] ; 0                 ; 6       ;
;      - feistel_algo:decrypt2|f:key_gen[11].f_inst|xored[14] ; 0                 ; 6       ;
;      - feistel_algo:decrypt2|f:key_gen[9].f_inst|xored[23]  ; 0                 ; 6       ;
;      - feistel_algo:decrypt2|f:key_gen[8].f_inst|xored[9]   ; 0                 ; 6       ;
;      - feistel_algo:decrypt2|f:key_gen[6].f_inst|xored[2]   ; 0                 ; 6       ;
;      - feistel_algo:decrypt2|f:key_gen[5].f_inst|xored[7]   ; 0                 ; 6       ;
;      - feistel_algo:decrypt2|f:key_gen[4].f_inst|xored[0]   ; 0                 ; 6       ;
;      - feistel_algo:decrypt2|f:key_gen[3].f_inst|xored[17]  ; 0                 ; 6       ;
;      - feistel_algo:decrypt2|f:key_gen[2].f_inst|xored[8]   ; 0                 ; 6       ;
;      - feistel_algo:decrypt2|f:key_gen[0].f_inst|xored[6]   ; 0                 ; 6       ;
;      - feistel_algo:decrypt2|R~2980                         ; 0                 ; 6       ;
;      - feistel_algo:decrypt2|R~3008                         ; 0                 ; 6       ;
;      - feistel_algo:decrypt2|R~3037                         ; 0                 ; 6       ;
; key2[61]                                                    ;                   ;         ;
;      - feistel_algo:decrypt2|f:key_gen[15].f_inst|xored[35] ; 1                 ; 6       ;
;      - feistel_algo:decrypt2|f:key_gen[13].f_inst|xored[26] ; 1                 ; 6       ;
;      - feistel_algo:decrypt2|f:key_gen[11].f_inst|xored[29] ; 1                 ; 6       ;
;      - feistel_algo:decrypt2|f:key_gen[10].f_inst|xored[47] ; 1                 ; 6       ;
;      - feistel_algo:decrypt2|f:key_gen[9].f_inst|xored[33]  ; 1                 ; 6       ;
;      - feistel_algo:decrypt2|f:key_gen[8].f_inst|xored[36]  ; 1                 ; 6       ;
;      - feistel_algo:decrypt2|f:key_gen[6].f_inst|xored[28]  ; 1                 ; 6       ;
;      - feistel_algo:decrypt2|f:key_gen[5].f_inst|xored[42]  ; 1                 ; 6       ;
;      - feistel_algo:decrypt2|f:key_gen[4].f_inst|xored[41]  ; 1                 ; 6       ;
;      - feistel_algo:decrypt2|f:key_gen[3].f_inst|xored[43]  ; 1                 ; 6       ;
;      - feistel_algo:decrypt2|f:key_gen[2].f_inst|xored[27]  ; 1                 ; 6       ;
;      - feistel_algo:decrypt2|f:key_gen[0].f_inst|xored[44]  ; 1                 ; 6       ;
;      - feistel_algo:decrypt2|R~3046                         ; 1                 ; 6       ;
; key2[6]                                                     ;                   ;         ;
;      - feistel_algo:decrypt2|f:key_gen[15].f_inst|xored[30] ; 1                 ; 6       ;
;      - feistel_algo:decrypt2|f:key_gen[14].f_inst|xored[28] ; 1                 ; 6       ;
;      - feistel_algo:decrypt2|f:key_gen[13].f_inst|xored[42] ; 1                 ; 6       ;
;      - feistel_algo:decrypt2|f:key_gen[12].f_inst|xored[41] ; 1                 ; 6       ;
;      - feistel_algo:decrypt2|f:key_gen[11].f_inst|xored[43] ; 1                 ; 6       ;
;      - feistel_algo:decrypt2|f:key_gen[10].f_inst|xored[27] ; 1                 ; 6       ;
;      - feistel_algo:decrypt2|f:key_gen[8].f_inst|xored[35]  ; 1                 ; 6       ;
;      - feistel_algo:decrypt2|f:key_gen[6].f_inst|xored[26]  ; 1                 ; 6       ;
;      - feistel_algo:decrypt2|f:key_gen[4].f_inst|xored[29]  ; 1                 ; 6       ;
;      - feistel_algo:decrypt2|f:key_gen[3].f_inst|xored[47]  ; 1                 ; 6       ;
;      - feistel_algo:decrypt2|f:key_gen[2].f_inst|xored[33]  ; 1                 ; 6       ;
;      - feistel_algo:decrypt2|f:key_gen[1].f_inst|xored[36]  ; 1                 ; 6       ;
; key2[20]                                                    ;                   ;         ;
;      - feistel_algo:decrypt2|f:key_gen[15].f_inst|xored[31] ; 0                 ; 6       ;
;      - feistel_algo:decrypt2|f:key_gen[13].f_inst|xored[35] ; 0                 ; 6       ;
;      - feistel_algo:decrypt2|f:key_gen[12].f_inst|xored[37] ; 0                 ; 6       ;
;      - feistel_algo:decrypt2|f:key_gen[11].f_inst|xored[34] ; 0                 ; 6       ;
;      - feistel_algo:decrypt2|f:key_gen[10].f_inst|xored[46] ; 0                 ; 6       ;
;      - feistel_algo:decrypt2|f:key_gen[9].f_inst|xored[39]  ; 0                 ; 6       ;
;      - feistel_algo:decrypt2|f:key_gen[8].f_inst|xored[25]  ; 0                 ; 6       ;
;      - feistel_algo:decrypt2|f:key_gen[7].f_inst|xored[33]  ; 0                 ; 6       ;
;      - feistel_algo:decrypt2|f:key_gen[6].f_inst|xored[36]  ; 0                 ; 6       ;
;      - feistel_algo:decrypt2|f:key_gen[5].f_inst|xored[30]  ; 0                 ; 6       ;
;      - feistel_algo:decrypt2|f:key_gen[4].f_inst|xored[38]  ; 0                 ; 6       ;
;      - feistel_algo:decrypt2|f:key_gen[3].f_inst|xored[32]  ; 0                 ; 6       ;
;      - feistel_algo:decrypt2|f:key_gen[2].f_inst|xored[24]  ; 0                 ; 6       ;
;      - feistel_algo:decrypt2|f:key_gen[1].f_inst|xored[40]  ; 0                 ; 6       ;
;      - feistel_algo:decrypt2|f:key_gen[0].f_inst|xored[27]  ; 0                 ; 6       ;
; key2[38]                                                    ;                   ;         ;
;      - feistel_algo:decrypt2|f:key_gen[15].f_inst|xored[33] ; 0                 ; 6       ;
;      - feistel_algo:decrypt2|f:key_gen[14].f_inst|xored[45] ; 0                 ; 6       ;
;      - feistel_algo:decrypt2|f:key_gen[12].f_inst|xored[28] ; 0                 ; 6       ;
;      - feistel_algo:decrypt2|f:key_gen[11].f_inst|xored[42] ; 0                 ; 6       ;
;      - feistel_algo:decrypt2|f:key_gen[10].f_inst|xored[41] ; 0                 ; 6       ;
;      - feistel_algo:decrypt2|f:key_gen[9].f_inst|xored[43]  ; 0                 ; 6       ;
;      - feistel_algo:decrypt2|f:key_gen[8].f_inst|xored[27]  ; 0                 ; 6       ;
;      - feistel_algo:decrypt2|f:key_gen[7].f_inst|xored[31]  ; 0                 ; 6       ;
;      - feistel_algo:decrypt2|f:key_gen[6].f_inst|xored[44]  ; 0                 ; 6       ;
;      - feistel_algo:decrypt2|f:key_gen[4].f_inst|xored[26]  ; 0                 ; 6       ;
;      - feistel_algo:decrypt2|f:key_gen[2].f_inst|xored[29]  ; 0                 ; 6       ;
;      - feistel_algo:decrypt2|f:key_gen[1].f_inst|xored[47]  ; 0                 ; 6       ;
;      - feistel_algo:decrypt2|f:key_gen[0].f_inst|xored[25]  ; 0                 ; 6       ;
;      - feistel_algo:decrypt2|R16~199                        ; 0                 ; 6       ;
;      - feistel_algo:decrypt2|R~3040                         ; 0                 ; 6       ;
; key2[29]                                                    ;                   ;         ;
;      - feistel_algo:decrypt2|f:key_gen[15].f_inst|xored[34] ; 0                 ; 6       ;
;      - feistel_algo:decrypt2|f:key_gen[13].f_inst|xored[29] ; 0                 ; 6       ;
;      - feistel_algo:decrypt2|f:key_gen[12].f_inst|xored[47] ; 0                 ; 6       ;
;      - feistel_algo:decrypt2|f:key_gen[11].f_inst|xored[33] ; 0                 ; 6       ;
;      - feistel_algo:decrypt2|f:key_gen[10].f_inst|xored[36] ; 0                 ; 6       ;
;      - feistel_algo:decrypt2|f:key_gen[9].f_inst|xored[30]  ; 0                 ; 6       ;
;      - feistel_algo:decrypt2|f:key_gen[8].f_inst|xored[38]  ; 0                 ; 6       ;
;      - feistel_algo:decrypt2|f:key_gen[7].f_inst|xored[42]  ; 0                 ; 6       ;
;      - feistel_algo:decrypt2|f:key_gen[6].f_inst|xored[41]  ; 0                 ; 6       ;
;      - feistel_algo:decrypt2|f:key_gen[5].f_inst|xored[43]  ; 0                 ; 6       ;
;      - feistel_algo:decrypt2|f:key_gen[4].f_inst|xored[27]  ; 0                 ; 6       ;
;      - feistel_algo:decrypt2|f:key_gen[2].f_inst|xored[35]  ; 0                 ; 6       ;
;      - feistel_algo:decrypt2|f:key_gen[1].f_inst|xored[37]  ; 0                 ; 6       ;
;      - feistel_algo:decrypt2|f:key_gen[0].f_inst|xored[26]  ; 0                 ; 6       ;
;      - feistel_algo:decrypt2|R~3044                         ; 0                 ; 6       ;
;      - feistel_algo:decrypt2|R~3049                         ; 0                 ; 6       ;
; key2[39]                                                    ;                   ;         ;
;      - feistel_algo:decrypt2|f:key_gen[15].f_inst|xored[32] ; 1                 ; 6       ;
;      - feistel_algo:decrypt2|f:key_gen[14].f_inst|xored[41] ; 1                 ; 6       ;
;      - feistel_algo:decrypt2|f:key_gen[13].f_inst|xored[43] ; 1                 ; 6       ;
;      - feistel_algo:decrypt2|f:key_gen[12].f_inst|xored[27] ; 1                 ; 6       ;
;      - feistel_algo:decrypt2|f:key_gen[10].f_inst|xored[35] ; 1                 ; 6       ;
;      - feistel_algo:decrypt2|f:key_gen[9].f_inst|xored[37]  ; 1                 ; 6       ;
;      - feistel_algo:decrypt2|f:key_gen[8].f_inst|xored[34]  ; 1                 ; 6       ;
;      - feistel_algo:decrypt2|f:key_gen[6].f_inst|xored[29]  ; 1                 ; 6       ;
;      - feistel_algo:decrypt2|f:key_gen[5].f_inst|xored[47]  ; 1                 ; 6       ;
;      - feistel_algo:decrypt2|f:key_gen[4].f_inst|xored[33]  ; 1                 ; 6       ;
;      - feistel_algo:decrypt2|f:key_gen[3].f_inst|xored[36]  ; 1                 ; 6       ;
;      - feistel_algo:decrypt2|f:key_gen[2].f_inst|xored[30]  ; 1                 ; 6       ;
;      - feistel_algo:decrypt2|f:key_gen[1].f_inst|xored[38]  ; 1                 ; 6       ;
;      - feistel_algo:decrypt2|f:key_gen[0].f_inst|xored[42]  ; 1                 ; 6       ;
;      - feistel_algo:decrypt2|R~3041                         ; 1                 ; 6       ;
; key2[47]                                                    ;                   ;         ;
;      - feistel_algo:decrypt2|f:key_gen[15].f_inst|xored[42] ; 1                 ; 6       ;
;      - feistel_algo:decrypt2|f:key_gen[14].f_inst|xored[32] ; 1                 ; 6       ;
;      - feistel_algo:decrypt2|f:key_gen[13].f_inst|xored[24] ; 1                 ; 6       ;
;      - feistel_algo:decrypt2|f:key_gen[12].f_inst|xored[40] ; 1                 ; 6       ;
;      - feistel_algo:decrypt2|f:key_gen[11].f_inst|xored[31] ; 1                 ; 6       ;
;      - feistel_algo:decrypt2|f:key_gen[10].f_inst|xored[44] ; 1                 ; 6       ;
;      - feistel_algo:decrypt2|f:key_gen[8].f_inst|xored[26]  ; 1                 ; 6       ;
;      - feistel_algo:decrypt2|f:key_gen[7].f_inst|xored[34]  ; 1                 ; 6       ;
;      - feistel_algo:decrypt2|f:key_gen[6].f_inst|xored[46]  ; 1                 ; 6       ;
;      - feistel_algo:decrypt2|f:key_gen[5].f_inst|xored[39]  ; 1                 ; 6       ;
;      - feistel_algo:decrypt2|f:key_gen[4].f_inst|xored[25]  ; 1                 ; 6       ;
;      - feistel_algo:decrypt2|f:key_gen[3].f_inst|xored[45]  ; 1                 ; 6       ;
;      - feistel_algo:decrypt2|f:key_gen[1].f_inst|xored[28]  ; 1                 ; 6       ;
;      - feistel_algo:decrypt2|f:key_gen[0].f_inst|xored[38]  ; 1                 ; 6       ;
;      - feistel_algo:decrypt2|R~2948                         ; 1                 ; 6       ;
; key2[15]                                                    ;                   ;         ;
;      - feistel_algo:decrypt2|f:key_gen[15].f_inst|xored[43] ; 0                 ; 6       ;
;      - feistel_algo:decrypt2|f:key_gen[14].f_inst|xored[40] ; 0                 ; 6       ;
;      - feistel_algo:decrypt2|f:key_gen[13].f_inst|xored[31] ; 0                 ; 6       ;
;      - feistel_algo:decrypt2|f:key_gen[12].f_inst|xored[44] ; 0                 ; 6       ;
;      - feistel_algo:decrypt2|f:key_gen[10].f_inst|xored[26] ; 0                 ; 6       ;
;      - feistel_algo:decrypt2|f:key_gen[8].f_inst|xored[29]  ; 0                 ; 6       ;
;      - feistel_algo:decrypt2|f:key_gen[7].f_inst|xored[39]  ; 0                 ; 6       ;
;      - feistel_algo:decrypt2|f:key_gen[6].f_inst|xored[25]  ; 0                 ; 6       ;
;      - feistel_algo:decrypt2|f:key_gen[5].f_inst|xored[45]  ; 0                 ; 6       ;
;      - feistel_algo:decrypt2|f:key_gen[3].f_inst|xored[28]  ; 0                 ; 6       ;
;      - feistel_algo:decrypt2|f:key_gen[2].f_inst|xored[42]  ; 0                 ; 6       ;
;      - feistel_algo:decrypt2|f:key_gen[1].f_inst|xored[41]  ; 0                 ; 6       ;
;      - feistel_algo:decrypt2|f:key_gen[0].f_inst|xored[24]  ; 0                 ; 6       ;
;      - feistel_algo:decrypt2|R~2933                         ; 0                 ; 6       ;
;      - feistel_algo:decrypt2|R~3049                         ; 0                 ; 6       ;
; key2[4]                                                     ;                   ;         ;
;      - feistel_algo:decrypt2|f:key_gen[15].f_inst|xored[44] ; 0                 ; 6       ;
;      - feistel_algo:decrypt2|f:key_gen[14].f_inst|xored[35] ; 0                 ; 6       ;
;      - feistel_algo:decrypt2|f:key_gen[13].f_inst|xored[37] ; 0                 ; 6       ;
;      - feistel_algo:decrypt2|f:key_gen[12].f_inst|xored[34] ; 0                 ; 6       ;
;      - feistel_algo:decrypt2|f:key_gen[11].f_inst|xored[46] ; 0                 ; 6       ;
;      - feistel_algo:decrypt2|f:key_gen[10].f_inst|xored[39] ; 0                 ; 6       ;
;      - feistel_algo:decrypt2|f:key_gen[9].f_inst|xored[25]  ; 0                 ; 6       ;
;      - feistel_algo:decrypt2|f:key_gen[8].f_inst|xored[45]  ; 0                 ; 6       ;
;      - feistel_algo:decrypt2|f:key_gen[7].f_inst|xored[36]  ; 0                 ; 6       ;
;      - feistel_algo:decrypt2|f:key_gen[6].f_inst|xored[30]  ; 0                 ; 6       ;
;      - feistel_algo:decrypt2|f:key_gen[5].f_inst|xored[38]  ; 0                 ; 6       ;
;      - feistel_algo:decrypt2|f:key_gen[4].f_inst|xored[32]  ; 0                 ; 6       ;
;      - feistel_algo:decrypt2|f:key_gen[3].f_inst|xored[24]  ; 0                 ; 6       ;
;      - feistel_algo:decrypt2|f:key_gen[2].f_inst|xored[40]  ; 0                 ; 6       ;
;      - feistel_algo:decrypt2|f:key_gen[1].f_inst|xored[31]  ; 0                 ; 6       ;
; key2[54]                                                    ;                   ;         ;
;      - feistel_algo:decrypt2|f:key_gen[15].f_inst|xored[47] ; 1                 ; 6       ;
;      - feistel_algo:decrypt2|f:key_gen[14].f_inst|xored[25] ; 1                 ; 6       ;
;      - feistel_algo:decrypt2|f:key_gen[13].f_inst|xored[45] ; 1                 ; 6       ;
;      - feistel_algo:decrypt2|f:key_gen[11].f_inst|xored[28] ; 1                 ; 6       ;
;      - feistel_algo:decrypt2|f:key_gen[10].f_inst|xored[42] ; 1                 ; 6       ;
;      - feistel_algo:decrypt2|f:key_gen[9].f_inst|xored[41]  ; 1                 ; 6       ;
;      - feistel_algo:decrypt2|f:key_gen[8].f_inst|xored[43]  ; 1                 ; 6       ;
;      - feistel_algo:decrypt2|f:key_gen[7].f_inst|xored[40]  ; 1                 ; 6       ;
;      - feistel_algo:decrypt2|f:key_gen[6].f_inst|xored[31]  ; 1                 ; 6       ;
;      - feistel_algo:decrypt2|f:key_gen[5].f_inst|xored[44]  ; 1                 ; 6       ;
;      - feistel_algo:decrypt2|f:key_gen[3].f_inst|xored[26]  ; 1                 ; 6       ;
;      - feistel_algo:decrypt2|f:key_gen[1].f_inst|xored[29]  ; 1                 ; 6       ;
;      - feistel_algo:decrypt2|f:key_gen[0].f_inst|xored[39]  ; 1                 ; 6       ;
;      - feistel_algo:decrypt2|R~3041                         ; 1                 ; 6       ;
; key2[30]                                                    ;                   ;         ;
;      - feistel_algo:decrypt2|f:key_gen[15].f_inst|xored[45] ; 1                 ; 6       ;
;      - feistel_algo:decrypt2|f:key_gen[14].f_inst|xored[36] ; 1                 ; 6       ;
;      - feistel_algo:decrypt2|f:key_gen[13].f_inst|xored[30] ; 1                 ; 6       ;
;      - feistel_algo:decrypt2|f:key_gen[12].f_inst|xored[38] ; 1                 ; 6       ;
;      - feistel_algo:decrypt2|f:key_gen[11].f_inst|xored[32] ; 1                 ; 6       ;
;      - feistel_algo:decrypt2|f:key_gen[10].f_inst|xored[24] ; 1                 ; 6       ;
;      - feistel_algo:decrypt2|f:key_gen[9].f_inst|xored[40]  ; 1                 ; 6       ;
;      - feistel_algo:decrypt2|f:key_gen[8].f_inst|xored[31]  ; 1                 ; 6       ;
;      - feistel_algo:decrypt2|f:key_gen[6].f_inst|xored[35]  ; 1                 ; 6       ;
;      - feistel_algo:decrypt2|f:key_gen[5].f_inst|xored[37]  ; 1                 ; 6       ;
;      - feistel_algo:decrypt2|f:key_gen[4].f_inst|xored[34]  ; 1                 ; 6       ;
;      - feistel_algo:decrypt2|f:key_gen[3].f_inst|xored[46]  ; 1                 ; 6       ;
;      - feistel_algo:decrypt2|f:key_gen[2].f_inst|xored[39]  ; 1                 ; 6       ;
;      - feistel_algo:decrypt2|f:key_gen[1].f_inst|xored[25]  ; 1                 ; 6       ;
;      - feistel_algo:decrypt2|f:key_gen[0].f_inst|xored[33]  ; 1                 ; 6       ;
;      - feistel_algo:decrypt2|R~3045                         ; 1                 ; 6       ;
; key2[13]                                                    ;                   ;         ;
;      - feistel_algo:decrypt2|f:key_gen[15].f_inst|xored[46] ; 1                 ; 6       ;
;      - feistel_algo:decrypt2|f:key_gen[14].f_inst|xored[29] ; 1                 ; 6       ;
;      - feistel_algo:decrypt2|f:key_gen[13].f_inst|xored[47] ; 1                 ; 6       ;
;      - feistel_algo:decrypt2|f:key_gen[12].f_inst|xored[33] ; 1                 ; 6       ;
;      - feistel_algo:decrypt2|f:key_gen[11].f_inst|xored[36] ; 1                 ; 6       ;
;      - feistel_algo:decrypt2|f:key_gen[10].f_inst|xored[30] ; 1                 ; 6       ;
;      - feistel_algo:decrypt2|f:key_gen[9].f_inst|xored[38]  ; 1                 ; 6       ;
;      - feistel_algo:decrypt2|f:key_gen[8].f_inst|xored[32]  ; 1                 ; 6       ;
;      - feistel_algo:decrypt2|f:key_gen[7].f_inst|xored[41]  ; 1                 ; 6       ;
;      - feistel_algo:decrypt2|f:key_gen[6].f_inst|xored[43]  ; 1                 ; 6       ;
;      - feistel_algo:decrypt2|f:key_gen[5].f_inst|xored[27]  ; 1                 ; 6       ;
;      - feistel_algo:decrypt2|f:key_gen[3].f_inst|xored[35]  ; 1                 ; 6       ;
;      - feistel_algo:decrypt2|f:key_gen[2].f_inst|xored[37]  ; 1                 ; 6       ;
;      - feistel_algo:decrypt2|f:key_gen[1].f_inst|xored[34]  ; 1                 ; 6       ;
;      - feistel_algo:decrypt2|R~2949                         ; 1                 ; 6       ;
;      - feistel_algo:decrypt2|R~3043                         ; 1                 ; 6       ;
;      - feistel_algo:decrypt2|R~3048                         ; 1                 ; 6       ;
; key2[21]                                                    ;                   ;         ;
;      - feistel_algo:decrypt2|f:key_gen[14].f_inst|xored[46] ; 1                 ; 6       ;
;      - feistel_algo:decrypt2|f:key_gen[13].f_inst|xored[39] ; 1                 ; 6       ;
;      - feistel_algo:decrypt2|f:key_gen[12].f_inst|xored[25] ; 1                 ; 6       ;
;      - feistel_algo:decrypt2|f:key_gen[11].f_inst|xored[45] ; 1                 ; 6       ;
;      - feistel_algo:decrypt2|f:key_gen[9].f_inst|xored[28]  ; 1                 ; 6       ;
;      - feistel_algo:decrypt2|f:key_gen[8].f_inst|xored[42]  ; 1                 ; 6       ;
;      - feistel_algo:decrypt2|f:key_gen[7].f_inst|xored[32]  ; 1                 ; 6       ;
;      - feistel_algo:decrypt2|f:key_gen[6].f_inst|xored[24]  ; 1                 ; 6       ;
;      - feistel_algo:decrypt2|f:key_gen[5].f_inst|xored[40]  ; 1                 ; 6       ;
;      - feistel_algo:decrypt2|f:key_gen[4].f_inst|xored[31]  ; 1                 ; 6       ;
;      - feistel_algo:decrypt2|f:key_gen[3].f_inst|xored[44]  ; 1                 ; 6       ;
;      - feistel_algo:decrypt2|f:key_gen[1].f_inst|xored[26]  ; 1                 ; 6       ;
;      - feistel_algo:decrypt2|f:key_gen[0].f_inst|xored[34]  ; 1                 ; 6       ;
; key2[12]                                                    ;                   ;         ;
;      - feistel_algo:decrypt2|f:key_gen[14].f_inst|xored[44] ; 0                 ; 6       ;
;      - feistel_algo:decrypt2|f:key_gen[12].f_inst|xored[26] ; 0                 ; 6       ;
;      - feistel_algo:decrypt2|f:key_gen[10].f_inst|xored[29] ; 0                 ; 6       ;
;      - feistel_algo:decrypt2|f:key_gen[9].f_inst|xored[47]  ; 0                 ; 6       ;
;      - feistel_algo:decrypt2|f:key_gen[8].f_inst|xored[33]  ; 0                 ; 6       ;
;      - feistel_algo:decrypt2|f:key_gen[7].f_inst|xored[45]  ; 0                 ; 6       ;
;      - feistel_algo:decrypt2|f:key_gen[5].f_inst|xored[28]  ; 0                 ; 6       ;
;      - feistel_algo:decrypt2|f:key_gen[4].f_inst|xored[42]  ; 0                 ; 6       ;
;      - feistel_algo:decrypt2|f:key_gen[3].f_inst|xored[41]  ; 0                 ; 6       ;
;      - feistel_algo:decrypt2|f:key_gen[2].f_inst|xored[43]  ; 0                 ; 6       ;
;      - feistel_algo:decrypt2|f:key_gen[1].f_inst|xored[27]  ; 0                 ; 6       ;
;      - feistel_algo:decrypt2|f:key_gen[0].f_inst|xored[31]  ; 0                 ; 6       ;
;      - feistel_algo:decrypt2|R~3047                         ; 0                 ; 6       ;
; key2[18]                                                    ;                   ;         ;
;      - feistel_algo:decrypt2|f:key_gen[14].f_inst|xored[20] ; 0                 ; 6       ;
;      - feistel_algo:decrypt2|f:key_gen[12].f_inst|xored[13] ; 0                 ; 6       ;
;      - feistel_algo:decrypt2|f:key_gen[11].f_inst|xored[21] ; 0                 ; 6       ;
;      - feistel_algo:decrypt2|f:key_gen[10].f_inst|xored[1]  ; 0                 ; 6       ;
;      - feistel_algo:decrypt2|f:key_gen[9].f_inst|xored[18]  ; 0                 ; 6       ;
;      - feistel_algo:decrypt2|f:key_gen[8].f_inst|xored[6]   ; 0                 ; 6       ;
;      - feistel_algo:decrypt2|f:key_gen[7].f_inst|xored[22]  ; 0                 ; 6       ;
;      - feistel_algo:decrypt2|f:key_gen[6].f_inst|xored[3]   ; 0                 ; 6       ;
;      - feistel_algo:decrypt2|f:key_gen[5].f_inst|xored[12]  ; 0                 ; 6       ;
;      - feistel_algo:decrypt2|f:key_gen[4].f_inst|xored[5]   ; 0                 ; 6       ;
;      - feistel_algo:decrypt2|f:key_gen[3].f_inst|xored[11]  ; 0                 ; 6       ;
;      - feistel_algo:decrypt2|f:key_gen[2].f_inst|xored[4]   ; 0                 ; 6       ;
;      - feistel_algo:decrypt2|f:key_gen[1].f_inst|xored[16]  ; 0                 ; 6       ;
;      - feistel_algo:decrypt2|f:key_gen[0].f_inst|xored[9]   ; 0                 ; 6       ;
;      - feistel_algo:decrypt2|R~2960                         ; 0                 ; 6       ;
;      - feistel_algo:decrypt2|R~2996                         ; 0                 ; 6       ;
;      - feistel_algo:decrypt2|R~2999                         ; 0                 ; 6       ;
;      - feistel_algo:decrypt2|R~3028                         ; 0                 ; 6       ;
;      - feistel_algo:decrypt2|R~3035                         ; 0                 ; 6       ;
; key2[14]                                                    ;                   ;         ;
;      - feistel_algo:decrypt2|f:key_gen[14].f_inst|xored[30] ; 1                 ; 6       ;
;      - feistel_algo:decrypt2|f:key_gen[13].f_inst|xored[38] ; 1                 ; 6       ;
;      - feistel_algo:decrypt2|f:key_gen[12].f_inst|xored[32] ; 1                 ; 6       ;
;      - feistel_algo:decrypt2|f:key_gen[11].f_inst|xored[24] ; 1                 ; 6       ;
;      - feistel_algo:decrypt2|f:key_gen[10].f_inst|xored[40] ; 1                 ; 6       ;
;      - feistel_algo:decrypt2|f:key_gen[9].f_inst|xored[31]  ; 1                 ; 6       ;
;      - feistel_algo:decrypt2|f:key_gen[8].f_inst|xored[44]  ; 1                 ; 6       ;
;      - feistel_algo:decrypt2|f:key_gen[7].f_inst|xored[35]  ; 1                 ; 6       ;
;      - feistel_algo:decrypt2|f:key_gen[6].f_inst|xored[37]  ; 1                 ; 6       ;
;      - feistel_algo:decrypt2|f:key_gen[5].f_inst|xored[34]  ; 1                 ; 6       ;
;      - feistel_algo:decrypt2|f:key_gen[4].f_inst|xored[46]  ; 1                 ; 6       ;
;      - feistel_algo:decrypt2|f:key_gen[3].f_inst|xored[39]  ; 1                 ; 6       ;
;      - feistel_algo:decrypt2|f:key_gen[2].f_inst|xored[25]  ; 1                 ; 6       ;
;      - feistel_algo:decrypt2|f:key_gen[1].f_inst|xored[45]  ; 1                 ; 6       ;
;      - feistel_algo:decrypt2|f:key_gen[0].f_inst|xored[36]  ; 1                 ; 6       ;
;      - feistel_algo:decrypt2|R~3044                         ; 1                 ; 6       ;
; key2[58]                                                    ;                   ;         ;
;      - feistel_algo:decrypt2|f:key_gen[14].f_inst|xored[4]  ; 0                 ; 6       ;
;      - feistel_algo:decrypt2|f:key_gen[13].f_inst|xored[16] ; 0                 ; 6       ;
;      - feistel_algo:decrypt2|f:key_gen[11].f_inst|xored[2]  ; 0                 ; 6       ;
;      - feistel_algo:decrypt2|f:key_gen[10].f_inst|xored[7]  ; 0                 ; 6       ;
;      - feistel_algo:decrypt2|f:key_gen[9].f_inst|xored[0]   ; 0                 ; 6       ;
;      - feistel_algo:decrypt2|f:key_gen[8].f_inst|xored[17]  ; 0                 ; 6       ;
;      - feistel_algo:decrypt2|f:key_gen[7].f_inst|xored[1]   ; 0                 ; 6       ;
;      - feistel_algo:decrypt2|f:key_gen[6].f_inst|xored[18]  ; 0                 ; 6       ;
;      - feistel_algo:decrypt2|f:key_gen[5].f_inst|xored[6]   ; 0                 ; 6       ;
;      - feistel_algo:decrypt2|f:key_gen[4].f_inst|xored[15]  ; 0                 ; 6       ;
;      - feistel_algo:decrypt2|f:key_gen[3].f_inst|xored[10]  ; 0                 ; 6       ;
;      - feistel_algo:decrypt2|f:key_gen[2].f_inst|xored[19]  ; 0                 ; 6       ;
;      - feistel_algo:decrypt2|f:key_gen[1].f_inst|xored[14]  ; 0                 ; 6       ;
;      - feistel_algo:decrypt2|f:key_gen[0].f_inst|xored[11]  ; 0                 ; 6       ;
;      - feistel_algo:decrypt2|R~2967                         ; 0                 ; 6       ;
;      - feistel_algo:decrypt2|R~2986                         ; 0                 ; 6       ;
; key2[52]                                                    ;                   ;         ;
;      - feistel_algo:decrypt2|f:key_gen[14].f_inst|xored[6]  ; 0                 ; 6       ;
;      - feistel_algo:decrypt2|f:key_gen[13].f_inst|xored[15] ; 0                 ; 6       ;
;      - feistel_algo:decrypt2|f:key_gen[12].f_inst|xored[10] ; 0                 ; 6       ;
;      - feistel_algo:decrypt2|f:key_gen[11].f_inst|xored[19] ; 0                 ; 6       ;
;      - feistel_algo:decrypt2|f:key_gen[10].f_inst|xored[14] ; 0                 ; 6       ;
;      - feistel_algo:decrypt2|f:key_gen[8].f_inst|xored[23]  ; 0                 ; 6       ;
;      - feistel_algo:decrypt2|f:key_gen[7].f_inst|xored[16]  ; 0                 ; 6       ;
;      - feistel_algo:decrypt2|f:key_gen[5].f_inst|xored[2]   ; 0                 ; 6       ;
;      - feistel_algo:decrypt2|f:key_gen[4].f_inst|xored[7]   ; 0                 ; 6       ;
;      - feistel_algo:decrypt2|f:key_gen[3].f_inst|xored[0]   ; 0                 ; 6       ;
;      - feistel_algo:decrypt2|f:key_gen[2].f_inst|xored[17]  ; 0                 ; 6       ;
;      - feistel_algo:decrypt2|f:key_gen[1].f_inst|xored[8]   ; 0                 ; 6       ;
;      - feistel_algo:decrypt2|f:key_gen[0].f_inst|xored[18]  ; 0                 ; 6       ;
;      - feistel_algo:decrypt2|R~2983                         ; 0                 ; 6       ;
;      - feistel_algo:decrypt2|R~3015                         ; 0                 ; 6       ;
;      - feistel_algo:decrypt2|R~3038                         ; 0                 ; 6       ;
; key2[57]                                                    ;                   ;         ;
;      - feistel_algo:decrypt2|f:key_gen[14].f_inst|xored[7]  ; 0                 ; 6       ;
;      - feistel_algo:decrypt2|f:key_gen[13].f_inst|xored[0]  ; 0                 ; 6       ;
;      - feistel_algo:decrypt2|f:key_gen[12].f_inst|xored[17] ; 0                 ; 6       ;
;      - feistel_algo:decrypt2|f:key_gen[11].f_inst|xored[8]  ; 0                 ; 6       ;
;      - feistel_algo:decrypt2|f:key_gen[9].f_inst|xored[22]  ; 0                 ; 6       ;
;      - feistel_algo:decrypt2|f:key_gen[8].f_inst|xored[3]   ; 0                 ; 6       ;
;      - feistel_algo:decrypt2|f:key_gen[7].f_inst|xored[10]  ; 0                 ; 6       ;
;      - feistel_algo:decrypt2|f:key_gen[6].f_inst|xored[19]  ; 0                 ; 6       ;
;      - feistel_algo:decrypt2|f:key_gen[5].f_inst|xored[14]  ; 0                 ; 6       ;
;      - feistel_algo:decrypt2|f:key_gen[3].f_inst|xored[23]  ; 0                 ; 6       ;
;      - feistel_algo:decrypt2|f:key_gen[2].f_inst|xored[9]   ; 0                 ; 6       ;
;      - feistel_algo:decrypt2|f:key_gen[1].f_inst|xored[20]  ; 0                 ; 6       ;
;      - feistel_algo:decrypt2|f:key_gen[0].f_inst|xored[2]   ; 0                 ; 6       ;
;      - feistel_algo:decrypt2|R~2943                         ; 0                 ; 6       ;
;      - feistel_algo:decrypt2|R~3021                         ; 0                 ; 6       ;
; key2[53]                                                    ;                   ;         ;
;      - feistel_algo:decrypt2|f:key_gen[14].f_inst|xored[37] ; 0                 ; 6       ;
;      - feistel_algo:decrypt2|f:key_gen[13].f_inst|xored[34] ; 0                 ; 6       ;
;      - feistel_algo:decrypt2|f:key_gen[12].f_inst|xored[46] ; 0                 ; 6       ;
;      - feistel_algo:decrypt2|f:key_gen[11].f_inst|xored[39] ; 0                 ; 6       ;
;      - feistel_algo:decrypt2|f:key_gen[10].f_inst|xored[25] ; 0                 ; 6       ;
;      - feistel_algo:decrypt2|f:key_gen[9].f_inst|xored[45]  ; 0                 ; 6       ;
;      - feistel_algo:decrypt2|f:key_gen[7].f_inst|xored[30]  ; 0                 ; 6       ;
;      - feistel_algo:decrypt2|f:key_gen[6].f_inst|xored[38]  ; 0                 ; 6       ;
;      - feistel_algo:decrypt2|f:key_gen[5].f_inst|xored[32]  ; 0                 ; 6       ;
;      - feistel_algo:decrypt2|f:key_gen[4].f_inst|xored[24]  ; 0                 ; 6       ;
;      - feistel_algo:decrypt2|f:key_gen[3].f_inst|xored[40]  ; 0                 ; 6       ;
;      - feistel_algo:decrypt2|f:key_gen[2].f_inst|xored[31]  ; 0                 ; 6       ;
;      - feistel_algo:decrypt2|f:key_gen[1].f_inst|xored[44]  ; 0                 ; 6       ;
;      - feistel_algo:decrypt2|f:key_gen[0].f_inst|xored[35]  ; 0                 ; 6       ;
; key1[52]                                                    ;                   ;         ;
;      - feistel_algo:encrypt1|f:key_gen[15].f_inst|xored[18] ; 1                 ; 6       ;
;      - feistel_algo:encrypt1|f:key_gen[14].f_inst|xored[8]  ; 1                 ; 6       ;
;      - feistel_algo:encrypt1|f:key_gen[13].f_inst|xored[17] ; 1                 ; 6       ;
;      - feistel_algo:encrypt1|f:key_gen[12].f_inst|xored[0]  ; 1                 ; 6       ;
;      - feistel_algo:encrypt1|f:key_gen[11].f_inst|xored[7]  ; 1                 ; 6       ;
;      - feistel_algo:encrypt1|f:key_gen[10].f_inst|xored[2]  ; 1                 ; 6       ;
;      - feistel_algo:encrypt1|f:key_gen[8].f_inst|xored[16]  ; 1                 ; 6       ;
;      - feistel_algo:encrypt1|f:key_gen[7].f_inst|xored[23]  ; 1                 ; 6       ;
;      - feistel_algo:encrypt1|f:key_gen[5].f_inst|xored[14]  ; 1                 ; 6       ;
;      - feistel_algo:encrypt1|f:key_gen[4].f_inst|xored[19]  ; 1                 ; 6       ;
;      - feistel_algo:encrypt1|f:key_gen[3].f_inst|xored[10]  ; 1                 ; 6       ;
;      - feistel_algo:encrypt1|f:key_gen[2].f_inst|xored[15]  ; 1                 ; 6       ;
;      - feistel_algo:encrypt1|f:key_gen[1].f_inst|xored[6]   ; 1                 ; 6       ;
;      - feistel_algo:encrypt1|R~2959                         ; 1                 ; 6       ;
;      - feistel_algo:encrypt1|R~2983                         ; 1                 ; 6       ;
; key1[34]                                                    ;                   ;         ;
;      - feistel_algo:encrypt1|f:key_gen[15].f_inst|xored[23] ; 0                 ; 6       ;
;      - feistel_algo:encrypt1|f:key_gen[14].f_inst|xored[4]  ; 0                 ; 6       ;
;      - feistel_algo:encrypt1|f:key_gen[13].f_inst|xored[11] ; 0                 ; 6       ;
;      - feistel_algo:encrypt1|f:key_gen[12].f_inst|xored[5]  ; 0                 ; 6       ;
;      - feistel_algo:encrypt1|f:key_gen[11].f_inst|xored[12] ; 0                 ; 6       ;
;      - feistel_algo:encrypt1|f:key_gen[10].f_inst|xored[3]  ; 0                 ; 6       ;
;      - feistel_algo:encrypt1|f:key_gen[9].f_inst|xored[22]  ; 0                 ; 6       ;
;      - feistel_algo:encrypt1|f:key_gen[7].f_inst|xored[18]  ; 0                 ; 6       ;
;      - feistel_algo:encrypt1|f:key_gen[6].f_inst|xored[1]   ; 0                 ; 6       ;
;      - feistel_algo:encrypt1|f:key_gen[5].f_inst|xored[21]  ; 0                 ; 6       ;
;      - feistel_algo:encrypt1|f:key_gen[4].f_inst|xored[13]  ; 0                 ; 6       ;
;      - feistel_algo:encrypt1|f:key_gen[2].f_inst|xored[20]  ; 0                 ; 6       ;
;      - feistel_algo:encrypt1|f:key_gen[1].f_inst|xored[9]   ; 0                 ; 6       ;
;      - feistel_algo:encrypt1|f:key_gen[0].f_inst|xored[16]  ; 0                 ; 6       ;
;      - feistel_algo:encrypt1|R~2963                         ; 0                 ; 6       ;
;      - feistel_algo:encrypt1|R~2964                         ; 0                 ; 6       ;
;      - feistel_algo:encrypt1|R~2998                         ; 0                 ; 6       ;
;      - feistel_algo:encrypt1|R~3010                         ; 0                 ; 6       ;
;      - feistel_algo:encrypt1|R~3032                         ; 0                 ; 6       ;
;      - feistel_algo:encrypt1|R~3039                         ; 0                 ; 6       ;
; key1[2]                                                     ;                   ;         ;
;      - feistel_algo:encrypt1|f:key_gen[15].f_inst|xored[20] ; 1                 ; 6       ;
;      - feistel_algo:encrypt1|f:key_gen[13].f_inst|xored[16] ; 1                 ; 6       ;
;      - feistel_algo:encrypt1|f:key_gen[12].f_inst|xored[4]  ; 1                 ; 6       ;
;      - feistel_algo:encrypt1|f:key_gen[11].f_inst|xored[11] ; 1                 ; 6       ;
;      - feistel_algo:encrypt1|f:key_gen[10].f_inst|xored[5]  ; 1                 ; 6       ;
;      - feistel_algo:encrypt1|f:key_gen[9].f_inst|xored[12]  ; 1                 ; 6       ;
;      - feistel_algo:encrypt1|f:key_gen[8].f_inst|xored[3]   ; 1                 ; 6       ;
;      - feistel_algo:encrypt1|f:key_gen[7].f_inst|xored[15]  ; 1                 ; 6       ;
;      - feistel_algo:encrypt1|f:key_gen[6].f_inst|xored[6]   ; 1                 ; 6       ;
;      - feistel_algo:encrypt1|f:key_gen[5].f_inst|xored[18]  ; 1                 ; 6       ;
;      - feistel_algo:encrypt1|f:key_gen[4].f_inst|xored[1]   ; 1                 ; 6       ;
;      - feistel_algo:encrypt1|f:key_gen[3].f_inst|xored[21]  ; 1                 ; 6       ;
;      - feistel_algo:encrypt1|f:key_gen[2].f_inst|xored[13]  ; 1                 ; 6       ;
;      - feistel_algo:encrypt1|f:key_gen[0].f_inst|xored[2]   ; 1                 ; 6       ;
;      - feistel_algo:encrypt1|R~2948                         ; 1                 ; 6       ;
;      - feistel_algo:encrypt1|R~2974                         ; 1                 ; 6       ;
;      - feistel_algo:encrypt1|R~2977                         ; 1                 ; 6       ;
;      - feistel_algo:encrypt1|R~3012                         ; 1                 ; 6       ;
;      - feistel_algo:encrypt1|R~3024                         ; 1                 ; 6       ;
; key1[59]                                                    ;                   ;         ;
;      - feistel_algo:encrypt1|f:key_gen[15].f_inst|xored[22] ; 0                 ; 6       ;
;      - feistel_algo:encrypt1|f:key_gen[14].f_inst|xored[6]  ; 0                 ; 6       ;
;      - feistel_algo:encrypt1|f:key_gen[13].f_inst|xored[18] ; 0                 ; 6       ;
;      - feistel_algo:encrypt1|f:key_gen[12].f_inst|xored[1]  ; 0                 ; 6       ;
;      - feistel_algo:encrypt1|f:key_gen[11].f_inst|xored[21] ; 0                 ; 6       ;
;      - feistel_algo:encrypt1|f:key_gen[10].f_inst|xored[13] ; 0                 ; 6       ;
;      - feistel_algo:encrypt1|f:key_gen[8].f_inst|xored[20]  ; 0                 ; 6       ;
;      - feistel_algo:encrypt1|f:key_gen[6].f_inst|xored[16]  ; 0                 ; 6       ;
;      - feistel_algo:encrypt1|f:key_gen[5].f_inst|xored[4]   ; 0                 ; 6       ;
;      - feistel_algo:encrypt1|f:key_gen[4].f_inst|xored[11]  ; 0                 ; 6       ;
;      - feistel_algo:encrypt1|f:key_gen[3].f_inst|xored[5]   ; 0                 ; 6       ;
;      - feistel_algo:encrypt1|f:key_gen[2].f_inst|xored[12]  ; 0                 ; 6       ;
;      - feistel_algo:encrypt1|f:key_gen[1].f_inst|xored[3]   ; 0                 ; 6       ;
;      - feistel_algo:encrypt1|f:key_gen[0].f_inst|xored[15]  ; 0                 ; 6       ;
;      - feistel_algo:encrypt1|R~2953                         ; 0                 ; 6       ;
;      - feistel_algo:encrypt1|R~2971                         ; 0                 ; 6       ;
;      - feistel_algo:encrypt1|R~2997                         ; 0                 ; 6       ;
;      - feistel_algo:encrypt1|R~3023                         ; 0                 ; 6       ;
;      - feistel_algo:encrypt1|R~3027                         ; 0                 ; 6       ;
; key1[19]                                                    ;                   ;         ;
;      - feistel_algo:encrypt1|f:key_gen[15].f_inst|xored[19] ; 0                 ; 6       ;
;      - feistel_algo:encrypt1|f:key_gen[14].f_inst|xored[12] ; 0                 ; 6       ;
;      - feistel_algo:encrypt1|f:key_gen[13].f_inst|xored[3]  ; 0                 ; 6       ;
;      - feistel_algo:encrypt1|f:key_gen[12].f_inst|xored[22] ; 0                 ; 6       ;
;      - feistel_algo:encrypt1|f:key_gen[10].f_inst|xored[8]  ; 0                 ; 6       ;
;      - feistel_algo:encrypt1|f:key_gen[9].f_inst|xored[17]  ; 0                 ; 6       ;
;      - feistel_algo:encrypt1|f:key_gen[8].f_inst|xored[0]   ; 0                 ; 6       ;
;      - feistel_algo:encrypt1|f:key_gen[7].f_inst|xored[13]  ; 0                 ; 6       ;
;      - feistel_algo:encrypt1|f:key_gen[5].f_inst|xored[20]  ; 0                 ; 6       ;
;      - feistel_algo:encrypt1|f:key_gen[4].f_inst|xored[9]   ; 0                 ; 6       ;
;      - feistel_algo:encrypt1|f:key_gen[3].f_inst|xored[23]  ; 0                 ; 6       ;
;      - feistel_algo:encrypt1|f:key_gen[1].f_inst|xored[14]  ; 0                 ; 6       ;
;      - feistel_algo:encrypt1|f:key_gen[0].f_inst|xored[5]   ; 0                 ; 6       ;
;      - feistel_algo:encrypt1|R~2941                         ; 0                 ; 6       ;
;      - feistel_algo:encrypt1|R~2942                         ; 0                 ; 6       ;
;      - feistel_algo:encrypt1|R~2984                         ; 0                 ; 6       ;
;      - feistel_algo:encrypt1|R~2993                         ; 0                 ; 6       ;
;      - feistel_algo:encrypt1|R~3014                         ; 0                 ; 6       ;
; key1[17]                                                    ;                   ;         ;
;      - feistel_algo:encrypt1|f:key_gen[15].f_inst|xored[21] ; 0                 ; 6       ;
;      - feistel_algo:encrypt1|f:key_gen[14].f_inst|xored[0]  ; 0                 ; 6       ;
;      - feistel_algo:encrypt1|f:key_gen[13].f_inst|xored[7]  ; 0                 ; 6       ;
;      - feistel_algo:encrypt1|f:key_gen[12].f_inst|xored[2]  ; 0                 ; 6       ;
;      - feistel_algo:encrypt1|f:key_gen[10].f_inst|xored[16] ; 0                 ; 6       ;
;      - feistel_algo:encrypt1|f:key_gen[9].f_inst|xored[4]   ; 0                 ; 6       ;
;      - feistel_algo:encrypt1|f:key_gen[8].f_inst|xored[11]  ; 0                 ; 6       ;
;      - feistel_algo:encrypt1|f:key_gen[7].f_inst|xored[14]  ; 0                 ; 6       ;
;      - feistel_algo:encrypt1|f:key_gen[6].f_inst|xored[19]  ; 0                 ; 6       ;
;      - feistel_algo:encrypt1|f:key_gen[5].f_inst|xored[10]  ; 0                 ; 6       ;
;      - feistel_algo:encrypt1|f:key_gen[4].f_inst|xored[15]  ; 0                 ; 6       ;
;      - feistel_algo:encrypt1|f:key_gen[3].f_inst|xored[6]   ; 0                 ; 6       ;
;      - feistel_algo:encrypt1|f:key_gen[2].f_inst|xored[18]  ; 0                 ; 6       ;
;      - feistel_algo:encrypt1|f:key_gen[1].f_inst|xored[1]   ; 0                 ; 6       ;
;      - feistel_algo:encrypt1|f:key_gen[0].f_inst|xored[17]  ; 0                 ; 6       ;
;      - feistel_algo:encrypt1|R~2945                         ; 0                 ; 6       ;
;      - feistel_algo:encrypt1|R~2972                         ; 0                 ; 6       ;
;      - feistel_algo:encrypt1|R~3030                         ; 0                 ; 6       ;
; key1[5]                                                     ;                   ;         ;
;      - feistel_algo:encrypt1|f:key_gen[15].f_inst|xored[46] ; 0                 ; 6       ;
;      - feistel_algo:encrypt1|f:key_gen[13].f_inst|xored[26] ; 0                 ; 6       ;
;      - feistel_algo:encrypt1|f:key_gen[11].f_inst|xored[44] ; 0                 ; 6       ;
;      - feistel_algo:encrypt1|f:key_gen[10].f_inst|xored[31] ; 0                 ; 6       ;
;      - feistel_algo:encrypt1|f:key_gen[9].f_inst|xored[40]  ; 0                 ; 6       ;
;      - feistel_algo:encrypt1|f:key_gen[8].f_inst|xored[24]  ; 0                 ; 6       ;
;      - feistel_algo:encrypt1|f:key_gen[7].f_inst|xored[41]  ; 0                 ; 6       ;
;      - feistel_algo:encrypt1|f:key_gen[6].f_inst|xored[42]  ; 0                 ; 6       ;
;      - feistel_algo:encrypt1|f:key_gen[5].f_inst|xored[28]  ; 0                 ; 6       ;
;      - feistel_algo:encrypt1|f:key_gen[3].f_inst|xored[45]  ; 0                 ; 6       ;
;      - feistel_algo:encrypt1|f:key_gen[2].f_inst|xored[25]  ; 0                 ; 6       ;
;      - feistel_algo:encrypt1|f:key_gen[1].f_inst|xored[39]  ; 0                 ; 6       ;
;      - feistel_algo:encrypt1|f:key_gen[0].f_inst|xored[29]  ; 0                 ; 6       ;
;      - feistel_algo:encrypt1|R~3051                         ; 0                 ; 6       ;
; key1[61]                                                    ;                   ;         ;
;      - feistel_algo:encrypt1|f:key_gen[15].f_inst|xored[44] ; 1                 ; 6       ;
;      - feistel_algo:encrypt1|f:key_gen[13].f_inst|xored[27] ; 1                 ; 6       ;
;      - feistel_algo:encrypt1|f:key_gen[12].f_inst|xored[43] ; 1                 ; 6       ;
;      - feistel_algo:encrypt1|f:key_gen[11].f_inst|xored[41] ; 1                 ; 6       ;
;      - feistel_algo:encrypt1|f:key_gen[10].f_inst|xored[42] ; 1                 ; 6       ;
;      - feistel_algo:encrypt1|f:key_gen[9].f_inst|xored[28]  ; 1                 ; 6       ;
;      - feistel_algo:encrypt1|f:key_gen[7].f_inst|xored[36]  ; 1                 ; 6       ;
;      - feistel_algo:encrypt1|f:key_gen[6].f_inst|xored[33]  ; 1                 ; 6       ;
;      - feistel_algo:encrypt1|f:key_gen[5].f_inst|xored[47]  ; 1                 ; 6       ;
;      - feistel_algo:encrypt1|f:key_gen[4].f_inst|xored[29]  ; 1                 ; 6       ;
;      - feistel_algo:encrypt1|f:key_gen[2].f_inst|xored[26]  ; 1                 ; 6       ;
;      - feistel_algo:encrypt1|f:key_gen[0].f_inst|xored[35]  ; 1                 ; 6       ;
;      - feistel_algo:encrypt1|R~3047                         ; 1                 ; 6       ;
; key1[39]                                                    ;                   ;         ;
;      - feistel_algo:encrypt1|f:key_gen[15].f_inst|xored[42] ; 1                 ; 6       ;
;      - feistel_algo:encrypt1|f:key_gen[14].f_inst|xored[38] ; 1                 ; 6       ;
;      - feistel_algo:encrypt1|f:key_gen[13].f_inst|xored[30] ; 1                 ; 6       ;
;      - feistel_algo:encrypt1|f:key_gen[12].f_inst|xored[36] ; 1                 ; 6       ;
;      - feistel_algo:encrypt1|f:key_gen[11].f_inst|xored[33] ; 1                 ; 6       ;
;      - feistel_algo:encrypt1|f:key_gen[10].f_inst|xored[47] ; 1                 ; 6       ;
;      - feistel_algo:encrypt1|f:key_gen[9].f_inst|xored[29]  ; 1                 ; 6       ;
;      - feistel_algo:encrypt1|f:key_gen[7].f_inst|xored[34]  ; 1                 ; 6       ;
;      - feistel_algo:encrypt1|f:key_gen[6].f_inst|xored[37]  ; 1                 ; 6       ;
;      - feistel_algo:encrypt1|f:key_gen[5].f_inst|xored[35]  ; 1                 ; 6       ;
;      - feistel_algo:encrypt1|f:key_gen[3].f_inst|xored[27]  ; 1                 ; 6       ;
;      - feistel_algo:encrypt1|f:key_gen[2].f_inst|xored[43]  ; 1                 ; 6       ;
;      - feistel_algo:encrypt1|f:key_gen[1].f_inst|xored[41]  ; 1                 ; 6       ;
;      - feistel_algo:encrypt1|f:key_gen[0].f_inst|xored[32]  ; 1                 ; 6       ;
;      - feistel_algo:encrypt1|R~3052                         ; 1                 ; 6       ;
;      - feistel_algo:encrypt1|R~3057                         ; 1                 ; 6       ;
; key1[7]                                                     ;                   ;         ;
;      - feistel_algo:encrypt1|f:key_gen[15].f_inst|xored[43] ; 0                 ; 6       ;
;      - feistel_algo:encrypt1|f:key_gen[14].f_inst|xored[24] ; 0                 ; 6       ;
;      - feistel_algo:encrypt1|f:key_gen[13].f_inst|xored[32] ; 0                 ; 6       ;
;      - feistel_algo:encrypt1|f:key_gen[12].f_inst|xored[38] ; 0                 ; 6       ;
;      - feistel_algo:encrypt1|f:key_gen[11].f_inst|xored[30] ; 0                 ; 6       ;
;      - feistel_algo:encrypt1|f:key_gen[10].f_inst|xored[36] ; 0                 ; 6       ;
;      - feistel_algo:encrypt1|f:key_gen[9].f_inst|xored[33]  ; 0                 ; 6       ;
;      - feistel_algo:encrypt1|f:key_gen[8].f_inst|xored[47]  ; 0                 ; 6       ;
;      - feistel_algo:encrypt1|f:key_gen[7].f_inst|xored[39]  ; 0                 ; 6       ;
;      - feistel_algo:encrypt1|f:key_gen[6].f_inst|xored[46]  ; 0                 ; 6       ;
;      - feistel_algo:encrypt1|f:key_gen[5].f_inst|xored[34]  ; 0                 ; 6       ;
;      - feistel_algo:encrypt1|f:key_gen[4].f_inst|xored[37]  ; 0                 ; 6       ;
;      - feistel_algo:encrypt1|f:key_gen[3].f_inst|xored[35]  ; 0                 ; 6       ;
;      - feistel_algo:encrypt1|f:key_gen[1].f_inst|xored[27]  ; 0                 ; 6       ;
;      - feistel_algo:encrypt1|f:key_gen[0].f_inst|xored[40]  ; 0                 ; 6       ;
;      - feistel_algo:encrypt1|R~3054                         ; 0                 ; 6       ;
; key1[46]                                                    ;                   ;         ;
;      - feistel_algo:encrypt1|f:key_gen[15].f_inst|xored[47] ; 0                 ; 6       ;
;      - feistel_algo:encrypt1|f:key_gen[14].f_inst|xored[39] ; 0                 ; 6       ;
;      - feistel_algo:encrypt1|f:key_gen[13].f_inst|xored[46] ; 0                 ; 6       ;
;      - feistel_algo:encrypt1|f:key_gen[12].f_inst|xored[34] ; 0                 ; 6       ;
;      - feistel_algo:encrypt1|f:key_gen[11].f_inst|xored[37] ; 0                 ; 6       ;
;      - feistel_algo:encrypt1|f:key_gen[10].f_inst|xored[35] ; 0                 ; 6       ;
;      - feistel_algo:encrypt1|f:key_gen[8].f_inst|xored[27]  ; 0                 ; 6       ;
;      - feistel_algo:encrypt1|f:key_gen[7].f_inst|xored[40]  ; 0                 ; 6       ;
;      - feistel_algo:encrypt1|f:key_gen[6].f_inst|xored[24]  ; 0                 ; 6       ;
;      - feistel_algo:encrypt1|f:key_gen[5].f_inst|xored[32]  ; 0                 ; 6       ;
;      - feistel_algo:encrypt1|f:key_gen[4].f_inst|xored[38]  ; 0                 ; 6       ;
;      - feistel_algo:encrypt1|f:key_gen[3].f_inst|xored[30]  ; 0                 ; 6       ;
;      - feistel_algo:encrypt1|f:key_gen[2].f_inst|xored[36]  ; 0                 ; 6       ;
;      - feistel_algo:encrypt1|f:key_gen[1].f_inst|xored[33]  ; 0                 ; 6       ;
;      - feistel_algo:encrypt1|f:key_gen[0].f_inst|xored[25]  ; 0                 ; 6       ;
;      - feistel_algo:encrypt1|R~3047                         ; 0                 ; 6       ;
; key1[22]                                                    ;                   ;         ;
;      - feistel_algo:encrypt1|f:key_gen[15].f_inst|xored[45] ; 0                 ; 6       ;
;      - feistel_algo:encrypt1|f:key_gen[14].f_inst|xored[33] ; 0                 ; 6       ;
;      - feistel_algo:encrypt1|f:key_gen[13].f_inst|xored[47] ; 0                 ; 6       ;
;      - feistel_algo:encrypt1|f:key_gen[12].f_inst|xored[29] ; 0                 ; 6       ;
;      - feistel_algo:encrypt1|f:key_gen[10].f_inst|xored[26] ; 0                 ; 6       ;
;      - feistel_algo:encrypt1|f:key_gen[8].f_inst|xored[44]  ; 0                 ; 6       ;
;      - feistel_algo:encrypt1|f:key_gen[6].f_inst|xored[27]  ; 0                 ; 6       ;
;      - feistel_algo:encrypt1|f:key_gen[5].f_inst|xored[43]  ; 0                 ; 6       ;
;      - feistel_algo:encrypt1|f:key_gen[4].f_inst|xored[41]  ; 0                 ; 6       ;
;      - feistel_algo:encrypt1|f:key_gen[3].f_inst|xored[42]  ; 0                 ; 6       ;
;      - feistel_algo:encrypt1|f:key_gen[2].f_inst|xored[28]  ; 0                 ; 6       ;
;      - feistel_algo:encrypt1|f:key_gen[0].f_inst|xored[36]  ; 0                 ; 6       ;
;      - feistel_algo:encrypt1|R~3054                         ; 0                 ; 6       ;
; key1[28]                                                    ;                   ;         ;
;      - feistel_algo:encrypt1|f:key_gen[15].f_inst|xored[40] ; 1                 ; 6       ;
;      - feistel_algo:encrypt1|f:key_gen[14].f_inst|xored[43] ; 1                 ; 6       ;
;      - feistel_algo:encrypt1|f:key_gen[13].f_inst|xored[41] ; 1                 ; 6       ;
;      - feistel_algo:encrypt1|f:key_gen[12].f_inst|xored[42] ; 1                 ; 6       ;
;      - feistel_algo:encrypt1|f:key_gen[11].f_inst|xored[28] ; 1                 ; 6       ;
;      - feistel_algo:encrypt1|f:key_gen[9].f_inst|xored[45]  ; 1                 ; 6       ;
;      - feistel_algo:encrypt1|f:key_gen[8].f_inst|xored[25]  ; 1                 ; 6       ;
;      - feistel_algo:encrypt1|f:key_gen[7].f_inst|xored[47]  ; 1                 ; 6       ;
;      - feistel_algo:encrypt1|f:key_gen[6].f_inst|xored[29]  ; 1                 ; 6       ;
;      - feistel_algo:encrypt1|f:key_gen[4].f_inst|xored[26]  ; 1                 ; 6       ;
;      - feistel_algo:encrypt1|f:key_gen[2].f_inst|xored[44]  ; 1                 ; 6       ;
;      - feistel_algo:encrypt1|f:key_gen[1].f_inst|xored[31]  ; 1                 ; 6       ;
;      - feistel_algo:encrypt1|f:key_gen[0].f_inst|xored[27]  ; 1                 ; 6       ;
;      - feistel_algo:encrypt1|R~3045                         ; 1                 ; 6       ;
; key1[54]                                                    ;                   ;         ;
;      - feistel_algo:encrypt1|f:key_gen[15].f_inst|xored[39] ; 1                 ; 6       ;
;      - feistel_algo:encrypt1|f:key_gen[14].f_inst|xored[29] ; 1                 ; 6       ;
;      - feistel_algo:encrypt1|f:key_gen[12].f_inst|xored[26] ; 1                 ; 6       ;
;      - feistel_algo:encrypt1|f:key_gen[10].f_inst|xored[44] ; 1                 ; 6       ;
;      - feistel_algo:encrypt1|f:key_gen[9].f_inst|xored[31]  ; 1                 ; 6       ;
;      - feistel_algo:encrypt1|f:key_gen[8].f_inst|xored[40]  ; 1                 ; 6       ;
;      - feistel_algo:encrypt1|f:key_gen[7].f_inst|xored[43]  ; 1                 ; 6       ;
;      - feistel_algo:encrypt1|f:key_gen[6].f_inst|xored[41]  ; 1                 ; 6       ;
;      - feistel_algo:encrypt1|f:key_gen[5].f_inst|xored[42]  ; 1                 ; 6       ;
;      - feistel_algo:encrypt1|f:key_gen[4].f_inst|xored[28]  ; 1                 ; 6       ;
;      - feistel_algo:encrypt1|f:key_gen[2].f_inst|xored[45]  ; 1                 ; 6       ;
;      - feistel_algo:encrypt1|f:key_gen[1].f_inst|xored[25]  ; 1                 ; 6       ;
;      - feistel_algo:encrypt1|f:key_gen[0].f_inst|xored[47]  ; 1                 ; 6       ;
;      - feistel_algo:encrypt1|R~3052                         ; 1                 ; 6       ;
; key1[47]                                                    ;                   ;         ;
;      - feistel_algo:encrypt1|f:key_gen[15].f_inst|xored[38] ; 1                 ; 6       ;
;      - feistel_algo:encrypt1|f:key_gen[14].f_inst|xored[28] ; 1                 ; 6       ;
;      - feistel_algo:encrypt1|f:key_gen[12].f_inst|xored[45] ; 1                 ; 6       ;
;      - feistel_algo:encrypt1|f:key_gen[11].f_inst|xored[25] ; 1                 ; 6       ;
;      - feistel_algo:encrypt1|f:key_gen[10].f_inst|xored[39] ; 1                 ; 6       ;
;      - feistel_algo:encrypt1|f:key_gen[9].f_inst|xored[46]  ; 1                 ; 6       ;
;      - feistel_algo:encrypt1|f:key_gen[8].f_inst|xored[34]  ; 1                 ; 6       ;
;      - feistel_algo:encrypt1|f:key_gen[7].f_inst|xored[26]  ; 1                 ; 6       ;
;      - feistel_algo:encrypt1|f:key_gen[5].f_inst|xored[44]  ; 1                 ; 6       ;
;      - feistel_algo:encrypt1|f:key_gen[4].f_inst|xored[31]  ; 1                 ; 6       ;
;      - feistel_algo:encrypt1|f:key_gen[3].f_inst|xored[40]  ; 1                 ; 6       ;
;      - feistel_algo:encrypt1|f:key_gen[2].f_inst|xored[24]  ; 1                 ; 6       ;
;      - feistel_algo:encrypt1|f:key_gen[1].f_inst|xored[32]  ; 1                 ; 6       ;
;      - feistel_algo:encrypt1|f:key_gen[0].f_inst|xored[42]  ; 1                 ; 6       ;
; key1[14]                                                    ;                   ;         ;
;      - feistel_algo:encrypt1|f:key_gen[15].f_inst|xored[36] ; 0                 ; 6       ;
;      - feistel_algo:encrypt1|f:key_gen[14].f_inst|xored[45] ; 0                 ; 6       ;
;      - feistel_algo:encrypt1|f:key_gen[13].f_inst|xored[25] ; 0                 ; 6       ;
;      - feistel_algo:encrypt1|f:key_gen[12].f_inst|xored[39] ; 0                 ; 6       ;
;      - feistel_algo:encrypt1|f:key_gen[11].f_inst|xored[46] ; 0                 ; 6       ;
;      - feistel_algo:encrypt1|f:key_gen[10].f_inst|xored[34] ; 0                 ; 6       ;
;      - feistel_algo:encrypt1|f:key_gen[9].f_inst|xored[37]  ; 0                 ; 6       ;
;      - feistel_algo:encrypt1|f:key_gen[8].f_inst|xored[35]  ; 0                 ; 6       ;
;      - feistel_algo:encrypt1|f:key_gen[7].f_inst|xored[44]  ; 0                 ; 6       ;
;      - feistel_algo:encrypt1|f:key_gen[6].f_inst|xored[31]  ; 0                 ; 6       ;
;      - feistel_algo:encrypt1|f:key_gen[5].f_inst|xored[40]  ; 0                 ; 6       ;
;      - feistel_algo:encrypt1|f:key_gen[4].f_inst|xored[24]  ; 0                 ; 6       ;
;      - feistel_algo:encrypt1|f:key_gen[3].f_inst|xored[32]  ; 0                 ; 6       ;
;      - feistel_algo:encrypt1|f:key_gen[2].f_inst|xored[38]  ; 0                 ; 6       ;
;      - feistel_algo:encrypt1|f:key_gen[1].f_inst|xored[30]  ; 0                 ; 6       ;
;      - feistel_algo:encrypt1|R~3049                         ; 0                 ; 6       ;
; key1[37]                                                    ;                   ;         ;
;      - feistel_algo:encrypt1|f:key_gen[15].f_inst|xored[37] ; 1                 ; 6       ;
;      - feistel_algo:encrypt1|f:key_gen[13].f_inst|xored[44] ; 1                 ; 6       ;
;      - feistel_algo:encrypt1|f:key_gen[12].f_inst|xored[31] ; 1                 ; 6       ;
;      - feistel_algo:encrypt1|f:key_gen[11].f_inst|xored[40] ; 1                 ; 6       ;
;      - feistel_algo:encrypt1|f:key_gen[10].f_inst|xored[24] ; 1                 ; 6       ;
;      - feistel_algo:encrypt1|f:key_gen[9].f_inst|xored[32]  ; 1                 ; 6       ;
;      - feistel_algo:encrypt1|f:key_gen[8].f_inst|xored[38]  ; 1                 ; 6       ;
;      - feistel_algo:encrypt1|f:key_gen[7].f_inst|xored[28]  ; 1                 ; 6       ;
;      - feistel_algo:encrypt1|f:key_gen[5].f_inst|xored[45]  ; 1                 ; 6       ;
;      - feistel_algo:encrypt1|f:key_gen[4].f_inst|xored[25]  ; 1                 ; 6       ;
;      - feistel_algo:encrypt1|f:key_gen[3].f_inst|xored[39]  ; 1                 ; 6       ;
;      - feistel_algo:encrypt1|f:key_gen[2].f_inst|xored[46]  ; 1                 ; 6       ;
;      - feistel_algo:encrypt1|f:key_gen[1].f_inst|xored[34]  ; 1                 ; 6       ;
;      - feistel_algo:encrypt1|f:key_gen[0].f_inst|xored[26]  ; 1                 ; 6       ;
;      - feistel_algo:encrypt1|R16~203                        ; 1                 ; 6       ;
; key1[23]                                                    ;                   ;         ;
;      - feistel_algo:encrypt1|f:key_gen[15].f_inst|xored[41] ; 0                 ; 6       ;
;      - feistel_algo:encrypt1|f:key_gen[14].f_inst|xored[32] ; 0                 ; 6       ;
;      - feistel_algo:encrypt1|f:key_gen[13].f_inst|xored[38] ; 0                 ; 6       ;
;      - feistel_algo:encrypt1|f:key_gen[12].f_inst|xored[30] ; 0                 ; 6       ;
;      - feistel_algo:encrypt1|f:key_gen[11].f_inst|xored[36] ; 0                 ; 6       ;
;      - feistel_algo:encrypt1|f:key_gen[10].f_inst|xored[33] ; 0                 ; 6       ;
;      - feistel_algo:encrypt1|f:key_gen[9].f_inst|xored[47]  ; 0                 ; 6       ;
;      - feistel_algo:encrypt1|f:key_gen[8].f_inst|xored[29]  ; 0                 ; 6       ;
;      - feistel_algo:encrypt1|f:key_gen[7].f_inst|xored[46]  ; 0                 ; 6       ;
;      - feistel_algo:encrypt1|f:key_gen[6].f_inst|xored[34]  ; 0                 ; 6       ;
;      - feistel_algo:encrypt1|f:key_gen[5].f_inst|xored[37]  ; 0                 ; 6       ;
;      - feistel_algo:encrypt1|f:key_gen[4].f_inst|xored[35]  ; 0                 ; 6       ;
;      - feistel_algo:encrypt1|f:key_gen[2].f_inst|xored[27]  ; 0                 ; 6       ;
;      - feistel_algo:encrypt1|f:key_gen[1].f_inst|xored[43]  ; 0                 ; 6       ;
;      - feistel_algo:encrypt1|f:key_gen[0].f_inst|xored[24]  ; 0                 ; 6       ;
;      - feistel_algo:encrypt1|R16~203                        ; 0                 ; 6       ;
;      - feistel_algo:encrypt1|R~3053                         ; 0                 ; 6       ;
; key1[20]                                                    ;                   ;         ;
;      - feistel_algo:encrypt1|f:key_gen[15].f_inst|xored[27] ; 1                 ; 6       ;
;      - feistel_algo:encrypt1|f:key_gen[14].f_inst|xored[40] ; 1                 ; 6       ;
;      - feistel_algo:encrypt1|f:key_gen[13].f_inst|xored[24] ; 1                 ; 6       ;
;      - feistel_algo:encrypt1|f:key_gen[12].f_inst|xored[32] ; 1                 ; 6       ;
;      - feistel_algo:encrypt1|f:key_gen[11].f_inst|xored[38] ; 1                 ; 6       ;
;      - feistel_algo:encrypt1|f:key_gen[10].f_inst|xored[30] ; 1                 ; 6       ;
;      - feistel_algo:encrypt1|f:key_gen[9].f_inst|xored[36]  ; 1                 ; 6       ;
;      - feistel_algo:encrypt1|f:key_gen[8].f_inst|xored[33]  ; 1                 ; 6       ;
;      - feistel_algo:encrypt1|f:key_gen[7].f_inst|xored[25]  ; 1                 ; 6       ;
;      - feistel_algo:encrypt1|f:key_gen[6].f_inst|xored[39]  ; 1                 ; 6       ;
;      - feistel_algo:encrypt1|f:key_gen[5].f_inst|xored[46]  ; 1                 ; 6       ;
;      - feistel_algo:encrypt1|f:key_gen[4].f_inst|xored[34]  ; 1                 ; 6       ;
;      - feistel_algo:encrypt1|f:key_gen[3].f_inst|xored[37]  ; 1                 ; 6       ;
;      - feistel_algo:encrypt1|f:key_gen[2].f_inst|xored[35]  ; 1                 ; 6       ;
;      - feistel_algo:encrypt1|f:key_gen[0].f_inst|xored[31]  ; 1                 ; 6       ;
;      - feistel_algo:encrypt1|R~3055                         ; 1                 ; 6       ;
; key1[62]                                                    ;                   ;         ;
;      - feistel_algo:encrypt1|f:key_gen[15].f_inst|xored[29] ; 0                 ; 6       ;
;      - feistel_algo:encrypt1|f:key_gen[14].f_inst|xored[46] ; 0                 ; 6       ;
;      - feistel_algo:encrypt1|f:key_gen[13].f_inst|xored[34] ; 0                 ; 6       ;
;      - feistel_algo:encrypt1|f:key_gen[12].f_inst|xored[37] ; 0                 ; 6       ;
;      - feistel_algo:encrypt1|f:key_gen[11].f_inst|xored[35] ; 0                 ; 6       ;
;      - feistel_algo:encrypt1|f:key_gen[9].f_inst|xored[27]  ; 0                 ; 6       ;
;      - feistel_algo:encrypt1|f:key_gen[8].f_inst|xored[43]  ; 0                 ; 6       ;
;      - feistel_algo:encrypt1|f:key_gen[7].f_inst|xored[24]  ; 0                 ; 6       ;
;      - feistel_algo:encrypt1|f:key_gen[6].f_inst|xored[32]  ; 0                 ; 6       ;
;      - feistel_algo:encrypt1|f:key_gen[5].f_inst|xored[38]  ; 0                 ; 6       ;
;      - feistel_algo:encrypt1|f:key_gen[4].f_inst|xored[30]  ; 0                 ; 6       ;
;      - feistel_algo:encrypt1|f:key_gen[3].f_inst|xored[36]  ; 0                 ; 6       ;
;      - feistel_algo:encrypt1|f:key_gen[2].f_inst|xored[33]  ; 0                 ; 6       ;
;      - feistel_algo:encrypt1|f:key_gen[1].f_inst|xored[47]  ; 0                 ; 6       ;
;      - feistel_algo:encrypt1|f:key_gen[0].f_inst|xored[39]  ; 0                 ; 6       ;
;      - feistel_algo:encrypt1|R~3046                         ; 0                 ; 6       ;
; key1[15]                                                    ;                   ;         ;
;      - feistel_algo:encrypt1|f:key_gen[15].f_inst|xored[24] ; 0                 ; 6       ;
;      - feistel_algo:encrypt1|f:key_gen[14].f_inst|xored[41] ; 0                 ; 6       ;
;      - feistel_algo:encrypt1|f:key_gen[13].f_inst|xored[42] ; 0                 ; 6       ;
;      - feistel_algo:encrypt1|f:key_gen[12].f_inst|xored[28] ; 0                 ; 6       ;
;      - feistel_algo:encrypt1|f:key_gen[10].f_inst|xored[45] ; 0                 ; 6       ;
;      - feistel_algo:encrypt1|f:key_gen[9].f_inst|xored[25]  ; 0                 ; 6       ;
;      - feistel_algo:encrypt1|f:key_gen[8].f_inst|xored[39]  ; 0                 ; 6       ;
;      - feistel_algo:encrypt1|f:key_gen[7].f_inst|xored[29]  ; 0                 ; 6       ;
;      - feistel_algo:encrypt1|f:key_gen[5].f_inst|xored[26]  ; 0                 ; 6       ;
;      - feistel_algo:encrypt1|f:key_gen[3].f_inst|xored[44]  ; 0                 ; 6       ;
;      - feistel_algo:encrypt1|f:key_gen[2].f_inst|xored[31]  ; 0                 ; 6       ;
;      - feistel_algo:encrypt1|f:key_gen[1].f_inst|xored[40]  ; 0                 ; 6       ;
;      - feistel_algo:encrypt1|f:key_gen[0].f_inst|xored[43]  ; 0                 ; 6       ;
;      - feistel_algo:encrypt1|R~3044                         ; 0                 ; 6       ;
; key1[38]                                                    ;                   ;         ;
;      - feistel_algo:encrypt1|f:key_gen[15].f_inst|xored[25] ; 1                 ; 6       ;
;      - feistel_algo:encrypt1|f:key_gen[14].f_inst|xored[47] ; 1                 ; 6       ;
;      - feistel_algo:encrypt1|f:key_gen[13].f_inst|xored[29] ; 1                 ; 6       ;
;      - feistel_algo:encrypt1|f:key_gen[11].f_inst|xored[26] ; 1                 ; 6       ;
;      - feistel_algo:encrypt1|f:key_gen[9].f_inst|xored[44]  ; 1                 ; 6       ;
;      - feistel_algo:encrypt1|f:key_gen[8].f_inst|xored[31]  ; 1                 ; 6       ;
;      - feistel_algo:encrypt1|f:key_gen[7].f_inst|xored[27]  ; 1                 ; 6       ;
;      - feistel_algo:encrypt1|f:key_gen[6].f_inst|xored[43]  ; 1                 ; 6       ;
;      - feistel_algo:encrypt1|f:key_gen[5].f_inst|xored[41]  ; 1                 ; 6       ;
;      - feistel_algo:encrypt1|f:key_gen[4].f_inst|xored[42]  ; 1                 ; 6       ;
;      - feistel_algo:encrypt1|f:key_gen[3].f_inst|xored[28]  ; 1                 ; 6       ;
;      - feistel_algo:encrypt1|f:key_gen[1].f_inst|xored[45]  ; 1                 ; 6       ;
;      - feistel_algo:encrypt1|f:key_gen[0].f_inst|xored[33]  ; 1                 ; 6       ;
;      - feistel_algo:encrypt1|R~3053                         ; 1                 ; 6       ;
; key1[29]                                                    ;                   ;         ;
;      - feistel_algo:encrypt1|f:key_gen[15].f_inst|xored[26] ; 1                 ; 6       ;
;      - feistel_algo:encrypt1|f:key_gen[14].f_inst|xored[37] ; 1                 ; 6       ;
;      - feistel_algo:encrypt1|f:key_gen[13].f_inst|xored[35] ; 1                 ; 6       ;
;      - feistel_algo:encrypt1|f:key_gen[11].f_inst|xored[27] ; 1                 ; 6       ;
;      - feistel_algo:encrypt1|f:key_gen[10].f_inst|xored[43] ; 1                 ; 6       ;
;      - feistel_algo:encrypt1|f:key_gen[9].f_inst|xored[41]  ; 1                 ; 6       ;
;      - feistel_algo:encrypt1|f:key_gen[8].f_inst|xored[42]  ; 1                 ; 6       ;
;      - feistel_algo:encrypt1|f:key_gen[7].f_inst|xored[38]  ; 1                 ; 6       ;
;      - feistel_algo:encrypt1|f:key_gen[6].f_inst|xored[30]  ; 1                 ; 6       ;
;      - feistel_algo:encrypt1|f:key_gen[5].f_inst|xored[36]  ; 1                 ; 6       ;
;      - feistel_algo:encrypt1|f:key_gen[4].f_inst|xored[33]  ; 1                 ; 6       ;
;      - feistel_algo:encrypt1|f:key_gen[3].f_inst|xored[47]  ; 1                 ; 6       ;
;      - feistel_algo:encrypt1|f:key_gen[2].f_inst|xored[29]  ; 1                 ; 6       ;
;      - feistel_algo:encrypt1|f:key_gen[0].f_inst|xored[34]  ; 1                 ; 6       ;
;      - feistel_algo:encrypt1|R~3044                         ; 1                 ; 6       ;
;      - feistel_algo:encrypt1|R~3049                         ; 1                 ; 6       ;
; key1[55]                                                    ;                   ;         ;
;      - feistel_algo:encrypt1|f:key_gen[15].f_inst|xored[28] ; 1                 ; 6       ;
;      - feistel_algo:encrypt1|f:key_gen[14].f_inst|xored[30] ; 1                 ; 6       ;
;      - feistel_algo:encrypt1|f:key_gen[13].f_inst|xored[36] ; 1                 ; 6       ;
;      - feistel_algo:encrypt1|f:key_gen[12].f_inst|xored[33] ; 1                 ; 6       ;
;      - feistel_algo:encrypt1|f:key_gen[11].f_inst|xored[47] ; 1                 ; 6       ;
;      - feistel_algo:encrypt1|f:key_gen[10].f_inst|xored[29] ; 1                 ; 6       ;
;      - feistel_algo:encrypt1|f:key_gen[8].f_inst|xored[26]  ; 1                 ; 6       ;
;      - feistel_algo:encrypt1|f:key_gen[7].f_inst|xored[37]  ; 1                 ; 6       ;
;      - feistel_algo:encrypt1|f:key_gen[6].f_inst|xored[35]  ; 1                 ; 6       ;
;      - feistel_algo:encrypt1|f:key_gen[4].f_inst|xored[27]  ; 1                 ; 6       ;
;      - feistel_algo:encrypt1|f:key_gen[3].f_inst|xored[43]  ; 1                 ; 6       ;
;      - feistel_algo:encrypt1|f:key_gen[2].f_inst|xored[41]  ; 1                 ; 6       ;
;      - feistel_algo:encrypt1|f:key_gen[1].f_inst|xored[42]  ; 1                 ; 6       ;
;      - feistel_algo:encrypt1|f:key_gen[0].f_inst|xored[38]  ; 1                 ; 6       ;
;      - feistel_algo:encrypt1|R~3051                         ; 1                 ; 6       ;
;      - feistel_algo:encrypt1|R~3056                         ; 1                 ; 6       ;
; key1[3]                                                     ;                   ;         ;
;      - feistel_algo:encrypt1|f:key_gen[15].f_inst|xored[14] ; 0                 ; 6       ;
;      - feistel_algo:encrypt1|f:key_gen[14].f_inst|xored[5]  ; 0                 ; 6       ;
;      - feistel_algo:encrypt1|f:key_gen[13].f_inst|xored[12] ; 0                 ; 6       ;
;      - feistel_algo:encrypt1|f:key_gen[12].f_inst|xored[3]  ; 0                 ; 6       ;
;      - feistel_algo:encrypt1|f:key_gen[11].f_inst|xored[22] ; 0                 ; 6       ;
;      - feistel_algo:encrypt1|f:key_gen[9].f_inst|xored[8]   ; 0                 ; 6       ;
;      - feistel_algo:encrypt1|f:key_gen[8].f_inst|xored[17]  ; 0                 ; 6       ;
;      - feistel_algo:encrypt1|f:key_gen[7].f_inst|xored[21]  ; 0                 ; 6       ;
;      - feistel_algo:encrypt1|f:key_gen[6].f_inst|xored[13]  ; 0                 ; 6       ;
;      - feistel_algo:encrypt1|f:key_gen[4].f_inst|xored[20]  ; 0                 ; 6       ;
;      - feistel_algo:encrypt1|f:key_gen[3].f_inst|xored[9]   ; 0                 ; 6       ;
;      - feistel_algo:encrypt1|f:key_gen[2].f_inst|xored[23]  ; 0                 ; 6       ;
;      - feistel_algo:encrypt1|f:key_gen[0].f_inst|xored[11]  ; 0                 ; 6       ;
;      - feistel_algo:encrypt1|R~2946                         ; 0                 ; 6       ;
;      - feistel_algo:encrypt1|R~2950                         ; 0                 ; 6       ;
;      - feistel_algo:encrypt1|R~2996                         ; 0                 ; 6       ;
;      - feistel_algo:encrypt1|R~3018                         ; 0                 ; 6       ;
; key1[27]                                                    ;                   ;         ;
;      - feistel_algo:encrypt1|f:key_gen[15].f_inst|xored[12] ; 0                 ; 6       ;
;      - feistel_algo:encrypt1|f:key_gen[14].f_inst|xored[10] ; 0                 ; 6       ;
;      - feistel_algo:encrypt1|f:key_gen[13].f_inst|xored[15] ; 0                 ; 6       ;
;      - feistel_algo:encrypt1|f:key_gen[12].f_inst|xored[6]  ; 0                 ; 6       ;
;      - feistel_algo:encrypt1|f:key_gen[11].f_inst|xored[18] ; 0                 ; 6       ;
;      - feistel_algo:encrypt1|f:key_gen[10].f_inst|xored[1]  ; 0                 ; 6       ;
;      - feistel_algo:encrypt1|f:key_gen[9].f_inst|xored[21]  ; 0                 ; 6       ;
;      - feistel_algo:encrypt1|f:key_gen[8].f_inst|xored[13]  ; 0                 ; 6       ;
;      - feistel_algo:encrypt1|f:key_gen[7].f_inst|xored[7]   ; 0                 ; 6       ;
;      - feistel_algo:encrypt1|f:key_gen[6].f_inst|xored[2]   ; 0                 ; 6       ;
;      - feistel_algo:encrypt1|f:key_gen[4].f_inst|xored[16]  ; 0                 ; 6       ;
;      - feistel_algo:encrypt1|f:key_gen[3].f_inst|xored[4]   ; 0                 ; 6       ;
;      - feistel_algo:encrypt1|f:key_gen[2].f_inst|xored[11]  ; 0                 ; 6       ;
;      - feistel_algo:encrypt1|f:key_gen[1].f_inst|xored[5]   ; 0                 ; 6       ;
;      - feistel_algo:encrypt1|f:key_gen[0].f_inst|xored[19]  ; 0                 ; 6       ;
;      - feistel_algo:encrypt1|R16~196                        ; 0                 ; 6       ;
;      - feistel_algo:encrypt1|R16~200                        ; 0                 ; 6       ;
;      - feistel_algo:encrypt1|R~2968                         ; 0                 ; 6       ;
;      - feistel_algo:encrypt1|R~2982                         ; 0                 ; 6       ;
;      - feistel_algo:encrypt1|R~3011                         ; 0                 ; 6       ;
; key1[33]                                                    ;                   ;         ;
;      - feistel_algo:encrypt1|f:key_gen[15].f_inst|xored[13] ; 0                 ; 6       ;
;      - feistel_algo:encrypt1|f:key_gen[14].f_inst|xored[7]  ; 0                 ; 6       ;
;      - feistel_algo:encrypt1|f:key_gen[13].f_inst|xored[2]  ; 0                 ; 6       ;
;      - feistel_algo:encrypt1|f:key_gen[11].f_inst|xored[16] ; 0                 ; 6       ;
;      - feistel_algo:encrypt1|f:key_gen[10].f_inst|xored[4]  ; 0                 ; 6       ;
;      - feistel_algo:encrypt1|f:key_gen[9].f_inst|xored[11]  ; 0                 ; 6       ;
;      - feistel_algo:encrypt1|f:key_gen[8].f_inst|xored[5]   ; 0                 ; 6       ;
;      - feistel_algo:encrypt1|f:key_gen[7].f_inst|xored[19]  ; 0                 ; 6       ;
;      - feistel_algo:encrypt1|f:key_gen[6].f_inst|xored[10]  ; 0                 ; 6       ;
;      - feistel_algo:encrypt1|f:key_gen[5].f_inst|xored[15]  ; 0                 ; 6       ;
;      - feistel_algo:encrypt1|f:key_gen[4].f_inst|xored[6]   ; 0                 ; 6       ;
;      - feistel_algo:encrypt1|f:key_gen[3].f_inst|xored[18]  ; 0                 ; 6       ;
;      - feistel_algo:encrypt1|f:key_gen[2].f_inst|xored[1]   ; 0                 ; 6       ;
;      - feistel_algo:encrypt1|f:key_gen[1].f_inst|xored[21]  ; 0                 ; 6       ;
;      - feistel_algo:encrypt1|f:key_gen[0].f_inst|xored[0]   ; 0                 ; 6       ;
;      - feistel_algo:encrypt1|R16~197                        ; 0                 ; 6       ;
;      - feistel_algo:encrypt1|R~2966                         ; 0                 ; 6       ;
;      - feistel_algo:encrypt1|R~3026                         ; 0                 ; 6       ;
;      - feistel_algo:encrypt1|R~3043                         ; 0                 ; 6       ;
; key1[26]                                                    ;                   ;         ;
;      - feistel_algo:encrypt1|f:key_gen[15].f_inst|xored[16] ; 1                 ; 6       ;
;      - feistel_algo:encrypt1|f:key_gen[14].f_inst|xored[23] ; 1                 ; 6       ;
;      - feistel_algo:encrypt1|f:key_gen[12].f_inst|xored[14] ; 1                 ; 6       ;
;      - feistel_algo:encrypt1|f:key_gen[11].f_inst|xored[19] ; 1                 ; 6       ;
;      - feistel_algo:encrypt1|f:key_gen[10].f_inst|xored[10] ; 1                 ; 6       ;
;      - feistel_algo:encrypt1|f:key_gen[9].f_inst|xored[15]  ; 1                 ; 6       ;
;      - feistel_algo:encrypt1|f:key_gen[8].f_inst|xored[6]   ; 1                 ; 6       ;
;      - feistel_algo:encrypt1|f:key_gen[6].f_inst|xored[8]   ; 1                 ; 6       ;
;      - feistel_algo:encrypt1|f:key_gen[5].f_inst|xored[17]  ; 1                 ; 6       ;
;      - feistel_algo:encrypt1|f:key_gen[4].f_inst|xored[0]   ; 1                 ; 6       ;
;      - feistel_algo:encrypt1|f:key_gen[3].f_inst|xored[7]   ; 1                 ; 6       ;
;      - feistel_algo:encrypt1|f:key_gen[2].f_inst|xored[2]   ; 1                 ; 6       ;
;      - feistel_algo:encrypt1|f:key_gen[0].f_inst|xored[9]   ; 1                 ; 6       ;
;      - feistel_algo:encrypt1|R16~198                        ; 1                 ; 6       ;
;      - feistel_algo:encrypt1|R~3015                         ; 1                 ; 6       ;
;      - feistel_algo:encrypt1|R~3042                         ; 1                 ; 6       ;
; key1[9]                                                     ;                   ;         ;
;      - feistel_algo:encrypt1|f:key_gen[15].f_inst|xored[17] ; 1                 ; 6       ;
;      - feistel_algo:encrypt1|f:key_gen[14].f_inst|xored[21] ; 1                 ; 6       ;
;      - feistel_algo:encrypt1|f:key_gen[13].f_inst|xored[13] ; 1                 ; 6       ;
;      - feistel_algo:encrypt1|f:key_gen[11].f_inst|xored[20] ; 1                 ; 6       ;
;      - feistel_algo:encrypt1|f:key_gen[10].f_inst|xored[9]  ; 1                 ; 6       ;
;      - feistel_algo:encrypt1|f:key_gen[9].f_inst|xored[23]  ; 1                 ; 6       ;
;      - feistel_algo:encrypt1|f:key_gen[7].f_inst|xored[11]  ; 1                 ; 6       ;
;      - feistel_algo:encrypt1|f:key_gen[6].f_inst|xored[5]   ; 1                 ; 6       ;
;      - feistel_algo:encrypt1|f:key_gen[5].f_inst|xored[12]  ; 1                 ; 6       ;
;      - feistel_algo:encrypt1|f:key_gen[4].f_inst|xored[3]   ; 1                 ; 6       ;
;      - feistel_algo:encrypt1|f:key_gen[3].f_inst|xored[22]  ; 1                 ; 6       ;
;      - feistel_algo:encrypt1|f:key_gen[1].f_inst|xored[8]   ; 1                 ; 6       ;
;      - feistel_algo:encrypt1|f:key_gen[0].f_inst|xored[1]   ; 1                 ; 6       ;
;      - feistel_algo:encrypt1|R~2947                         ; 1                 ; 6       ;
;      - feistel_algo:encrypt1|R~2973                         ; 1                 ; 6       ;
;      - feistel_algo:encrypt1|R~3003                         ; 1                 ; 6       ;
;      - feistel_algo:encrypt1|R~3005                         ; 1                 ; 6       ;
;      - feistel_algo:encrypt1|R~3040                         ; 1                 ; 6       ;
; key1[51]                                                    ;                   ;         ;
; key1[31]                                                    ;                   ;         ;
; key1[12]                                                    ;                   ;         ;
;      - feistel_algo:encrypt1|f:key_gen[15].f_inst|xored[31] ; 0                 ; 6       ;
;      - feistel_algo:encrypt1|f:key_gen[14].f_inst|xored[27] ; 0                 ; 6       ;
;      - feistel_algo:encrypt1|f:key_gen[13].f_inst|xored[43] ; 0                 ; 6       ;
;      - feistel_algo:encrypt1|f:key_gen[12].f_inst|xored[41] ; 0                 ; 6       ;
;      - feistel_algo:encrypt1|f:key_gen[11].f_inst|xored[42] ; 0                 ; 6       ;
;      - feistel_algo:encrypt1|f:key_gen[10].f_inst|xored[28] ; 0                 ; 6       ;
;      - feistel_algo:encrypt1|f:key_gen[8].f_inst|xored[45]  ; 0                 ; 6       ;
;      - feistel_algo:encrypt1|f:key_gen[7].f_inst|xored[33]  ; 0                 ; 6       ;
;      - feistel_algo:encrypt1|f:key_gen[6].f_inst|xored[47]  ; 0                 ; 6       ;
;      - feistel_algo:encrypt1|f:key_gen[5].f_inst|xored[29]  ; 0                 ; 6       ;
;      - feistel_algo:encrypt1|f:key_gen[3].f_inst|xored[26]  ; 0                 ; 6       ;
;      - feistel_algo:encrypt1|f:key_gen[1].f_inst|xored[44]  ; 0                 ; 6       ;
;      - feistel_algo:encrypt1|R~3046                         ; 0                 ; 6       ;
; key1[63]                                                    ;                   ;         ;
;      - feistel_algo:encrypt1|f:key_gen[15].f_inst|xored[30] ; 0                 ; 6       ;
;      - feistel_algo:encrypt1|f:key_gen[13].f_inst|xored[45] ; 0                 ; 6       ;
;      - feistel_algo:encrypt1|f:key_gen[12].f_inst|xored[25] ; 0                 ; 6       ;
;      - feistel_algo:encrypt1|f:key_gen[11].f_inst|xored[39] ; 0                 ; 6       ;
;      - feistel_algo:encrypt1|f:key_gen[10].f_inst|xored[46] ; 0                 ; 6       ;
;      - feistel_algo:encrypt1|f:key_gen[9].f_inst|xored[34]  ; 0                 ; 6       ;
;      - feistel_algo:encrypt1|f:key_gen[8].f_inst|xored[37]  ; 0                 ; 6       ;
;      - feistel_algo:encrypt1|f:key_gen[6].f_inst|xored[44]  ; 0                 ; 6       ;
;      - feistel_algo:encrypt1|f:key_gen[5].f_inst|xored[31]  ; 0                 ; 6       ;
;      - feistel_algo:encrypt1|f:key_gen[4].f_inst|xored[40]  ; 0                 ; 6       ;
;      - feistel_algo:encrypt1|f:key_gen[3].f_inst|xored[24]  ; 0                 ; 6       ;
;      - feistel_algo:encrypt1|f:key_gen[2].f_inst|xored[32]  ; 0                 ; 6       ;
;      - feistel_algo:encrypt1|f:key_gen[1].f_inst|xored[38]  ; 0                 ; 6       ;
;      - feistel_algo:encrypt1|f:key_gen[0].f_inst|xored[28]  ; 0                 ; 6       ;
;      - feistel_algo:encrypt1|R~3050                         ; 0                 ; 6       ;
; key1[53]                                                    ;                   ;         ;
;      - feistel_algo:encrypt1|f:key_gen[15].f_inst|xored[35] ; 0                 ; 6       ;
;      - feistel_algo:encrypt1|f:key_gen[14].f_inst|xored[44] ; 0                 ; 6       ;
;      - feistel_algo:encrypt1|f:key_gen[13].f_inst|xored[31] ; 0                 ; 6       ;
;      - feistel_algo:encrypt1|f:key_gen[12].f_inst|xored[40] ; 0                 ; 6       ;
;      - feistel_algo:encrypt1|f:key_gen[11].f_inst|xored[24] ; 0                 ; 6       ;
;      - feistel_algo:encrypt1|f:key_gen[10].f_inst|xored[32] ; 0                 ; 6       ;
;      - feistel_algo:encrypt1|f:key_gen[9].f_inst|xored[38]  ; 0                 ; 6       ;
;      - feistel_algo:encrypt1|f:key_gen[8].f_inst|xored[30]  ; 0                 ; 6       ;
;      - feistel_algo:encrypt1|f:key_gen[6].f_inst|xored[45]  ; 0                 ; 6       ;
;      - feistel_algo:encrypt1|f:key_gen[5].f_inst|xored[25]  ; 0                 ; 6       ;
;      - feistel_algo:encrypt1|f:key_gen[4].f_inst|xored[39]  ; 0                 ; 6       ;
;      - feistel_algo:encrypt1|f:key_gen[3].f_inst|xored[46]  ; 0                 ; 6       ;
;      - feistel_algo:encrypt1|f:key_gen[2].f_inst|xored[34]  ; 0                 ; 6       ;
;      - feistel_algo:encrypt1|f:key_gen[1].f_inst|xored[37]  ; 0                 ; 6       ;
;      - feistel_algo:encrypt1|R~3057                         ; 0                 ; 6       ;
; key1[21]                                                    ;                   ;         ;
;      - feistel_algo:encrypt1|f:key_gen[15].f_inst|xored[34] ; 1                 ; 6       ;
;      - feistel_algo:encrypt1|f:key_gen[14].f_inst|xored[26] ; 1                 ; 6       ;
;      - feistel_algo:encrypt1|f:key_gen[12].f_inst|xored[44] ; 1                 ; 6       ;
;      - feistel_algo:encrypt1|f:key_gen[11].f_inst|xored[31] ; 1                 ; 6       ;
;      - feistel_algo:encrypt1|f:key_gen[10].f_inst|xored[40] ; 1                 ; 6       ;
;      - feistel_algo:encrypt1|f:key_gen[9].f_inst|xored[24]  ; 1                 ; 6       ;
;      - feistel_algo:encrypt1|f:key_gen[8].f_inst|xored[32]  ; 1                 ; 6       ;
;      - feistel_algo:encrypt1|f:key_gen[7].f_inst|xored[42]  ; 1                 ; 6       ;
;      - feistel_algo:encrypt1|f:key_gen[6].f_inst|xored[28]  ; 1                 ; 6       ;
;      - feistel_algo:encrypt1|f:key_gen[4].f_inst|xored[45]  ; 1                 ; 6       ;
;      - feistel_algo:encrypt1|f:key_gen[3].f_inst|xored[25]  ; 1                 ; 6       ;
;      - feistel_algo:encrypt1|f:key_gen[2].f_inst|xored[39]  ; 1                 ; 6       ;
;      - feistel_algo:encrypt1|f:key_gen[1].f_inst|xored[46]  ; 1                 ; 6       ;
; key1[30]                                                    ;                   ;         ;
;      - feistel_algo:encrypt1|f:key_gen[15].f_inst|xored[33] ; 0                 ; 6       ;
;      - feistel_algo:encrypt1|f:key_gen[14].f_inst|xored[25] ; 0                 ; 6       ;
;      - feistel_algo:encrypt1|f:key_gen[13].f_inst|xored[39] ; 0                 ; 6       ;
;      - feistel_algo:encrypt1|f:key_gen[12].f_inst|xored[46] ; 0                 ; 6       ;
;      - feistel_algo:encrypt1|f:key_gen[11].f_inst|xored[34] ; 0                 ; 6       ;
;      - feistel_algo:encrypt1|f:key_gen[10].f_inst|xored[37] ; 0                 ; 6       ;
;      - feistel_algo:encrypt1|f:key_gen[9].f_inst|xored[35]  ; 0                 ; 6       ;
;      - feistel_algo:encrypt1|f:key_gen[7].f_inst|xored[31]  ; 0                 ; 6       ;
;      - feistel_algo:encrypt1|f:key_gen[6].f_inst|xored[40]  ; 0                 ; 6       ;
;      - feistel_algo:encrypt1|f:key_gen[5].f_inst|xored[24]  ; 0                 ; 6       ;
;      - feistel_algo:encrypt1|f:key_gen[4].f_inst|xored[32]  ; 0                 ; 6       ;
;      - feistel_algo:encrypt1|f:key_gen[3].f_inst|xored[38]  ; 0                 ; 6       ;
;      - feistel_algo:encrypt1|f:key_gen[2].f_inst|xored[30]  ; 0                 ; 6       ;
;      - feistel_algo:encrypt1|f:key_gen[1].f_inst|xored[36]  ; 0                 ; 6       ;
;      - feistel_algo:encrypt1|f:key_gen[0].f_inst|xored[45]  ; 0                 ; 6       ;
;      - feistel_algo:encrypt1|R~3048                         ; 0                 ; 6       ;
; key1[18]                                                    ;                   ;         ;
;      - feistel_algo:encrypt1|f:key_gen[15].f_inst|xored[9]  ; 0                 ; 6       ;
;      - feistel_algo:encrypt1|f:key_gen[14].f_inst|xored[16] ; 0                 ; 6       ;
;      - feistel_algo:encrypt1|f:key_gen[13].f_inst|xored[4]  ; 0                 ; 6       ;
;      - feistel_algo:encrypt1|f:key_gen[12].f_inst|xored[11] ; 0                 ; 6       ;
;      - feistel_algo:encrypt1|f:key_gen[11].f_inst|xored[5]  ; 0                 ; 6       ;
;      - feistel_algo:encrypt1|f:key_gen[10].f_inst|xored[12] ; 0                 ; 6       ;
;      - feistel_algo:encrypt1|f:key_gen[9].f_inst|xored[3]   ; 0                 ; 6       ;
;      - feistel_algo:encrypt1|f:key_gen[8].f_inst|xored[22]  ; 0                 ; 6       ;
;      - feistel_algo:encrypt1|f:key_gen[7].f_inst|xored[6]   ; 0                 ; 6       ;
;      - feistel_algo:encrypt1|f:key_gen[6].f_inst|xored[18]  ; 0                 ; 6       ;
;      - feistel_algo:encrypt1|f:key_gen[5].f_inst|xored[1]   ; 0                 ; 6       ;
;      - feistel_algo:encrypt1|f:key_gen[4].f_inst|xored[21]  ; 0                 ; 6       ;
;      - feistel_algo:encrypt1|f:key_gen[3].f_inst|xored[13]  ; 0                 ; 6       ;
;      - feistel_algo:encrypt1|f:key_gen[1].f_inst|xored[20]  ; 0                 ; 6       ;
;      - feistel_algo:encrypt1|R16~201                        ; 0                 ; 6       ;
;      - feistel_algo:encrypt1|R~2944                         ; 0                 ; 6       ;
;      - feistel_algo:encrypt1|R~2969                         ; 0                 ; 6       ;
;      - feistel_algo:encrypt1|R~2970                         ; 0                 ; 6       ;
;      - feistel_algo:encrypt1|R~3002                         ; 0                 ; 6       ;
;      - feistel_algo:encrypt1|R~3020                         ; 0                 ; 6       ;
; key1[36]                                                    ;                   ;         ;
;      - feistel_algo:encrypt1|f:key_gen[15].f_inst|xored[6]  ; 0                 ; 6       ;
;      - feistel_algo:encrypt1|f:key_gen[13].f_inst|xored[8]  ; 0                 ; 6       ;
;      - feistel_algo:encrypt1|f:key_gen[12].f_inst|xored[17] ; 0                 ; 6       ;
;      - feistel_algo:encrypt1|f:key_gen[11].f_inst|xored[0]  ; 0                 ; 6       ;
;      - feistel_algo:encrypt1|f:key_gen[10].f_inst|xored[7]  ; 0                 ; 6       ;
;      - feistel_algo:encrypt1|f:key_gen[9].f_inst|xored[2]   ; 0                 ; 6       ;
;      - feistel_algo:encrypt1|f:key_gen[7].f_inst|xored[9]   ; 0                 ; 6       ;
;      - feistel_algo:encrypt1|f:key_gen[6].f_inst|xored[23]  ; 0                 ; 6       ;
;      - feistel_algo:encrypt1|f:key_gen[4].f_inst|xored[14]  ; 0                 ; 6       ;
;      - feistel_algo:encrypt1|f:key_gen[3].f_inst|xored[19]  ; 0                 ; 6       ;
;      - feistel_algo:encrypt1|f:key_gen[2].f_inst|xored[10]  ; 0                 ; 6       ;
;      - feistel_algo:encrypt1|f:key_gen[1].f_inst|xored[15]  ; 0                 ; 6       ;
;      - feistel_algo:encrypt1|f:key_gen[0].f_inst|xored[22]  ; 0                 ; 6       ;
;      - feistel_algo:encrypt1|R~2960                         ; 0                 ; 6       ;
;      - feistel_algo:encrypt1|R~2988                         ; 0                 ; 6       ;
; key1[41]                                                    ;                   ;         ;
;      - feistel_algo:encrypt1|f:key_gen[15].f_inst|xored[7]  ; 1                 ; 6       ;
;      - feistel_algo:encrypt1|f:key_gen[13].f_inst|xored[20] ; 1                 ; 6       ;
;      - feistel_algo:encrypt1|f:key_gen[12].f_inst|xored[9]  ; 1                 ; 6       ;
;      - feistel_algo:encrypt1|f:key_gen[11].f_inst|xored[23] ; 1                 ; 6       ;
;      - feistel_algo:encrypt1|f:key_gen[9].f_inst|xored[14]  ; 1                 ; 6       ;
;      - feistel_algo:encrypt1|f:key_gen[8].f_inst|xored[19]  ; 1                 ; 6       ;
;      - feistel_algo:encrypt1|f:key_gen[7].f_inst|xored[12]  ; 1                 ; 6       ;
;      - feistel_algo:encrypt1|f:key_gen[6].f_inst|xored[3]   ; 1                 ; 6       ;
;      - feistel_algo:encrypt1|f:key_gen[5].f_inst|xored[22]  ; 1                 ; 6       ;
;      - feistel_algo:encrypt1|f:key_gen[3].f_inst|xored[8]   ; 1                 ; 6       ;
;      - feistel_algo:encrypt1|f:key_gen[2].f_inst|xored[17]  ; 1                 ; 6       ;
;      - feistel_algo:encrypt1|f:key_gen[1].f_inst|xored[0]   ; 1                 ; 6       ;
;      - feistel_algo:encrypt1|f:key_gen[0].f_inst|xored[13]  ; 1                 ; 6       ;
;      - feistel_algo:encrypt1|R~2955                         ; 1                 ; 6       ;
;      - feistel_algo:encrypt1|R~2989                         ; 1                 ; 6       ;
;      - feistel_algo:encrypt1|R~2992                         ; 1                 ; 6       ;
;      - feistel_algo:encrypt1|R~3036                         ; 1                 ; 6       ;
;      - feistel_algo:encrypt1|R~3038                         ; 1                 ; 6       ;
; key1[35]                                                    ;                   ;         ;
;      - feistel_algo:encrypt1|f:key_gen[15].f_inst|xored[10] ; 1                 ; 6       ;
;      - feistel_algo:encrypt1|f:key_gen[14].f_inst|xored[3]  ; 1                 ; 6       ;
;      - feistel_algo:encrypt1|f:key_gen[13].f_inst|xored[22] ; 1                 ; 6       ;
;      - feistel_algo:encrypt1|f:key_gen[11].f_inst|xored[8]  ; 1                 ; 6       ;
;      - feistel_algo:encrypt1|f:key_gen[10].f_inst|xored[17] ; 1                 ; 6       ;
;      - feistel_algo:encrypt1|f:key_gen[9].f_inst|xored[0]   ; 1                 ; 6       ;
;      - feistel_algo:encrypt1|f:key_gen[8].f_inst|xored[7]   ; 1                 ; 6       ;
;      - feistel_algo:encrypt1|f:key_gen[6].f_inst|xored[20]  ; 1                 ; 6       ;
;      - feistel_algo:encrypt1|f:key_gen[5].f_inst|xored[9]   ; 1                 ; 6       ;
;      - feistel_algo:encrypt1|f:key_gen[4].f_inst|xored[23]  ; 1                 ; 6       ;
;      - feistel_algo:encrypt1|f:key_gen[2].f_inst|xored[14]  ; 1                 ; 6       ;
;      - feistel_algo:encrypt1|f:key_gen[1].f_inst|xored[19]  ; 1                 ; 6       ;
;      - feistel_algo:encrypt1|f:key_gen[0].f_inst|xored[12]  ; 1                 ; 6       ;
;      - feistel_algo:encrypt1|R~2980                         ; 1                 ; 6       ;
;      - feistel_algo:encrypt1|R~3004                         ; 1                 ; 6       ;
;      - feistel_algo:encrypt1|R~3037                         ; 1                 ; 6       ;
;      - feistel_algo:encrypt1|R~3041                         ; 1                 ; 6       ;
; key1[58]                                                    ;                   ;         ;
;      - feistel_algo:encrypt1|f:key_gen[15].f_inst|xored[11] ; 1                 ; 6       ;
;      - feistel_algo:encrypt1|f:key_gen[14].f_inst|xored[14] ; 1                 ; 6       ;
;      - feistel_algo:encrypt1|f:key_gen[13].f_inst|xored[19] ; 1                 ; 6       ;
;      - feistel_algo:encrypt1|f:key_gen[12].f_inst|xored[10] ; 1                 ; 6       ;
;      - feistel_algo:encrypt1|f:key_gen[11].f_inst|xored[15] ; 1                 ; 6       ;
;      - feistel_algo:encrypt1|f:key_gen[10].f_inst|xored[6]  ; 1                 ; 6       ;
;      - feistel_algo:encrypt1|f:key_gen[9].f_inst|xored[18]  ; 1                 ; 6       ;
;      - feistel_algo:encrypt1|f:key_gen[8].f_inst|xored[1]   ; 1                 ; 6       ;
;      - feistel_algo:encrypt1|f:key_gen[7].f_inst|xored[17]  ; 1                 ; 6       ;
;      - feistel_algo:encrypt1|f:key_gen[6].f_inst|xored[0]   ; 1                 ; 6       ;
;      - feistel_algo:encrypt1|f:key_gen[5].f_inst|xored[7]   ; 1                 ; 6       ;
;      - feistel_algo:encrypt1|f:key_gen[4].f_inst|xored[2]   ; 1                 ; 6       ;
;      - feistel_algo:encrypt1|f:key_gen[2].f_inst|xored[16]  ; 1                 ; 6       ;
;      - feistel_algo:encrypt1|f:key_gen[1].f_inst|xored[4]   ; 1                 ; 6       ;
;      - feistel_algo:encrypt1|R~2985                         ; 1                 ; 6       ;
;      - feistel_algo:encrypt1|R~3001                         ; 1                 ; 6       ;
;      - feistel_algo:encrypt1|R~3025                         ; 1                 ; 6       ;
; key1[60]                                                    ;                   ;         ;
;      - feistel_algo:encrypt1|f:key_gen[15].f_inst|xored[8]  ; 0                 ; 6       ;
;      - feistel_algo:encrypt1|f:key_gen[14].f_inst|xored[1]  ; 0                 ; 6       ;
;      - feistel_algo:encrypt1|f:key_gen[13].f_inst|xored[21] ; 0                 ; 6       ;
;      - feistel_algo:encrypt1|f:key_gen[12].f_inst|xored[13] ; 0                 ; 6       ;
;      - feistel_algo:encrypt1|f:key_gen[10].f_inst|xored[20] ; 0                 ; 6       ;
;      - feistel_algo:encrypt1|f:key_gen[9].f_inst|xored[9]   ; 0                 ; 6       ;
;      - feistel_algo:encrypt1|f:key_gen[8].f_inst|xored[23]  ; 0                 ; 6       ;
;      - feistel_algo:encrypt1|f:key_gen[7].f_inst|xored[4]   ; 0                 ; 6       ;
;      - feistel_algo:encrypt1|f:key_gen[6].f_inst|xored[11]  ; 0                 ; 6       ;
;      - feistel_algo:encrypt1|f:key_gen[5].f_inst|xored[5]   ; 0                 ; 6       ;
;      - feistel_algo:encrypt1|f:key_gen[4].f_inst|xored[12]  ; 0                 ; 6       ;
;      - feistel_algo:encrypt1|f:key_gen[3].f_inst|xored[3]   ; 0                 ; 6       ;
;      - feistel_algo:encrypt1|f:key_gen[2].f_inst|xored[22]  ; 0                 ; 6       ;
;      - feistel_algo:encrypt1|f:key_gen[0].f_inst|xored[18]  ; 0                 ; 6       ;
;      - feistel_algo:encrypt1|R~2940                         ; 0                 ; 6       ;
;      - feistel_algo:encrypt1|R~2957                         ; 0                 ; 6       ;
;      - feistel_algo:encrypt1|R~2979                         ; 0                 ; 6       ;
;      - feistel_algo:encrypt1|R~3009                         ; 0                 ; 6       ;
;      - feistel_algo:encrypt1|R~3013                         ; 0                 ; 6       ;
; key1[57]                                                    ;                   ;         ;
;      - feistel_algo:encrypt1|f:key_gen[15].f_inst|xored[2]  ; 0                 ; 6       ;
;      - feistel_algo:encrypt1|f:key_gen[14].f_inst|xored[20] ; 0                 ; 6       ;
;      - feistel_algo:encrypt1|f:key_gen[13].f_inst|xored[9]  ; 0                 ; 6       ;
;      - feistel_algo:encrypt1|f:key_gen[12].f_inst|xored[23] ; 0                 ; 6       ;
;      - feistel_algo:encrypt1|f:key_gen[10].f_inst|xored[14] ; 0                 ; 6       ;
;      - feistel_algo:encrypt1|f:key_gen[9].f_inst|xored[19]  ; 0                 ; 6       ;
;      - feistel_algo:encrypt1|f:key_gen[8].f_inst|xored[10]  ; 0                 ; 6       ;
;      - feistel_algo:encrypt1|f:key_gen[7].f_inst|xored[3]   ; 0                 ; 6       ;
;      - feistel_algo:encrypt1|f:key_gen[6].f_inst|xored[22]  ; 0                 ; 6       ;
;      - feistel_algo:encrypt1|f:key_gen[4].f_inst|xored[8]   ; 0                 ; 6       ;
;      - feistel_algo:encrypt1|f:key_gen[3].f_inst|xored[17]  ; 0                 ; 6       ;
;      - feistel_algo:encrypt1|f:key_gen[2].f_inst|xored[0]   ; 0                 ; 6       ;
;      - feistel_algo:encrypt1|f:key_gen[1].f_inst|xored[7]   ; 0                 ; 6       ;
;      - feistel_algo:encrypt1|R~2951                         ; 0                 ; 6       ;
;      - feistel_algo:encrypt1|R~3029                         ; 0                 ; 6       ;
; key1[11]                                                    ;                   ;         ;
;      - feistel_algo:encrypt1|f:key_gen[15].f_inst|xored[5]  ; 1                 ; 6       ;
;      - feistel_algo:encrypt1|f:key_gen[14].f_inst|xored[19] ; 1                 ; 6       ;
;      - feistel_algo:encrypt1|f:key_gen[13].f_inst|xored[10] ; 1                 ; 6       ;
;      - feistel_algo:encrypt1|f:key_gen[12].f_inst|xored[15] ; 1                 ; 6       ;
;      - feistel_algo:encrypt1|f:key_gen[11].f_inst|xored[6]  ; 1                 ; 6       ;
;      - feistel_algo:encrypt1|f:key_gen[10].f_inst|xored[18] ; 1                 ; 6       ;
;      - feistel_algo:encrypt1|f:key_gen[9].f_inst|xored[1]   ; 1                 ; 6       ;
;      - feistel_algo:encrypt1|f:key_gen[8].f_inst|xored[21]  ; 1                 ; 6       ;
;      - feistel_algo:encrypt1|f:key_gen[7].f_inst|xored[0]   ; 1                 ; 6       ;
;      - feistel_algo:encrypt1|f:key_gen[6].f_inst|xored[7]   ; 1                 ; 6       ;
;      - feistel_algo:encrypt1|f:key_gen[5].f_inst|xored[2]   ; 1                 ; 6       ;
;      - feistel_algo:encrypt1|f:key_gen[3].f_inst|xored[16]  ; 1                 ; 6       ;
;      - feistel_algo:encrypt1|f:key_gen[2].f_inst|xored[4]   ; 1                 ; 6       ;
;      - feistel_algo:encrypt1|f:key_gen[1].f_inst|xored[11]  ; 1                 ; 6       ;
;      - feistel_algo:encrypt1|f:key_gen[0].f_inst|xored[14]  ; 1                 ; 6       ;
;      - feistel_algo:encrypt1|R~2978                         ; 1                 ; 6       ;
;      - feistel_algo:encrypt1|R~2991                         ; 1                 ; 6       ;
;      - feistel_algo:encrypt1|R~3021                         ; 1                 ; 6       ;
; key1[25]                                                    ;                   ;         ;
;      - feistel_algo:encrypt1|f:key_gen[15].f_inst|xored[0]  ; 1                 ; 6       ;
;      - feistel_algo:encrypt1|f:key_gen[14].f_inst|xored[13] ; 1                 ; 6       ;
;      - feistel_algo:encrypt1|f:key_gen[12].f_inst|xored[20] ; 1                 ; 6       ;
;      - feistel_algo:encrypt1|f:key_gen[11].f_inst|xored[9]  ; 1                 ; 6       ;
;      - feistel_algo:encrypt1|f:key_gen[10].f_inst|xored[23] ; 1                 ; 6       ;
;      - feistel_algo:encrypt1|f:key_gen[8].f_inst|xored[14]  ; 1                 ; 6       ;
;      - feistel_algo:encrypt1|f:key_gen[7].f_inst|xored[5]   ; 1                 ; 6       ;
;      - feistel_algo:encrypt1|f:key_gen[6].f_inst|xored[12]  ; 1                 ; 6       ;
;      - feistel_algo:encrypt1|f:key_gen[5].f_inst|xored[3]   ; 1                 ; 6       ;
;      - feistel_algo:encrypt1|f:key_gen[4].f_inst|xored[22]  ; 1                 ; 6       ;
;      - feistel_algo:encrypt1|f:key_gen[2].f_inst|xored[8]   ; 1                 ; 6       ;
;      - feistel_algo:encrypt1|f:key_gen[1].f_inst|xored[17]  ; 1                 ; 6       ;
;      - feistel_algo:encrypt1|f:key_gen[0].f_inst|xored[21]  ; 1                 ; 6       ;
;      - feistel_algo:encrypt1|R16~202                        ; 1                 ; 6       ;
;      - feistel_algo:encrypt1|R~2943                         ; 1                 ; 6       ;
;      - feistel_algo:encrypt1|R~2962                         ; 1                 ; 6       ;
;      - feistel_algo:encrypt1|R~2995                         ; 1                 ; 6       ;
;      - feistel_algo:encrypt1|R~2999                         ; 1                 ; 6       ;
; key1[42]                                                    ;                   ;         ;
;      - feistel_algo:encrypt1|f:key_gen[15].f_inst|xored[4]  ; 1                 ; 6       ;
;      - feistel_algo:encrypt1|f:key_gen[13].f_inst|xored[14] ; 1                 ; 6       ;
;      - feistel_algo:encrypt1|f:key_gen[12].f_inst|xored[19] ; 1                 ; 6       ;
;      - feistel_algo:encrypt1|f:key_gen[11].f_inst|xored[10] ; 1                 ; 6       ;
;      - feistel_algo:encrypt1|f:key_gen[10].f_inst|xored[15] ; 1                 ; 6       ;
;      - feistel_algo:encrypt1|f:key_gen[9].f_inst|xored[6]   ; 1                 ; 6       ;
;      - feistel_algo:encrypt1|f:key_gen[8].f_inst|xored[18]  ; 1                 ; 6       ;
;      - feistel_algo:encrypt1|f:key_gen[7].f_inst|xored[8]   ; 1                 ; 6       ;
;      - feistel_algo:encrypt1|f:key_gen[6].f_inst|xored[17]  ; 1                 ; 6       ;
;      - feistel_algo:encrypt1|f:key_gen[5].f_inst|xored[0]   ; 1                 ; 6       ;
;      - feistel_algo:encrypt1|f:key_gen[4].f_inst|xored[7]   ; 1                 ; 6       ;
;      - feistel_algo:encrypt1|f:key_gen[3].f_inst|xored[2]   ; 1                 ; 6       ;
;      - feistel_algo:encrypt1|f:key_gen[1].f_inst|xored[16]  ; 1                 ; 6       ;
;      - feistel_algo:encrypt1|f:key_gen[0].f_inst|xored[23]  ; 1                 ; 6       ;
;      - feistel_algo:encrypt1|R~3008                         ; 1                 ; 6       ;
;      - feistel_algo:encrypt1|R~3035                         ; 1                 ; 6       ;
; key1[43]                                                    ;                   ;         ;
;      - feistel_algo:encrypt1|f:key_gen[15].f_inst|xored[3]  ; 0                 ; 6       ;
;      - feistel_algo:encrypt1|f:key_gen[14].f_inst|xored[15] ; 0                 ; 6       ;
;      - feistel_algo:encrypt1|f:key_gen[13].f_inst|xored[6]  ; 0                 ; 6       ;
;      - feistel_algo:encrypt1|f:key_gen[12].f_inst|xored[18] ; 0                 ; 6       ;
;      - feistel_algo:encrypt1|f:key_gen[11].f_inst|xored[1]  ; 0                 ; 6       ;
;      - feistel_algo:encrypt1|f:key_gen[10].f_inst|xored[21] ; 0                 ; 6       ;
;      - feistel_algo:encrypt1|f:key_gen[9].f_inst|xored[13]  ; 0                 ; 6       ;
;      - feistel_algo:encrypt1|f:key_gen[7].f_inst|xored[2]   ; 0                 ; 6       ;
;      - feistel_algo:encrypt1|f:key_gen[5].f_inst|xored[16]  ; 0                 ; 6       ;
;      - feistel_algo:encrypt1|f:key_gen[4].f_inst|xored[4]   ; 0                 ; 6       ;
;      - feistel_algo:encrypt1|f:key_gen[3].f_inst|xored[11]  ; 0                 ; 6       ;
;      - feistel_algo:encrypt1|f:key_gen[2].f_inst|xored[5]   ; 0                 ; 6       ;
;      - feistel_algo:encrypt1|f:key_gen[1].f_inst|xored[12]  ; 0                 ; 6       ;
;      - feistel_algo:encrypt1|f:key_gen[0].f_inst|xored[10]  ; 0                 ; 6       ;
;      - feistel_algo:encrypt1|R~2961                         ; 0                 ; 6       ;
;      - feistel_algo:encrypt1|R~2975                         ; 0                 ; 6       ;
;      - feistel_algo:encrypt1|R~3007                         ; 0                 ; 6       ;
;      - feistel_algo:encrypt1|R~3031                         ; 0                 ; 6       ;
;      - feistel_algo:encrypt1|R~3033                         ; 0                 ; 6       ;
; key1[1]                                                     ;                   ;         ;
;      - feistel_algo:encrypt1|f:key_gen[15].f_inst|xored[1]  ; 0                 ; 6       ;
;      - feistel_algo:encrypt1|f:key_gen[14].f_inst|xored[17] ; 0                 ; 6       ;
;      - feistel_algo:encrypt1|f:key_gen[13].f_inst|xored[0]  ; 0                 ; 6       ;
;      - feistel_algo:encrypt1|f:key_gen[12].f_inst|xored[7]  ; 0                 ; 6       ;
;      - feistel_algo:encrypt1|f:key_gen[11].f_inst|xored[2]  ; 0                 ; 6       ;
;      - feistel_algo:encrypt1|f:key_gen[9].f_inst|xored[16]  ; 0                 ; 6       ;
;      - feistel_algo:encrypt1|f:key_gen[8].f_inst|xored[4]   ; 0                 ; 6       ;
;      - feistel_algo:encrypt1|f:key_gen[6].f_inst|xored[14]  ; 0                 ; 6       ;
;      - feistel_algo:encrypt1|f:key_gen[5].f_inst|xored[19]  ; 0                 ; 6       ;
;      - feistel_algo:encrypt1|f:key_gen[4].f_inst|xored[10]  ; 0                 ; 6       ;
;      - feistel_algo:encrypt1|f:key_gen[3].f_inst|xored[15]  ; 0                 ; 6       ;
;      - feistel_algo:encrypt1|f:key_gen[2].f_inst|xored[6]   ; 0                 ; 6       ;
;      - feistel_algo:encrypt1|f:key_gen[1].f_inst|xored[18]  ; 0                 ; 6       ;
;      - feistel_algo:encrypt1|f:key_gen[0].f_inst|xored[8]   ; 0                 ; 6       ;
;      - feistel_algo:encrypt1|R16~199                        ; 0                 ; 6       ;
;      - feistel_algo:encrypt1|R~2952                         ; 0                 ; 6       ;
;      - feistel_algo:encrypt1|R~2976                         ; 0                 ; 6       ;
; key1[49]                                                    ;                   ;         ;
;      - feistel_algo:encrypt1|f:key_gen[14].f_inst|xored[2]  ; 0                 ; 6       ;
;      - feistel_algo:encrypt1|f:key_gen[12].f_inst|xored[16] ; 0                 ; 6       ;
;      - feistel_algo:encrypt1|f:key_gen[11].f_inst|xored[4]  ; 0                 ; 6       ;
;      - feistel_algo:encrypt1|f:key_gen[10].f_inst|xored[11] ; 0                 ; 6       ;
;      - feistel_algo:encrypt1|f:key_gen[9].f_inst|xored[5]   ; 0                 ; 6       ;
;      - feistel_algo:encrypt1|f:key_gen[8].f_inst|xored[12]  ; 0                 ; 6       ;
;      - feistel_algo:encrypt1|f:key_gen[7].f_inst|xored[10]  ; 0                 ; 6       ;
;      - feistel_algo:encrypt1|f:key_gen[6].f_inst|xored[15]  ; 0                 ; 6       ;
;      - feistel_algo:encrypt1|f:key_gen[5].f_inst|xored[6]   ; 0                 ; 6       ;
;      - feistel_algo:encrypt1|f:key_gen[4].f_inst|xored[18]  ; 0                 ; 6       ;
;      - feistel_algo:encrypt1|f:key_gen[3].f_inst|xored[1]   ; 0                 ; 6       ;
;      - feistel_algo:encrypt1|f:key_gen[2].f_inst|xored[21]  ; 0                 ; 6       ;
;      - feistel_algo:encrypt1|f:key_gen[1].f_inst|xored[13]  ; 0                 ; 6       ;
;      - feistel_algo:encrypt1|f:key_gen[0].f_inst|xored[7]   ; 0                 ; 6       ;
;      - feistel_algo:encrypt1|R~2958                         ; 0                 ; 6       ;
;      - feistel_algo:encrypt1|R~2981                         ; 0                 ; 6       ;
;      - feistel_algo:encrypt1|R~2986                         ; 0                 ; 6       ;
;      - feistel_algo:encrypt1|R~3016                         ; 0                 ; 6       ;
;      - feistel_algo:encrypt1|R~3034                         ; 0                 ; 6       ;
; key1[45]                                                    ;                   ;         ;
;      - feistel_algo:encrypt1|f:key_gen[14].f_inst|xored[35] ; 0                 ; 6       ;
;      - feistel_algo:encrypt1|f:key_gen[12].f_inst|xored[27] ; 0                 ; 6       ;
;      - feistel_algo:encrypt1|f:key_gen[11].f_inst|xored[43] ; 0                 ; 6       ;
;      - feistel_algo:encrypt1|f:key_gen[10].f_inst|xored[41] ; 0                 ; 6       ;
;      - feistel_algo:encrypt1|f:key_gen[9].f_inst|xored[42]  ; 0                 ; 6       ;
;      - feistel_algo:encrypt1|f:key_gen[8].f_inst|xored[28]  ; 0                 ; 6       ;
;      - feistel_algo:encrypt1|f:key_gen[7].f_inst|xored[30]  ; 0                 ; 6       ;
;      - feistel_algo:encrypt1|f:key_gen[6].f_inst|xored[36]  ; 0                 ; 6       ;
;      - feistel_algo:encrypt1|f:key_gen[5].f_inst|xored[33]  ; 0                 ; 6       ;
;      - feistel_algo:encrypt1|f:key_gen[4].f_inst|xored[47]  ; 0                 ; 6       ;
;      - feistel_algo:encrypt1|f:key_gen[3].f_inst|xored[29]  ; 0                 ; 6       ;
;      - feistel_algo:encrypt1|f:key_gen[1].f_inst|xored[26]  ; 0                 ; 6       ;
;      - feistel_algo:encrypt1|f:key_gen[0].f_inst|xored[37]  ; 0                 ; 6       ;
;      - feistel_algo:encrypt1|R~3048                         ; 0                 ; 6       ;
;      - feistel_algo:encrypt1|R~3058                         ; 0                 ; 6       ;
; key1[4]                                                     ;                   ;         ;
;      - feistel_algo:encrypt1|f:key_gen[14].f_inst|xored[31] ; 0                 ; 6       ;
;      - feistel_algo:encrypt1|f:key_gen[13].f_inst|xored[40] ; 0                 ; 6       ;
;      - feistel_algo:encrypt1|f:key_gen[12].f_inst|xored[24] ; 0                 ; 6       ;
;      - feistel_algo:encrypt1|f:key_gen[11].f_inst|xored[32] ; 0                 ; 6       ;
;      - feistel_algo:encrypt1|f:key_gen[10].f_inst|xored[38] ; 0                 ; 6       ;
;      - feistel_algo:encrypt1|f:key_gen[9].f_inst|xored[30]  ; 0                 ; 6       ;
;      - feistel_algo:encrypt1|f:key_gen[8].f_inst|xored[36]  ; 0                 ; 6       ;
;      - feistel_algo:encrypt1|f:key_gen[7].f_inst|xored[45]  ; 0                 ; 6       ;
;      - feistel_algo:encrypt1|f:key_gen[6].f_inst|xored[25]  ; 0                 ; 6       ;
;      - feistel_algo:encrypt1|f:key_gen[5].f_inst|xored[39]  ; 0                 ; 6       ;
;      - feistel_algo:encrypt1|f:key_gen[4].f_inst|xored[46]  ; 0                 ; 6       ;
;      - feistel_algo:encrypt1|f:key_gen[3].f_inst|xored[34]  ; 0                 ; 6       ;
;      - feistel_algo:encrypt1|f:key_gen[2].f_inst|xored[37]  ; 0                 ; 6       ;
;      - feistel_algo:encrypt1|f:key_gen[1].f_inst|xored[35]  ; 0                 ; 6       ;
;      - feistel_algo:encrypt1|f:key_gen[0].f_inst|xored[44]  ; 0                 ; 6       ;
;      - feistel_algo:encrypt1|R~3056                         ; 0                 ; 6       ;
; key1[13]                                                    ;                   ;         ;
;      - feistel_algo:encrypt1|f:key_gen[14].f_inst|xored[34] ; 0                 ; 6       ;
;      - feistel_algo:encrypt1|f:key_gen[13].f_inst|xored[37] ; 0                 ; 6       ;
;      - feistel_algo:encrypt1|f:key_gen[12].f_inst|xored[35] ; 0                 ; 6       ;
;      - feistel_algo:encrypt1|f:key_gen[10].f_inst|xored[27] ; 0                 ; 6       ;
;      - feistel_algo:encrypt1|f:key_gen[9].f_inst|xored[43]  ; 0                 ; 6       ;
;      - feistel_algo:encrypt1|f:key_gen[8].f_inst|xored[41]  ; 0                 ; 6       ;
;      - feistel_algo:encrypt1|f:key_gen[7].f_inst|xored[32]  ; 0                 ; 6       ;
;      - feistel_algo:encrypt1|f:key_gen[6].f_inst|xored[38]  ; 0                 ; 6       ;
;      - feistel_algo:encrypt1|f:key_gen[5].f_inst|xored[30]  ; 0                 ; 6       ;
;      - feistel_algo:encrypt1|f:key_gen[4].f_inst|xored[36]  ; 0                 ; 6       ;
;      - feistel_algo:encrypt1|f:key_gen[3].f_inst|xored[33]  ; 0                 ; 6       ;
;      - feistel_algo:encrypt1|f:key_gen[2].f_inst|xored[47]  ; 0                 ; 6       ;
;      - feistel_algo:encrypt1|f:key_gen[1].f_inst|xored[29]  ; 0                 ; 6       ;
;      - feistel_algo:encrypt1|f:key_gen[0].f_inst|xored[46]  ; 0                 ; 6       ;
;      - feistel_algo:encrypt1|R~3045                         ; 0                 ; 6       ;
;      - feistel_algo:encrypt1|R~3050                         ; 0                 ; 6       ;
; key1[6]                                                     ;                   ;         ;
;      - feistel_algo:encrypt1|f:key_gen[14].f_inst|xored[36] ; 0                 ; 6       ;
;      - feistel_algo:encrypt1|f:key_gen[13].f_inst|xored[33] ; 0                 ; 6       ;
;      - feistel_algo:encrypt1|f:key_gen[12].f_inst|xored[47] ; 0                 ; 6       ;
;      - feistel_algo:encrypt1|f:key_gen[11].f_inst|xored[29] ; 0                 ; 6       ;
;      - feistel_algo:encrypt1|f:key_gen[9].f_inst|xored[26]  ; 0                 ; 6       ;
;      - feistel_algo:encrypt1|f:key_gen[7].f_inst|xored[35]  ; 0                 ; 6       ;
;      - feistel_algo:encrypt1|f:key_gen[5].f_inst|xored[27]  ; 0                 ; 6       ;
;      - feistel_algo:encrypt1|f:key_gen[4].f_inst|xored[43]  ; 0                 ; 6       ;
;      - feistel_algo:encrypt1|f:key_gen[3].f_inst|xored[41]  ; 0                 ; 6       ;
;      - feistel_algo:encrypt1|f:key_gen[2].f_inst|xored[42]  ; 0                 ; 6       ;
;      - feistel_algo:encrypt1|f:key_gen[1].f_inst|xored[28]  ; 0                 ; 6       ;
;      - feistel_algo:encrypt1|f:key_gen[0].f_inst|xored[30]  ; 0                 ; 6       ;
;      - feistel_algo:encrypt1|R~3055                         ; 0                 ; 6       ;
; key1[44]                                                    ;                   ;         ;
;      - feistel_algo:encrypt1|f:key_gen[14].f_inst|xored[18] ; 0                 ; 6       ;
;      - feistel_algo:encrypt1|f:key_gen[13].f_inst|xored[1]  ; 0                 ; 6       ;
;      - feistel_algo:encrypt1|f:key_gen[12].f_inst|xored[21] ; 0                 ; 6       ;
;      - feistel_algo:encrypt1|f:key_gen[11].f_inst|xored[13] ; 0                 ; 6       ;
;      - feistel_algo:encrypt1|f:key_gen[9].f_inst|xored[20]  ; 0                 ; 6       ;
;      - feistel_algo:encrypt1|f:key_gen[8].f_inst|xored[9]   ; 0                 ; 6       ;
;      - feistel_algo:encrypt1|f:key_gen[7].f_inst|xored[16]  ; 0                 ; 6       ;
;      - feistel_algo:encrypt1|f:key_gen[6].f_inst|xored[4]   ; 0                 ; 6       ;
;      - feistel_algo:encrypt1|f:key_gen[5].f_inst|xored[11]  ; 0                 ; 6       ;
;      - feistel_algo:encrypt1|f:key_gen[4].f_inst|xored[5]   ; 0                 ; 6       ;
;      - feistel_algo:encrypt1|f:key_gen[3].f_inst|xored[12]  ; 0                 ; 6       ;
;      - feistel_algo:encrypt1|f:key_gen[2].f_inst|xored[3]   ; 0                 ; 6       ;
;      - feistel_algo:encrypt1|f:key_gen[1].f_inst|xored[22]  ; 0                 ; 6       ;
;      - feistel_algo:encrypt1|f:key_gen[0].f_inst|xored[6]   ; 0                 ; 6       ;
;      - feistel_algo:encrypt1|R~2949                         ; 0                 ; 6       ;
;      - feistel_algo:encrypt1|R~2965                         ; 0                 ; 6       ;
;      - feistel_algo:encrypt1|R~2987                         ; 0                 ; 6       ;
;      - feistel_algo:encrypt1|R~2994                         ; 0                 ; 6       ;
;      - feistel_algo:encrypt1|R~3017                         ; 0                 ; 6       ;
;      - feistel_algo:encrypt1|R~3019                         ; 0                 ; 6       ;
; key1[10]                                                    ;                   ;         ;
;      - feistel_algo:encrypt1|f:key_gen[14].f_inst|xored[9]  ; 0                 ; 6       ;
;      - feistel_algo:encrypt1|f:key_gen[13].f_inst|xored[23] ; 0                 ; 6       ;
;      - feistel_algo:encrypt1|f:key_gen[11].f_inst|xored[14] ; 0                 ; 6       ;
;      - feistel_algo:encrypt1|f:key_gen[10].f_inst|xored[19] ; 0                 ; 6       ;
;      - feistel_algo:encrypt1|f:key_gen[9].f_inst|xored[10]  ; 0                 ; 6       ;
;      - feistel_algo:encrypt1|f:key_gen[8].f_inst|xored[15]  ; 0                 ; 6       ;
;      - feistel_algo:encrypt1|f:key_gen[7].f_inst|xored[22]  ; 0                 ; 6       ;
;      - feistel_algo:encrypt1|f:key_gen[5].f_inst|xored[8]   ; 0                 ; 6       ;
;      - feistel_algo:encrypt1|f:key_gen[4].f_inst|xored[17]  ; 0                 ; 6       ;
;      - feistel_algo:encrypt1|f:key_gen[3].f_inst|xored[0]   ; 0                 ; 6       ;
;      - feistel_algo:encrypt1|f:key_gen[2].f_inst|xored[7]   ; 0                 ; 6       ;
;      - feistel_algo:encrypt1|f:key_gen[1].f_inst|xored[2]   ; 0                 ; 6       ;
;      - feistel_algo:encrypt1|f:key_gen[0].f_inst|xored[20]  ; 0                 ; 6       ;
;      - feistel_algo:encrypt1|R~3022                         ; 0                 ; 6       ;
; key1[50]                                                    ;                   ;         ;
;      - feistel_algo:encrypt1|f:key_gen[14].f_inst|xored[11] ; 1                 ; 6       ;
;      - feistel_algo:encrypt1|f:key_gen[13].f_inst|xored[5]  ; 1                 ; 6       ;
;      - feistel_algo:encrypt1|f:key_gen[12].f_inst|xored[12] ; 1                 ; 6       ;
;      - feistel_algo:encrypt1|f:key_gen[11].f_inst|xored[3]  ; 1                 ; 6       ;
;      - feistel_algo:encrypt1|f:key_gen[10].f_inst|xored[22] ; 1                 ; 6       ;
;      - feistel_algo:encrypt1|f:key_gen[8].f_inst|xored[8]   ; 1                 ; 6       ;
;      - feistel_algo:encrypt1|f:key_gen[7].f_inst|xored[1]   ; 1                 ; 6       ;
;      - feistel_algo:encrypt1|f:key_gen[6].f_inst|xored[21]  ; 1                 ; 6       ;
;      - feistel_algo:encrypt1|f:key_gen[5].f_inst|xored[13]  ; 1                 ; 6       ;
;      - feistel_algo:encrypt1|f:key_gen[3].f_inst|xored[20]  ; 1                 ; 6       ;
;      - feistel_algo:encrypt1|f:key_gen[2].f_inst|xored[9]   ; 1                 ; 6       ;
;      - feistel_algo:encrypt1|f:key_gen[1].f_inst|xored[23]  ; 1                 ; 6       ;
;      - feistel_algo:encrypt1|f:key_gen[0].f_inst|xored[4]   ; 1                 ; 6       ;
;      - feistel_algo:encrypt1|R~2954                         ; 1                 ; 6       ;
;      - feistel_algo:encrypt1|R~2956                         ; 1                 ; 6       ;
;      - feistel_algo:encrypt1|R~2990                         ; 1                 ; 6       ;
;      - feistel_algo:encrypt1|R~3006                         ; 1                 ; 6       ;
;      - feistel_algo:encrypt1|R~3028                         ; 1                 ; 6       ;
; idata[62]                                                   ;                   ;         ;
;      - feistel_algo:encrypt1|L[0][24]~feeder                ; 1                 ; 6       ;
; idata[35]                                                   ;                   ;         ;
;      - feistel_algo:encrypt1|R[0][11]                       ; 0                 ; 6       ;
; idata[61]                                                   ;                   ;         ;
;      - feistel_algo:encrypt1|R[0][16]                       ; 1                 ; 6       ;
; idata[19]                                                   ;                   ;         ;
;      - feistel_algo:encrypt1|R[0][13]                       ; 1                 ; 6       ;
; idata[3]                                                    ;                   ;         ;
;      - feistel_algo:encrypt1|R[0][15]                       ; 1                 ; 6       ;
; idata[27]                                                   ;                   ;         ;
;      - feistel_algo:encrypt1|R[0][12]~feeder                ; 1                 ; 6       ;
; idata[11]                                                   ;                   ;         ;
;      - feistel_algo:encrypt1|R[0][14]                       ; 0                 ; 6       ;
; idata[7]                                                    ;                   ;         ;
;      - feistel_algo:encrypt1|R[0][31]                       ; 0                 ; 6       ;
; idata[48]                                                   ;                   ;         ;
;      - feistel_algo:encrypt1|L[0][1]~feeder                 ; 0                 ; 6       ;
; idata[23]                                                   ;                   ;         ;
;      - feistel_algo:encrypt1|R[0][29]~feeder                ; 1                 ; 6       ;
; idata[39]                                                   ;                   ;         ;
;      - feistel_algo:encrypt1|R[0][27]                       ; 1                 ; 6       ;
; idata[31]                                                   ;                   ;         ;
;      - feistel_algo:encrypt1|R[0][28]                       ; 1                 ; 6       ;
; idata[57]                                                   ;                   ;         ;
;      - feistel_algo:encrypt1|R[0][0]~feeder                 ; 1                 ; 6       ;
; idata[15]                                                   ;                   ;         ;
;      - feistel_algo:encrypt1|R[0][30]                       ; 1                 ; 6       ;
; idata[47]                                                   ;                   ;         ;
;      - feistel_algo:encrypt1|R[0][26]~feeder                ; 0                 ; 6       ;
; idata[55]                                                   ;                   ;         ;
;      - feistel_algo:encrypt1|R[0][25]~feeder                ; 0                 ; 6       ;
; idata[5]                                                    ;                   ;         ;
;      - feistel_algo:encrypt1|R[0][23]~feeder                ; 0                 ; 6       ;
; idata[63]                                                   ;                   ;         ;
;      - feistel_algo:encrypt1|R[0][24]~feeder                ; 1                 ; 6       ;
; idata[24]                                                   ;                   ;         ;
;      - feistel_algo:encrypt1|L[0][4]                        ; 0                 ; 6       ;
; idata[45]                                                   ;                   ;         ;
;      - feistel_algo:encrypt1|R[0][18]                       ; 0                 ; 6       ;
; idata[6]                                                    ;                   ;         ;
;      - feistel_algo:encrypt1|L[0][31]~feeder                ; 0                 ; 6       ;
; idata[29]                                                   ;                   ;         ;
;      - feistel_algo:encrypt1|R[0][20]~feeder                ; 0                 ; 6       ;
; idata[53]                                                   ;                   ;         ;
;      - feistel_algo:encrypt1|R[0][17]~feeder                ; 1                 ; 6       ;
; idata[37]                                                   ;                   ;         ;
;      - feistel_algo:encrypt1|R[0][19]                       ; 0                 ; 6       ;
; idata[51]                                                   ;                   ;         ;
;      - feistel_algo:encrypt1|R[0][9]                        ; 1                 ; 6       ;
; idata[32]                                                   ;                   ;         ;
;      - feistel_algo:encrypt1|L[0][3]~feeder                 ; 0                 ; 6       ;
; idata[1]                                                    ;                   ;         ;
;      - feistel_algo:encrypt1|R[0][7]                        ; 0                 ; 6       ;
; idata[59]                                                   ;                   ;         ;
;      - feistel_algo:encrypt1|R[0][8]~feeder                 ; 0                 ; 6       ;
; idata[43]                                                   ;                   ;         ;
;      - feistel_algo:encrypt1|R[0][10]                       ; 0                 ; 6       ;
; idata[21]                                                   ;                   ;         ;
;      - feistel_algo:encrypt1|R[0][21]                       ; 1                 ; 6       ;
; idata[40]                                                   ;                   ;         ;
;      - feistel_algo:encrypt1|L[0][2]                        ; 1                 ; 6       ;
; idata[13]                                                   ;                   ;         ;
; idata[9]                                                    ;                   ;         ;
; idata[56]                                                   ;                   ;         ;
;      - feistel_algo:encrypt1|L[0][0]                        ; 1                 ; 6       ;
; idata[33]                                                   ;                   ;         ;
;      - feistel_algo:encrypt1|R[0][3]~feeder                 ; 1                 ; 6       ;
; idata[25]                                                   ;                   ;         ;
; idata[17]                                                   ;                   ;         ;
; idata[36]                                                   ;                   ;         ;
;      - feistel_algo:encrypt1|L[0][19]~feeder                ; 0                 ; 6       ;
; idata[28]                                                   ;                   ;         ;
;      - feistel_algo:encrypt1|L[0][20]~feeder                ; 0                 ; 6       ;
; idata[12]                                                   ;                   ;         ;
;      - feistel_algo:encrypt1|L[0][22]~feeder                ; 0                 ; 6       ;
; idata[4]                                                    ;                   ;         ;
;      - feistel_algo:encrypt1|L[0][23]~feeder                ; 1                 ; 6       ;
; idata[20]                                                   ;                   ;         ;
;      - feistel_algo:encrypt1|L[0][21]                       ; 0                 ; 6       ;
; idata[58]                                                   ;                   ;         ;
;      - feistel_algo:encrypt1|L[0][8]                        ; 1                 ; 6       ;
; idata[0]                                                    ;                   ;         ;
;      - feistel_algo:encrypt1|L[0][7]~feeder                 ; 1                 ; 6       ;
; idata[50]                                                   ;                   ;         ;
;      - feistel_algo:encrypt1|L[0][9]                        ; 0                 ; 6       ;
; idata[26]                                                   ;                   ;         ;
;      - feistel_algo:encrypt1|L[0][12]~feeder                ; 1                 ; 6       ;
; idata[42]                                                   ;                   ;         ;
;      - feistel_algo:encrypt1|L[0][10]                       ; 1                 ; 6       ;
; idata[49]                                                   ;                   ;         ;
;      - feistel_algo:encrypt1|R[0][1]~feeder                 ; 0                 ; 6       ;
; idata[34]                                                   ;                   ;         ;
;      - feistel_algo:encrypt1|L[0][11]~feeder                ; 0                 ; 6       ;
; idata[41]                                                   ;                   ;         ;
;      - feistel_algo:encrypt1|R[0][2]                        ; 1                 ; 6       ;
; idata[38]                                                   ;                   ;         ;
;      - feistel_algo:encrypt1|L[0][27]~feeder                ; 1                 ; 6       ;
; idata[30]                                                   ;                   ;         ;
;      - feistel_algo:encrypt1|L[0][28]~feeder                ; 0                 ; 6       ;
; idata[22]                                                   ;                   ;         ;
;      - feistel_algo:encrypt1|L[0][29]~feeder                ; 0                 ; 6       ;
; idata[14]                                                   ;                   ;         ;
;      - feistel_algo:encrypt1|L[0][30]                       ; 1                 ; 6       ;
; idata[60]                                                   ;                   ;         ;
;      - feistel_algo:encrypt1|L[0][16]~feeder                ; 0                 ; 6       ;
; idata[2]                                                    ;                   ;         ;
;      - feistel_algo:encrypt1|L[0][15]                       ; 1                 ; 6       ;
; idata[52]                                                   ;                   ;         ;
;      - feistel_algo:encrypt1|L[0][17]~feeder                ; 1                 ; 6       ;
; idata[44]                                                   ;                   ;         ;
;      - feistel_algo:encrypt1|L[0][18]~feeder                ; 0                 ; 6       ;
; idata[46]                                                   ;                   ;         ;
;      - feistel_algo:encrypt1|L[0][26]~feeder                ; 1                 ; 6       ;
; idata[54]                                                   ;                   ;         ;
;      - feistel_algo:encrypt1|L[0][25]~feeder                ; 1                 ; 6       ;
; idata[18]                                                   ;                   ;         ;
;      - feistel_algo:encrypt1|L[0][13]~feeder                ; 0                 ; 6       ;
; idata[10]                                                   ;                   ;         ;
;      - feistel_algo:encrypt1|L[0][14]                       ; 0                 ; 6       ;
; idata[8]                                                    ;                   ;         ;
;      - feistel_algo:encrypt1|L[0][6]~feeder                 ; 0                 ; 6       ;
; idata[16]                                                   ;                   ;         ;
;      - feistel_algo:encrypt1|L[0][5]~feeder                 ; 1                 ; 6       ;
; valid_in                                                    ;                   ;         ;
;      - feistel_algo:encrypt1|V[0]~feeder                    ; 1                 ; 6       ;
+-------------------------------------------------------------+-------------------+---------+


+----------------------------------------------------------------------------------------------------------------------------------------------------------------------------------------------------------------------------------------------+
; Control Signals                                                                                                                                                                                                                              ;
+-----------------------------------------------------------------------------------------------------------------+--------------------+---------+--------------+--------+----------------------+------------------+---------------------------+
; Name                                                                                                            ; Location           ; Fan-Out ; Usage        ; Global ; Global Resource Used ; Global Line Name ; Enable Signal Source Name ;
+-----------------------------------------------------------------------------------------------------------------+--------------------+---------+--------------+--------+----------------------+------------------+---------------------------+
; clk                                                                                                             ; PIN_P2             ; 3136    ; Clock        ; yes    ; Global Clock         ; GCLK3            ; --                        ;
; feistel_algo:decrypt2|altshift_taps:L16_rtl_0|shift_taps_ghm:auto_generated|cntr_74h:cntr5|counter_comb_bita0~0 ; LCCOMB_X31_Y35_N28 ; 2       ; Clock enable ; no     ; --                   ; --               ; --                        ;
; feistel_algo:decrypt2|altshift_taps:L16_rtl_0|shift_taps_ghm:auto_generated|dffe6                               ; LCFF_X31_Y35_N1    ; 4       ; Async. clear ; yes    ; Global Clock         ; GCLK8            ; --                        ;
; reset                                                                                                           ; PIN_P1             ; 3128    ; Async. clear ; yes    ; Global Clock         ; GCLK1            ; --                        ;
+-----------------------------------------------------------------------------------------------------------------+--------------------+---------+--------------+--------+----------------------+------------------+---------------------------+


+-------------------------------------------------------------------------------------------------------------------------------------------------------------------------------------+
; Global & Other Fast Signals                                                                                                                                                         ;
+-----------------------------------------------------------------------------------+-----------------+---------+----------------------+------------------+---------------------------+
; Name                                                                              ; Location        ; Fan-Out ; Global Resource Used ; Global Line Name ; Enable Signal Source Name ;
+-----------------------------------------------------------------------------------+-----------------+---------+----------------------+------------------+---------------------------+
; clk                                                                               ; PIN_P2          ; 3136    ; Global Clock         ; GCLK3            ; --                        ;
; feistel_algo:decrypt2|altshift_taps:L16_rtl_0|shift_taps_ghm:auto_generated|dffe6 ; LCFF_X31_Y35_N1 ; 4       ; Global Clock         ; GCLK8            ; --                        ;
; reset                                                                             ; PIN_P1          ; 3128    ; Global Clock         ; GCLK1            ; --                        ;
+-----------------------------------------------------------------------------------+-----------------+---------+----------------------+------------------+---------------------------+


+----------------------------------------------------------------+
; Non-Global High Fan-Out Signals                                ;
+------------------------------------------------------+---------+
; Name                                                 ; Fan-Out ;
+------------------------------------------------------+---------+
; key1[44]                                             ; 20      ;
; key1[18]                                             ; 20      ;
; key1[27]                                             ; 20      ;
; key1[34]                                             ; 20      ;
; key2[27]                                             ; 20      ;
; key3[1]                                              ; 20      ;
; key3[11]                                             ; 20      ;
; key3[17]                                             ; 20      ;
; key1[49]                                             ; 19      ;
; key1[43]                                             ; 19      ;
; key1[60]                                             ; 19      ;
; key1[33]                                             ; 19      ;
; key1[59]                                             ; 19      ;
; key1[2]                                              ; 19      ;
; key2[18]                                             ; 19      ;
; key2[25]                                             ; 19      ;
; key2[60]                                             ; 19      ;
; key2[44]                                             ; 19      ;
; key2[1]                                              ; 19      ;
; key2[17]                                             ; 19      ;
; key2[19]                                             ; 19      ;
; key2[33]                                             ; 19      ;
; key3[58]                                             ; 19      ;
; key3[36]                                             ; 19      ;
; key3[26]                                             ; 19      ;
; key3[51]                                             ; 19      ;
; key3[33]                                             ; 19      ;
; key3[42]                                             ; 19      ;
; key1[50]                                             ; 18      ;
; key1[25]                                             ; 18      ;
; key1[11]                                             ; 18      ;
; key1[41]                                             ; 18      ;
; key1[9]                                              ; 18      ;
; key1[17]                                             ; 18      ;
; key1[19]                                             ; 18      ;
; key2[49]                                             ; 18      ;
; key2[43]                                             ; 18      ;
; key2[34]                                             ; 18      ;
; key2[11]                                             ; 18      ;
; key2[41]                                             ; 18      ;
; key2[50]                                             ; 18      ;
; key2[9]                                              ; 18      ;
; key2[2]                                              ; 18      ;
; key3[35]                                             ; 18      ;
; key3[57]                                             ; 18      ;
; key1[1]                                              ; 17      ;
; key1[58]                                             ; 17      ;
; key1[35]                                             ; 17      ;
; key1[3]                                              ; 17      ;
; key1[23]                                             ; 17      ;
; key2[13]                                             ; 17      ;
; key2[3]                                              ; 17      ;
; key2[59]                                             ; 17      ;
; key2[51]                                             ; 17      ;
; key2[46]                                             ; 17      ;
; key2[23]                                             ; 17      ;
; key2[7]                                              ; 17      ;
; key2[62]                                             ; 17      ;
; key3[10]                                             ; 17      ;
; key3[44]                                             ; 17      ;
; key3[49]                                             ; 17      ;
; key3[30]                                             ; 17      ;
; key3[18]                                             ; 17      ;
; key3[60]                                             ; 17      ;
; key3[41]                                             ; 17      ;
; key3[27]                                             ; 17      ;
; key3[43]                                             ; 17      ;
; key3[25]                                             ; 17      ;
; key3[20]                                             ; 17      ;
; key3[46]                                             ; 17      ;
; key3[7]                                              ; 17      ;
; key3[19]                                             ; 17      ;
; key3[52]                                             ; 17      ;
; key1[13]                                             ; 16      ;
; key1[4]                                              ; 16      ;
; key1[42]                                             ; 16      ;
; key1[30]                                             ; 16      ;
; key1[51]                                             ; 16      ;
; key1[26]                                             ; 16      ;
; key1[55]                                             ; 16      ;
; key1[29]                                             ; 16      ;
; key1[62]                                             ; 16      ;
; key1[20]                                             ; 16      ;
; key1[14]                                             ; 16      ;
; key1[46]                                             ; 16      ;
; key1[7]                                              ; 16      ;
; key1[39]                                             ; 16      ;
; key2[52]                                             ; 16      ;
; key2[58]                                             ; 16      ;
; key2[14]                                             ; 16      ;
; key2[30]                                             ; 16      ;
; key2[29]                                             ; 16      ;
; key2[36]                                             ; 16      ;
; key2[26]                                             ; 16      ;
; key2[35]                                             ; 16      ;
; key3[50]                                             ; 16      ;
; key3[4]                                              ; 16      ;
; key3[9]                                              ; 16      ;
; key3[3]                                              ; 16      ;
; key3[23]                                             ; 16      ;
; key3[14]                                             ; 16      ;
; key3[62]                                             ; 16      ;
; key3[34]                                             ; 16      ;
; key3[2]                                              ; 16      ;
; key1[45]                                             ; 15      ;
; key1[57]                                             ; 15      ;
; key1[36]                                             ; 15      ;
; key1[53]                                             ; 15      ;
; key1[63]                                             ; 15      ;
; key1[37]                                             ; 15      ;
; key1[52]                                             ; 15      ;
; key2[57]                                             ; 15      ;
; key2[4]                                              ; 15      ;
; key2[15]                                             ; 15      ;
; key2[47]                                             ; 15      ;
; key2[39]                                             ; 15      ;
; key2[38]                                             ; 15      ;
; key2[20]                                             ; 15      ;
; key2[10]                                             ; 15      ;
; key2[42]                                             ; 15      ;
; key2[63]                                             ; 15      ;
; key2[37]                                             ; 15      ;
; key2[55]                                             ; 15      ;
; key3[13]                                             ; 15      ;
; key3[53]                                             ; 15      ;
; key3[63]                                             ; 15      ;
; key3[47]                                             ; 15      ;
; key3[37]                                             ; 15      ;
; key3[55]                                             ; 15      ;
; key3[29]                                             ; 15      ;
; key3[39]                                             ; 15      ;
; key3[59]                                             ; 15      ;
; key1[10]                                             ; 14      ;
; key1[31]                                             ; 14      ;
; key1[38]                                             ; 14      ;
; key1[15]                                             ; 14      ;
; key1[47]                                             ; 14      ;
; key1[54]                                             ; 14      ;
; key1[28]                                             ; 14      ;
; key1[5]                                              ; 14      ;
; key2[53]                                             ; 14      ;
; key2[54]                                             ; 14      ;
; key2[5]                                              ; 14      ;
; key2[28]                                             ; 14      ;
; key2[31]                                             ; 14      ;
; key2[45]                                             ; 14      ;
; key3[45]                                             ; 14      ;
; key3[21]                                             ; 14      ;
; key3[31]                                             ; 14      ;
; key3[28]                                             ; 14      ;
; key3[54]                                             ; 14      ;
; key3[38]                                             ; 14      ;
; key3[15]                                             ; 14      ;
; key3[5]                                              ; 14      ;
; feistel_algo:encrypt1|f:key_gen[0].f_inst|xored[23]  ; 14      ;
; feistel_algo:encrypt1|f:key_gen[1].f_inst|xored[23]  ; 14      ;
; feistel_algo:encrypt1|f:key_gen[2].f_inst|xored[23]  ; 14      ;
; feistel_algo:encrypt1|f:key_gen[3].f_inst|xored[23]  ; 14      ;
; feistel_algo:encrypt1|f:key_gen[4].f_inst|xored[23]  ; 14      ;
; feistel_algo:encrypt1|f:key_gen[5].f_inst|xored[23]  ; 14      ;
; feistel_algo:encrypt1|f:key_gen[6].f_inst|xored[23]  ; 14      ;
; feistel_algo:encrypt1|f:key_gen[7].f_inst|xored[23]  ; 14      ;
; feistel_algo:encrypt1|f:key_gen[8].f_inst|xored[23]  ; 14      ;
; feistel_algo:encrypt1|f:key_gen[9].f_inst|xored[23]  ; 14      ;
; feistel_algo:encrypt1|f:key_gen[10].f_inst|xored[23] ; 14      ;
; feistel_algo:encrypt1|f:key_gen[11].f_inst|xored[23] ; 14      ;
; feistel_algo:encrypt1|f:key_gen[12].f_inst|xored[23] ; 14      ;
; feistel_algo:encrypt1|f:key_gen[13].f_inst|xored[23] ; 14      ;
; feistel_algo:encrypt1|f:key_gen[14].f_inst|xored[23] ; 14      ;
; feistel_algo:encrypt1|f:key_gen[15].f_inst|xored[23] ; 14      ;
; feistel_algo:decrypt2|f:key_gen[0].f_inst|xored[23]  ; 14      ;
; feistel_algo:decrypt2|f:key_gen[1].f_inst|xored[23]  ; 14      ;
; feistel_algo:decrypt2|f:key_gen[2].f_inst|xored[23]  ; 14      ;
; feistel_algo:decrypt2|f:key_gen[3].f_inst|xored[23]  ; 14      ;
; feistel_algo:decrypt2|f:key_gen[4].f_inst|xored[23]  ; 14      ;
; feistel_algo:decrypt2|f:key_gen[5].f_inst|xored[23]  ; 14      ;
; feistel_algo:decrypt2|f:key_gen[6].f_inst|xored[23]  ; 14      ;
; feistel_algo:decrypt2|f:key_gen[7].f_inst|xored[23]  ; 14      ;
; feistel_algo:decrypt2|f:key_gen[8].f_inst|xored[23]  ; 14      ;
; feistel_algo:decrypt2|f:key_gen[9].f_inst|xored[23]  ; 14      ;
; feistel_algo:decrypt2|f:key_gen[10].f_inst|xored[23] ; 14      ;
; feistel_algo:decrypt2|f:key_gen[11].f_inst|xored[23] ; 14      ;
; feistel_algo:decrypt2|f:key_gen[12].f_inst|xored[23] ; 14      ;
; feistel_algo:decrypt2|f:key_gen[13].f_inst|xored[23] ; 14      ;
; feistel_algo:decrypt2|f:key_gen[14].f_inst|xored[23] ; 14      ;
; feistel_algo:decrypt2|f:key_gen[15].f_inst|xored[23] ; 14      ;
; feistel_algo:encrypt3|f:key_gen[0].f_inst|xored[23]  ; 14      ;
; feistel_algo:encrypt3|f:key_gen[1].f_inst|xored[23]  ; 14      ;
; feistel_algo:encrypt3|f:key_gen[2].f_inst|xored[23]  ; 14      ;
; feistel_algo:encrypt3|f:key_gen[3].f_inst|xored[23]  ; 14      ;
; feistel_algo:encrypt3|f:key_gen[4].f_inst|xored[23]  ; 14      ;
; feistel_algo:encrypt3|f:key_gen[5].f_inst|xored[23]  ; 14      ;
; feistel_algo:encrypt3|f:key_gen[6].f_inst|xored[23]  ; 14      ;
; feistel_algo:encrypt3|f:key_gen[7].f_inst|xored[23]  ; 14      ;
; feistel_algo:encrypt3|f:key_gen[8].f_inst|xored[23]  ; 14      ;
; feistel_algo:encrypt3|f:key_gen[9].f_inst|xored[23]  ; 14      ;
; feistel_algo:encrypt3|f:key_gen[10].f_inst|xored[23] ; 14      ;
; feistel_algo:encrypt3|f:key_gen[11].f_inst|xored[23] ; 14      ;
; feistel_algo:encrypt3|f:key_gen[12].f_inst|xored[23] ; 14      ;
; feistel_algo:encrypt3|f:key_gen[13].f_inst|xored[23] ; 14      ;
; feistel_algo:encrypt3|f:key_gen[14].f_inst|xored[23] ; 14      ;
; feistel_algo:encrypt3|f:key_gen[15].f_inst|xored[23] ; 14      ;
; key1[6]                                              ; 13      ;
; key1[21]                                             ; 13      ;
; key1[12]                                             ; 13      ;
; key1[22]                                             ; 13      ;
; key1[61]                                             ; 13      ;
; key2[12]                                             ; 13      ;
; key2[21]                                             ; 13      ;
; key2[61]                                             ; 13      ;
; key2[22]                                             ; 13      ;
; key3[6]                                              ; 13      ;
; key3[12]                                             ; 13      ;
; key3[22]                                             ; 13      ;
; key3[61]                                             ; 13      ;
; feistel_algo:encrypt1|f:key_gen[0].f_inst|xored[47]  ; 13      ;
; feistel_algo:encrypt1|f:key_gen[0].f_inst|xored[43]  ; 13      ;
; feistel_algo:encrypt1|f:key_gen[0].f_inst|xored[42]  ; 13      ;
; feistel_algo:encrypt1|f:key_gen[0].f_inst|xored[20]  ; 13      ;
; feistel_algo:encrypt1|f:key_gen[0].f_inst|xored[18]  ; 13      ;
; feistel_algo:encrypt1|f:key_gen[1].f_inst|xored[20]  ; 13      ;
; feistel_algo:encrypt1|f:key_gen[1].f_inst|xored[18]  ; 13      ;
; feistel_algo:encrypt1|f:key_gen[1].f_inst|xored[47]  ; 13      ;
; feistel_algo:encrypt1|f:key_gen[1].f_inst|xored[43]  ; 13      ;
; feistel_algo:encrypt1|f:key_gen[1].f_inst|xored[42]  ; 13      ;
; feistel_algo:encrypt1|f:key_gen[2].f_inst|xored[47]  ; 13      ;
; feistel_algo:encrypt1|f:key_gen[2].f_inst|xored[43]  ; 13      ;
; feistel_algo:encrypt1|f:key_gen[2].f_inst|xored[42]  ; 13      ;
; feistel_algo:encrypt1|f:key_gen[2].f_inst|xored[20]  ; 13      ;
; feistel_algo:encrypt1|f:key_gen[2].f_inst|xored[18]  ; 13      ;
; feistel_algo:encrypt1|f:key_gen[3].f_inst|xored[20]  ; 13      ;
; feistel_algo:encrypt1|f:key_gen[3].f_inst|xored[18]  ; 13      ;
; feistel_algo:encrypt1|f:key_gen[3].f_inst|xored[47]  ; 13      ;
; feistel_algo:encrypt1|f:key_gen[3].f_inst|xored[43]  ; 13      ;
; feistel_algo:encrypt1|f:key_gen[3].f_inst|xored[42]  ; 13      ;
; feistel_algo:encrypt1|f:key_gen[4].f_inst|xored[47]  ; 13      ;
; feistel_algo:encrypt1|f:key_gen[4].f_inst|xored[43]  ; 13      ;
; feistel_algo:encrypt1|f:key_gen[4].f_inst|xored[42]  ; 13      ;
; feistel_algo:encrypt1|f:key_gen[4].f_inst|xored[20]  ; 13      ;
; feistel_algo:encrypt1|f:key_gen[4].f_inst|xored[18]  ; 13      ;
; feistel_algo:encrypt1|f:key_gen[5].f_inst|xored[20]  ; 13      ;
; feistel_algo:encrypt1|f:key_gen[5].f_inst|xored[18]  ; 13      ;
; feistel_algo:encrypt1|f:key_gen[5].f_inst|xored[47]  ; 13      ;
; feistel_algo:encrypt1|f:key_gen[5].f_inst|xored[43]  ; 13      ;
; feistel_algo:encrypt1|f:key_gen[5].f_inst|xored[42]  ; 13      ;
; feistel_algo:encrypt1|f:key_gen[6].f_inst|xored[47]  ; 13      ;
; feistel_algo:encrypt1|f:key_gen[6].f_inst|xored[43]  ; 13      ;
; feistel_algo:encrypt1|f:key_gen[6].f_inst|xored[42]  ; 13      ;
; feistel_algo:encrypt1|f:key_gen[6].f_inst|xored[20]  ; 13      ;
; feistel_algo:encrypt1|f:key_gen[6].f_inst|xored[18]  ; 13      ;
; feistel_algo:encrypt1|f:key_gen[7].f_inst|xored[20]  ; 13      ;
; feistel_algo:encrypt1|f:key_gen[7].f_inst|xored[18]  ; 13      ;
; feistel_algo:encrypt1|f:key_gen[7].f_inst|xored[47]  ; 13      ;
; feistel_algo:encrypt1|f:key_gen[7].f_inst|xored[43]  ; 13      ;
; feistel_algo:encrypt1|f:key_gen[7].f_inst|xored[42]  ; 13      ;
; feistel_algo:encrypt1|f:key_gen[8].f_inst|xored[47]  ; 13      ;
; feistel_algo:encrypt1|f:key_gen[8].f_inst|xored[43]  ; 13      ;
; feistel_algo:encrypt1|f:key_gen[8].f_inst|xored[42]  ; 13      ;
; feistel_algo:encrypt1|f:key_gen[8].f_inst|xored[20]  ; 13      ;
; feistel_algo:encrypt1|f:key_gen[8].f_inst|xored[18]  ; 13      ;
; feistel_algo:encrypt1|f:key_gen[9].f_inst|xored[20]  ; 13      ;
; feistel_algo:encrypt1|f:key_gen[9].f_inst|xored[18]  ; 13      ;
; feistel_algo:encrypt1|f:key_gen[9].f_inst|xored[47]  ; 13      ;
; feistel_algo:encrypt1|f:key_gen[9].f_inst|xored[43]  ; 13      ;
; feistel_algo:encrypt1|f:key_gen[9].f_inst|xored[42]  ; 13      ;
; feistel_algo:encrypt1|f:key_gen[10].f_inst|xored[18] ; 13      ;
; feistel_algo:encrypt1|f:key_gen[10].f_inst|xored[20] ; 13      ;
; feistel_algo:encrypt1|f:key_gen[10].f_inst|xored[47] ; 13      ;
; feistel_algo:encrypt1|f:key_gen[10].f_inst|xored[43] ; 13      ;
; feistel_algo:encrypt1|f:key_gen[10].f_inst|xored[42] ; 13      ;
; feistel_algo:encrypt1|f:key_gen[11].f_inst|xored[47] ; 13      ;
; feistel_algo:encrypt1|f:key_gen[11].f_inst|xored[43] ; 13      ;
; feistel_algo:encrypt1|f:key_gen[11].f_inst|xored[42] ; 13      ;
; feistel_algo:encrypt1|f:key_gen[11].f_inst|xored[20] ; 13      ;
; feistel_algo:encrypt1|f:key_gen[11].f_inst|xored[18] ; 13      ;
; feistel_algo:encrypt1|f:key_gen[12].f_inst|xored[47] ; 13      ;
; feistel_algo:encrypt1|f:key_gen[12].f_inst|xored[43] ; 13      ;
; feistel_algo:encrypt1|f:key_gen[12].f_inst|xored[42] ; 13      ;
; feistel_algo:encrypt1|f:key_gen[12].f_inst|xored[20] ; 13      ;
; feistel_algo:encrypt1|f:key_gen[12].f_inst|xored[18] ; 13      ;
; feistel_algo:encrypt1|f:key_gen[13].f_inst|xored[20] ; 13      ;
; feistel_algo:encrypt1|f:key_gen[13].f_inst|xored[18] ; 13      ;
; feistel_algo:encrypt1|f:key_gen[13].f_inst|xored[47] ; 13      ;
; feistel_algo:encrypt1|f:key_gen[13].f_inst|xored[43] ; 13      ;
; feistel_algo:encrypt1|f:key_gen[13].f_inst|xored[42] ; 13      ;
; feistel_algo:encrypt1|f:key_gen[14].f_inst|xored[20] ; 13      ;
; feistel_algo:encrypt1|f:key_gen[14].f_inst|xored[18] ; 13      ;
; feistel_algo:encrypt1|f:key_gen[14].f_inst|xored[47] ; 13      ;
; feistel_algo:encrypt1|f:key_gen[14].f_inst|xored[43] ; 13      ;
; feistel_algo:encrypt1|f:key_gen[14].f_inst|xored[42] ; 13      ;
; feistel_algo:encrypt1|f:key_gen[15].f_inst|xored[47] ; 13      ;
; feistel_algo:encrypt1|f:key_gen[15].f_inst|xored[43] ; 13      ;
; feistel_algo:encrypt1|f:key_gen[15].f_inst|xored[42] ; 13      ;
; feistel_algo:encrypt1|f:key_gen[15].f_inst|xored[20] ; 13      ;
; feistel_algo:encrypt1|f:key_gen[15].f_inst|xored[18] ; 13      ;
; feistel_algo:decrypt2|f:key_gen[0].f_inst|xored[47]  ; 13      ;
; feistel_algo:decrypt2|f:key_gen[0].f_inst|xored[43]  ; 13      ;
; feistel_algo:decrypt2|f:key_gen[0].f_inst|xored[42]  ; 13      ;
; feistel_algo:decrypt2|f:key_gen[0].f_inst|xored[20]  ; 13      ;
; feistel_algo:decrypt2|f:key_gen[0].f_inst|xored[18]  ; 13      ;
; feistel_algo:decrypt2|f:key_gen[1].f_inst|xored[20]  ; 13      ;
; feistel_algo:decrypt2|f:key_gen[1].f_inst|xored[18]  ; 13      ;
; feistel_algo:decrypt2|f:key_gen[1].f_inst|xored[47]  ; 13      ;
; feistel_algo:decrypt2|f:key_gen[1].f_inst|xored[43]  ; 13      ;
; feistel_algo:decrypt2|f:key_gen[1].f_inst|xored[42]  ; 13      ;
; feistel_algo:decrypt2|f:key_gen[2].f_inst|xored[47]  ; 13      ;
; feistel_algo:decrypt2|f:key_gen[2].f_inst|xored[43]  ; 13      ;
; feistel_algo:decrypt2|f:key_gen[2].f_inst|xored[42]  ; 13      ;
; feistel_algo:decrypt2|f:key_gen[2].f_inst|xored[20]  ; 13      ;
; feistel_algo:decrypt2|f:key_gen[2].f_inst|xored[18]  ; 13      ;
; feistel_algo:decrypt2|f:key_gen[3].f_inst|xored[20]  ; 13      ;
; feistel_algo:decrypt2|f:key_gen[3].f_inst|xored[18]  ; 13      ;
; feistel_algo:decrypt2|f:key_gen[3].f_inst|xored[47]  ; 13      ;
; feistel_algo:decrypt2|f:key_gen[3].f_inst|xored[43]  ; 13      ;
; feistel_algo:decrypt2|f:key_gen[3].f_inst|xored[42]  ; 13      ;
; feistel_algo:decrypt2|f:key_gen[4].f_inst|xored[47]  ; 13      ;
; feistel_algo:decrypt2|f:key_gen[4].f_inst|xored[43]  ; 13      ;
; feistel_algo:decrypt2|f:key_gen[4].f_inst|xored[42]  ; 13      ;
; feistel_algo:decrypt2|f:key_gen[4].f_inst|xored[20]  ; 13      ;
; feistel_algo:decrypt2|f:key_gen[4].f_inst|xored[18]  ; 13      ;
; feistel_algo:decrypt2|f:key_gen[5].f_inst|xored[20]  ; 13      ;
; feistel_algo:decrypt2|f:key_gen[5].f_inst|xored[18]  ; 13      ;
; feistel_algo:decrypt2|f:key_gen[5].f_inst|xored[47]  ; 13      ;
; feistel_algo:decrypt2|f:key_gen[5].f_inst|xored[43]  ; 13      ;
; feistel_algo:decrypt2|f:key_gen[5].f_inst|xored[42]  ; 13      ;
; feistel_algo:decrypt2|f:key_gen[6].f_inst|xored[47]  ; 13      ;
; feistel_algo:decrypt2|f:key_gen[6].f_inst|xored[43]  ; 13      ;
; feistel_algo:decrypt2|f:key_gen[6].f_inst|xored[42]  ; 13      ;
; feistel_algo:decrypt2|f:key_gen[6].f_inst|xored[20]  ; 13      ;
; feistel_algo:decrypt2|f:key_gen[6].f_inst|xored[18]  ; 13      ;
; feistel_algo:decrypt2|f:key_gen[7].f_inst|xored[20]  ; 13      ;
; feistel_algo:decrypt2|f:key_gen[7].f_inst|xored[18]  ; 13      ;
; feistel_algo:decrypt2|f:key_gen[7].f_inst|xored[47]  ; 13      ;
; feistel_algo:decrypt2|f:key_gen[7].f_inst|xored[43]  ; 13      ;
; feistel_algo:decrypt2|f:key_gen[7].f_inst|xored[42]  ; 13      ;
; feistel_algo:decrypt2|f:key_gen[8].f_inst|xored[18]  ; 13      ;
; feistel_algo:decrypt2|f:key_gen[8].f_inst|xored[20]  ; 13      ;
; feistel_algo:decrypt2|f:key_gen[8].f_inst|xored[47]  ; 13      ;
; feistel_algo:decrypt2|f:key_gen[8].f_inst|xored[43]  ; 13      ;
; feistel_algo:decrypt2|f:key_gen[8].f_inst|xored[42]  ; 13      ;
; feistel_algo:decrypt2|f:key_gen[9].f_inst|xored[47]  ; 13      ;
; feistel_algo:decrypt2|f:key_gen[9].f_inst|xored[43]  ; 13      ;
; feistel_algo:decrypt2|f:key_gen[9].f_inst|xored[42]  ; 13      ;
; feistel_algo:decrypt2|f:key_gen[9].f_inst|xored[20]  ; 13      ;
; feistel_algo:decrypt2|f:key_gen[9].f_inst|xored[18]  ; 13      ;
; feistel_algo:decrypt2|f:key_gen[10].f_inst|xored[47] ; 13      ;
; feistel_algo:decrypt2|f:key_gen[10].f_inst|xored[43] ; 13      ;
; feistel_algo:decrypt2|f:key_gen[10].f_inst|xored[42] ; 13      ;
; feistel_algo:decrypt2|f:key_gen[10].f_inst|xored[20] ; 13      ;
; feistel_algo:decrypt2|f:key_gen[10].f_inst|xored[18] ; 13      ;
; feistel_algo:decrypt2|f:key_gen[11].f_inst|xored[20] ; 13      ;
; feistel_algo:decrypt2|f:key_gen[11].f_inst|xored[18] ; 13      ;
; feistel_algo:decrypt2|f:key_gen[11].f_inst|xored[47] ; 13      ;
; feistel_algo:decrypt2|f:key_gen[11].f_inst|xored[43] ; 13      ;
; feistel_algo:decrypt2|f:key_gen[11].f_inst|xored[42] ; 13      ;
; feistel_algo:decrypt2|f:key_gen[12].f_inst|xored[20] ; 13      ;
; feistel_algo:decrypt2|f:key_gen[12].f_inst|xored[18] ; 13      ;
; feistel_algo:decrypt2|f:key_gen[12].f_inst|xored[47] ; 13      ;
; feistel_algo:decrypt2|f:key_gen[12].f_inst|xored[43] ; 13      ;
; feistel_algo:decrypt2|f:key_gen[12].f_inst|xored[42] ; 13      ;
; feistel_algo:decrypt2|f:key_gen[13].f_inst|xored[47] ; 13      ;
; feistel_algo:decrypt2|f:key_gen[13].f_inst|xored[43] ; 13      ;
; feistel_algo:decrypt2|f:key_gen[13].f_inst|xored[42] ; 13      ;
; feistel_algo:decrypt2|f:key_gen[13].f_inst|xored[20] ; 13      ;
; feistel_algo:decrypt2|f:key_gen[13].f_inst|xored[18] ; 13      ;
; feistel_algo:decrypt2|f:key_gen[14].f_inst|xored[9]  ; 13      ;
; feistel_algo:decrypt2|f:key_gen[14].f_inst|xored[20] ; 13      ;
; feistel_algo:decrypt2|f:key_gen[14].f_inst|xored[18] ; 13      ;
; feistel_algo:decrypt2|f:key_gen[14].f_inst|xored[47] ; 13      ;
; feistel_algo:decrypt2|f:key_gen[14].f_inst|xored[43] ; 13      ;
; feistel_algo:decrypt2|f:key_gen[14].f_inst|xored[42] ; 13      ;
; feistel_algo:decrypt2|f:key_gen[15].f_inst|xored[47] ; 13      ;
; feistel_algo:decrypt2|f:key_gen[15].f_inst|xored[43] ; 13      ;
; feistel_algo:decrypt2|f:key_gen[15].f_inst|xored[42] ; 13      ;
; feistel_algo:decrypt2|f:key_gen[15].f_inst|xored[20] ; 13      ;
; feistel_algo:decrypt2|f:key_gen[15].f_inst|xored[18] ; 13      ;
; feistel_algo:encrypt3|f:key_gen[0].f_inst|xored[47]  ; 13      ;
; feistel_algo:encrypt3|f:key_gen[0].f_inst|xored[43]  ; 13      ;
; feistel_algo:encrypt3|f:key_gen[0].f_inst|xored[42]  ; 13      ;
; feistel_algo:encrypt3|f:key_gen[0].f_inst|xored[20]  ; 13      ;
; feistel_algo:encrypt3|f:key_gen[0].f_inst|xored[18]  ; 13      ;
; feistel_algo:encrypt3|f:key_gen[1].f_inst|xored[20]  ; 13      ;
; feistel_algo:encrypt3|f:key_gen[1].f_inst|xored[18]  ; 13      ;
; feistel_algo:encrypt3|f:key_gen[1].f_inst|xored[47]  ; 13      ;
; feistel_algo:encrypt3|f:key_gen[1].f_inst|xored[43]  ; 13      ;
; feistel_algo:encrypt3|f:key_gen[1].f_inst|xored[42]  ; 13      ;
; feistel_algo:encrypt3|f:key_gen[2].f_inst|xored[47]  ; 13      ;
; feistel_algo:encrypt3|f:key_gen[2].f_inst|xored[43]  ; 13      ;
; feistel_algo:encrypt3|f:key_gen[2].f_inst|xored[42]  ; 13      ;
; feistel_algo:encrypt3|f:key_gen[2].f_inst|xored[20]  ; 13      ;
; feistel_algo:encrypt3|f:key_gen[2].f_inst|xored[18]  ; 13      ;
; feistel_algo:encrypt3|f:key_gen[3].f_inst|xored[20]  ; 13      ;
; feistel_algo:encrypt3|f:key_gen[3].f_inst|xored[18]  ; 13      ;
; feistel_algo:encrypt3|f:key_gen[3].f_inst|xored[47]  ; 13      ;
; feistel_algo:encrypt3|f:key_gen[3].f_inst|xored[43]  ; 13      ;
; feistel_algo:encrypt3|f:key_gen[3].f_inst|xored[42]  ; 13      ;
; feistel_algo:encrypt3|f:key_gen[4].f_inst|xored[47]  ; 13      ;
; feistel_algo:encrypt3|f:key_gen[4].f_inst|xored[43]  ; 13      ;
; feistel_algo:encrypt3|f:key_gen[4].f_inst|xored[42]  ; 13      ;
; feistel_algo:encrypt3|f:key_gen[4].f_inst|xored[20]  ; 13      ;
; feistel_algo:encrypt3|f:key_gen[4].f_inst|xored[18]  ; 13      ;
; feistel_algo:encrypt3|f:key_gen[5].f_inst|xored[20]  ; 13      ;
; feistel_algo:encrypt3|f:key_gen[5].f_inst|xored[18]  ; 13      ;
; feistel_algo:encrypt3|f:key_gen[5].f_inst|xored[47]  ; 13      ;
; feistel_algo:encrypt3|f:key_gen[5].f_inst|xored[43]  ; 13      ;
; feistel_algo:encrypt3|f:key_gen[5].f_inst|xored[42]  ; 13      ;
; feistel_algo:encrypt3|f:key_gen[6].f_inst|xored[47]  ; 13      ;
; feistel_algo:encrypt3|f:key_gen[6].f_inst|xored[43]  ; 13      ;
; feistel_algo:encrypt3|f:key_gen[6].f_inst|xored[42]  ; 13      ;
; feistel_algo:encrypt3|f:key_gen[6].f_inst|xored[20]  ; 13      ;
; feistel_algo:encrypt3|f:key_gen[6].f_inst|xored[18]  ; 13      ;
; feistel_algo:encrypt3|f:key_gen[7].f_inst|xored[20]  ; 13      ;
; feistel_algo:encrypt3|f:key_gen[7].f_inst|xored[18]  ; 13      ;
; feistel_algo:encrypt3|f:key_gen[7].f_inst|xored[47]  ; 13      ;
; feistel_algo:encrypt3|f:key_gen[7].f_inst|xored[43]  ; 13      ;
; feistel_algo:encrypt3|f:key_gen[7].f_inst|xored[42]  ; 13      ;
; feistel_algo:encrypt3|f:key_gen[8].f_inst|xored[47]  ; 13      ;
; feistel_algo:encrypt3|f:key_gen[8].f_inst|xored[43]  ; 13      ;
; feistel_algo:encrypt3|f:key_gen[8].f_inst|xored[42]  ; 13      ;
; feistel_algo:encrypt3|f:key_gen[8].f_inst|xored[20]  ; 13      ;
; feistel_algo:encrypt3|f:key_gen[8].f_inst|xored[18]  ; 13      ;
; feistel_algo:encrypt3|f:key_gen[9].f_inst|xored[20]  ; 13      ;
; feistel_algo:encrypt3|f:key_gen[9].f_inst|xored[18]  ; 13      ;
; feistel_algo:encrypt3|f:key_gen[9].f_inst|xored[47]  ; 13      ;
; feistel_algo:encrypt3|f:key_gen[9].f_inst|xored[43]  ; 13      ;
; feistel_algo:encrypt3|f:key_gen[9].f_inst|xored[42]  ; 13      ;
; feistel_algo:encrypt3|f:key_gen[10].f_inst|xored[47] ; 13      ;
; feistel_algo:encrypt3|f:key_gen[10].f_inst|xored[43] ; 13      ;
; feistel_algo:encrypt3|f:key_gen[10].f_inst|xored[42] ; 13      ;
; feistel_algo:encrypt3|f:key_gen[10].f_inst|xored[20] ; 13      ;
; feistel_algo:encrypt3|f:key_gen[10].f_inst|xored[18] ; 13      ;
; feistel_algo:encrypt3|f:key_gen[11].f_inst|xored[20] ; 13      ;
; feistel_algo:encrypt3|f:key_gen[11].f_inst|xored[18] ; 13      ;
; feistel_algo:encrypt3|f:key_gen[11].f_inst|xored[47] ; 13      ;
; feistel_algo:encrypt3|f:key_gen[11].f_inst|xored[43] ; 13      ;
; feistel_algo:encrypt3|f:key_gen[11].f_inst|xored[42] ; 13      ;
; feistel_algo:encrypt3|f:key_gen[12].f_inst|xored[47] ; 13      ;
; feistel_algo:encrypt3|f:key_gen[12].f_inst|xored[43] ; 13      ;
; feistel_algo:encrypt3|f:key_gen[12].f_inst|xored[42] ; 13      ;
; feistel_algo:encrypt3|f:key_gen[12].f_inst|xored[20] ; 13      ;
; feistel_algo:encrypt3|f:key_gen[12].f_inst|xored[18] ; 13      ;
; feistel_algo:encrypt3|f:key_gen[13].f_inst|xored[20] ; 13      ;
; feistel_algo:encrypt3|f:key_gen[13].f_inst|xored[18] ; 13      ;
; feistel_algo:encrypt3|f:key_gen[13].f_inst|xored[47] ; 13      ;
; feistel_algo:encrypt3|f:key_gen[13].f_inst|xored[43] ; 13      ;
; feistel_algo:encrypt3|f:key_gen[13].f_inst|xored[42] ; 13      ;
; feistel_algo:encrypt3|f:key_gen[14].f_inst|xored[9]  ; 13      ;
; feistel_algo:encrypt3|f:key_gen[14].f_inst|xored[18] ; 13      ;
; feistel_algo:encrypt3|f:key_gen[14].f_inst|xored[20] ; 13      ;
; feistel_algo:encrypt3|f:key_gen[14].f_inst|xored[47] ; 13      ;
; feistel_algo:encrypt3|f:key_gen[14].f_inst|xored[43] ; 13      ;
; feistel_algo:encrypt3|f:key_gen[14].f_inst|xored[42] ; 13      ;
; feistel_algo:encrypt3|f:key_gen[15].f_inst|xored[47] ; 13      ;
; feistel_algo:encrypt3|f:key_gen[15].f_inst|xored[43] ; 13      ;
; feistel_algo:encrypt3|f:key_gen[15].f_inst|xored[42] ; 13      ;
; feistel_algo:encrypt3|f:key_gen[15].f_inst|xored[18] ; 13      ;
; feistel_algo:encrypt3|f:key_gen[15].f_inst|xored[20] ; 13      ;
; key2[6]                                              ; 12      ;
; feistel_algo:encrypt1|f:key_gen[0].f_inst|xored[34]  ; 12      ;
; feistel_algo:encrypt1|f:key_gen[0].f_inst|xored[33]  ; 12      ;
; feistel_algo:encrypt1|f:key_gen[0].f_inst|xored[28]  ; 12      ;
; feistel_algo:encrypt1|f:key_gen[0].f_inst|xored[26]  ; 12      ;
; feistel_algo:encrypt1|f:key_gen[0].f_inst|xored[24]  ; 12      ;
; feistel_algo:encrypt1|f:key_gen[0].f_inst|xored[44]  ; 12      ;
; feistel_algo:encrypt1|f:key_gen[1].f_inst|xored[22]  ; 12      ;
; feistel_algo:encrypt1|f:key_gen[1].f_inst|xored[28]  ; 12      ;
; feistel_algo:encrypt1|f:key_gen[1].f_inst|xored[26]  ; 12      ;
; feistel_algo:encrypt1|f:key_gen[1].f_inst|xored[24]  ; 12      ;
; feistel_algo:encrypt1|f:key_gen[1].f_inst|xored[44]  ; 12      ;
; feistel_algo:encrypt1|f:key_gen[1].f_inst|xored[34]  ; 12      ;
; feistel_algo:encrypt1|f:key_gen[1].f_inst|xored[33]  ; 12      ;
; feistel_algo:encrypt1|f:key_gen[2].f_inst|xored[34]  ; 12      ;
; feistel_algo:encrypt1|f:key_gen[2].f_inst|xored[33]  ; 12      ;
; feistel_algo:encrypt1|f:key_gen[2].f_inst|xored[28]  ; 12      ;
; feistel_algo:encrypt1|f:key_gen[2].f_inst|xored[26]  ; 12      ;
; feistel_algo:encrypt1|f:key_gen[2].f_inst|xored[24]  ; 12      ;
; feistel_algo:encrypt1|f:key_gen[2].f_inst|xored[44]  ; 12      ;
; feistel_algo:encrypt1|f:key_gen[3].f_inst|xored[22]  ; 12      ;
; feistel_algo:encrypt1|f:key_gen[3].f_inst|xored[28]  ; 12      ;
; feistel_algo:encrypt1|f:key_gen[3].f_inst|xored[26]  ; 12      ;
; feistel_algo:encrypt1|f:key_gen[3].f_inst|xored[24]  ; 12      ;
; feistel_algo:encrypt1|f:key_gen[3].f_inst|xored[44]  ; 12      ;
; feistel_algo:encrypt1|f:key_gen[3].f_inst|xored[34]  ; 12      ;
; feistel_algo:encrypt1|f:key_gen[3].f_inst|xored[33]  ; 12      ;
; feistel_algo:encrypt1|f:key_gen[4].f_inst|xored[34]  ; 12      ;
; feistel_algo:encrypt1|f:key_gen[4].f_inst|xored[33]  ; 12      ;
; feistel_algo:encrypt1|f:key_gen[4].f_inst|xored[28]  ; 12      ;
; feistel_algo:encrypt1|f:key_gen[4].f_inst|xored[26]  ; 12      ;
; feistel_algo:encrypt1|f:key_gen[4].f_inst|xored[24]  ; 12      ;
; feistel_algo:encrypt1|f:key_gen[4].f_inst|xored[44]  ; 12      ;
; feistel_algo:encrypt1|f:key_gen[5].f_inst|xored[22]  ; 12      ;
; feistel_algo:encrypt1|f:key_gen[5].f_inst|xored[28]  ; 12      ;
; feistel_algo:encrypt1|f:key_gen[5].f_inst|xored[26]  ; 12      ;
; feistel_algo:encrypt1|f:key_gen[5].f_inst|xored[24]  ; 12      ;
; feistel_algo:encrypt1|f:key_gen[5].f_inst|xored[44]  ; 12      ;
; feistel_algo:encrypt1|f:key_gen[5].f_inst|xored[34]  ; 12      ;
; feistel_algo:encrypt1|f:key_gen[5].f_inst|xored[33]  ; 12      ;
; feistel_algo:encrypt1|f:key_gen[6].f_inst|xored[34]  ; 12      ;
; feistel_algo:encrypt1|f:key_gen[6].f_inst|xored[33]  ; 12      ;
; feistel_algo:encrypt1|f:key_gen[6].f_inst|xored[28]  ; 12      ;
; feistel_algo:encrypt1|f:key_gen[6].f_inst|xored[26]  ; 12      ;
; feistel_algo:encrypt1|f:key_gen[6].f_inst|xored[24]  ; 12      ;
; feistel_algo:encrypt1|f:key_gen[6].f_inst|xored[44]  ; 12      ;
; feistel_algo:encrypt1|f:key_gen[7].f_inst|xored[22]  ; 12      ;
; feistel_algo:encrypt1|f:key_gen[7].f_inst|xored[28]  ; 12      ;
; feistel_algo:encrypt1|f:key_gen[7].f_inst|xored[26]  ; 12      ;
; feistel_algo:encrypt1|f:key_gen[7].f_inst|xored[24]  ; 12      ;
; feistel_algo:encrypt1|f:key_gen[7].f_inst|xored[44]  ; 12      ;
; feistel_algo:encrypt1|f:key_gen[7].f_inst|xored[34]  ; 12      ;
; feistel_algo:encrypt1|f:key_gen[7].f_inst|xored[33]  ; 12      ;
; feistel_algo:encrypt1|f:key_gen[8].f_inst|xored[33]  ; 12      ;
; feistel_algo:encrypt1|f:key_gen[8].f_inst|xored[34]  ; 12      ;
; feistel_algo:encrypt1|f:key_gen[8].f_inst|xored[44]  ; 12      ;
; feistel_algo:encrypt1|f:key_gen[8].f_inst|xored[28]  ; 12      ;
; feistel_algo:encrypt1|f:key_gen[8].f_inst|xored[26]  ; 12      ;
; feistel_algo:encrypt1|f:key_gen[8].f_inst|xored[24]  ; 12      ;
; feistel_algo:encrypt1|f:key_gen[9].f_inst|xored[28]  ; 12      ;
; feistel_algo:encrypt1|f:key_gen[9].f_inst|xored[26]  ; 12      ;
; feistel_algo:encrypt1|f:key_gen[9].f_inst|xored[24]  ; 12      ;
; feistel_algo:encrypt1|f:key_gen[9].f_inst|xored[22]  ; 12      ;
; feistel_algo:encrypt1|f:key_gen[9].f_inst|xored[44]  ; 12      ;
; feistel_algo:encrypt1|f:key_gen[9].f_inst|xored[34]  ; 12      ;
; feistel_algo:encrypt1|f:key_gen[9].f_inst|xored[33]  ; 12      ;
; feistel_algo:encrypt1|f:key_gen[10].f_inst|xored[44] ; 12      ;
; feistel_algo:encrypt1|f:key_gen[10].f_inst|xored[34] ; 12      ;
; feistel_algo:encrypt1|f:key_gen[10].f_inst|xored[33] ; 12      ;
; feistel_algo:encrypt1|f:key_gen[10].f_inst|xored[28] ; 12      ;
; feistel_algo:encrypt1|f:key_gen[10].f_inst|xored[26] ; 12      ;
; feistel_algo:encrypt1|f:key_gen[10].f_inst|xored[24] ; 12      ;
; feistel_algo:encrypt1|f:key_gen[11].f_inst|xored[28] ; 12      ;
; feistel_algo:encrypt1|f:key_gen[11].f_inst|xored[26] ; 12      ;
; feistel_algo:encrypt1|f:key_gen[11].f_inst|xored[24] ; 12      ;
; feistel_algo:encrypt1|f:key_gen[11].f_inst|xored[34] ; 12      ;
; feistel_algo:encrypt1|f:key_gen[11].f_inst|xored[33] ; 12      ;
; feistel_algo:encrypt1|f:key_gen[11].f_inst|xored[44] ; 12      ;
; feistel_algo:encrypt1|f:key_gen[11].f_inst|xored[22] ; 12      ;
; feistel_algo:encrypt1|f:key_gen[12].f_inst|xored[44] ; 12      ;
; feistel_algo:encrypt1|f:key_gen[12].f_inst|xored[33] ; 12      ;
; feistel_algo:encrypt1|f:key_gen[12].f_inst|xored[34] ; 12      ;
; feistel_algo:encrypt1|f:key_gen[12].f_inst|xored[28] ; 12      ;
; feistel_algo:encrypt1|f:key_gen[12].f_inst|xored[26] ; 12      ;
; feistel_algo:encrypt1|f:key_gen[12].f_inst|xored[24] ; 12      ;
; feistel_algo:encrypt1|f:key_gen[13].f_inst|xored[22] ; 12      ;
; feistel_algo:encrypt1|f:key_gen[13].f_inst|xored[33] ; 12      ;
; feistel_algo:encrypt1|f:key_gen[13].f_inst|xored[34] ; 12      ;
; feistel_algo:encrypt1|f:key_gen[13].f_inst|xored[28] ; 12      ;
; feistel_algo:encrypt1|f:key_gen[13].f_inst|xored[26] ; 12      ;
; feistel_algo:encrypt1|f:key_gen[13].f_inst|xored[24] ; 12      ;
; feistel_algo:encrypt1|f:key_gen[13].f_inst|xored[44] ; 12      ;
; feistel_algo:encrypt1|f:key_gen[14].f_inst|xored[28] ; 12      ;
; feistel_algo:encrypt1|f:key_gen[14].f_inst|xored[26] ; 12      ;
; feistel_algo:encrypt1|f:key_gen[14].f_inst|xored[24] ; 12      ;
; feistel_algo:encrypt1|f:key_gen[14].f_inst|xored[44] ; 12      ;
; feistel_algo:encrypt1|f:key_gen[14].f_inst|xored[34] ; 12      ;
; feistel_algo:encrypt1|f:key_gen[14].f_inst|xored[33] ; 12      ;
; feistel_algo:encrypt1|f:key_gen[15].f_inst|xored[33] ; 12      ;
; feistel_algo:encrypt1|f:key_gen[15].f_inst|xored[34] ; 12      ;
; feistel_algo:encrypt1|f:key_gen[15].f_inst|xored[28] ; 12      ;
; feistel_algo:encrypt1|f:key_gen[15].f_inst|xored[26] ; 12      ;
; feistel_algo:encrypt1|f:key_gen[15].f_inst|xored[24] ; 12      ;
; feistel_algo:encrypt1|f:key_gen[15].f_inst|xored[44] ; 12      ;
; feistel_algo:decrypt2|f:key_gen[0].f_inst|xored[33]  ; 12      ;
; feistel_algo:decrypt2|f:key_gen[0].f_inst|xored[34]  ; 12      ;
; feistel_algo:decrypt2|f:key_gen[0].f_inst|xored[28]  ; 12      ;
; feistel_algo:decrypt2|f:key_gen[0].f_inst|xored[26]  ; 12      ;
; feistel_algo:decrypt2|f:key_gen[0].f_inst|xored[24]  ; 12      ;
; feistel_algo:decrypt2|f:key_gen[0].f_inst|xored[44]  ; 12      ;
; feistel_algo:decrypt2|f:key_gen[0].f_inst|xored[22]  ; 12      ;
; feistel_algo:decrypt2|f:key_gen[1].f_inst|xored[28]  ; 12      ;
; feistel_algo:decrypt2|f:key_gen[1].f_inst|xored[26]  ; 12      ;
; feistel_algo:decrypt2|f:key_gen[1].f_inst|xored[24]  ; 12      ;
; feistel_algo:decrypt2|f:key_gen[1].f_inst|xored[44]  ; 12      ;
; feistel_algo:decrypt2|f:key_gen[1].f_inst|xored[34]  ; 12      ;
; feistel_algo:decrypt2|f:key_gen[1].f_inst|xored[33]  ; 12      ;
; feistel_algo:decrypt2|f:key_gen[2].f_inst|xored[33]  ; 12      ;
; feistel_algo:decrypt2|f:key_gen[2].f_inst|xored[34]  ; 12      ;
; feistel_algo:decrypt2|f:key_gen[2].f_inst|xored[28]  ; 12      ;
; feistel_algo:decrypt2|f:key_gen[2].f_inst|xored[26]  ; 12      ;
; feistel_algo:decrypt2|f:key_gen[2].f_inst|xored[24]  ; 12      ;
; feistel_algo:decrypt2|f:key_gen[2].f_inst|xored[44]  ; 12      ;
; feistel_algo:decrypt2|f:key_gen[2].f_inst|xored[22]  ; 12      ;
; feistel_algo:decrypt2|f:key_gen[3].f_inst|xored[28]  ; 12      ;
; feistel_algo:decrypt2|f:key_gen[3].f_inst|xored[26]  ; 12      ;
; feistel_algo:decrypt2|f:key_gen[3].f_inst|xored[24]  ; 12      ;
; feistel_algo:decrypt2|f:key_gen[3].f_inst|xored[44]  ; 12      ;
; feistel_algo:decrypt2|f:key_gen[3].f_inst|xored[34]  ; 12      ;
; feistel_algo:decrypt2|f:key_gen[3].f_inst|xored[33]  ; 12      ;
; feistel_algo:decrypt2|f:key_gen[4].f_inst|xored[33]  ; 12      ;
; feistel_algo:decrypt2|f:key_gen[4].f_inst|xored[34]  ; 12      ;
; feistel_algo:decrypt2|f:key_gen[4].f_inst|xored[28]  ; 12      ;
; feistel_algo:decrypt2|f:key_gen[4].f_inst|xored[26]  ; 12      ;
; feistel_algo:decrypt2|f:key_gen[4].f_inst|xored[24]  ; 12      ;
; feistel_algo:decrypt2|f:key_gen[4].f_inst|xored[44]  ; 12      ;
; feistel_algo:decrypt2|f:key_gen[4].f_inst|xored[22]  ; 12      ;
; feistel_algo:decrypt2|f:key_gen[5].f_inst|xored[28]  ; 12      ;
; feistel_algo:decrypt2|f:key_gen[5].f_inst|xored[26]  ; 12      ;
; feistel_algo:decrypt2|f:key_gen[5].f_inst|xored[24]  ; 12      ;
; feistel_algo:decrypt2|f:key_gen[5].f_inst|xored[44]  ; 12      ;
; feistel_algo:decrypt2|f:key_gen[5].f_inst|xored[34]  ; 12      ;
; feistel_algo:decrypt2|f:key_gen[5].f_inst|xored[33]  ; 12      ;
; feistel_algo:decrypt2|f:key_gen[6].f_inst|xored[33]  ; 12      ;
; feistel_algo:decrypt2|f:key_gen[6].f_inst|xored[34]  ; 12      ;
; feistel_algo:decrypt2|f:key_gen[6].f_inst|xored[44]  ; 12      ;
; feistel_algo:decrypt2|f:key_gen[6].f_inst|xored[28]  ; 12      ;
; feistel_algo:decrypt2|f:key_gen[6].f_inst|xored[26]  ; 12      ;
; feistel_algo:decrypt2|f:key_gen[6].f_inst|xored[24]  ; 12      ;
; feistel_algo:decrypt2|f:key_gen[6].f_inst|xored[22]  ; 12      ;
; feistel_algo:decrypt2|f:key_gen[7].f_inst|xored[28]  ; 12      ;
; feistel_algo:decrypt2|f:key_gen[7].f_inst|xored[26]  ; 12      ;
; feistel_algo:decrypt2|f:key_gen[7].f_inst|xored[24]  ; 12      ;
; feistel_algo:decrypt2|f:key_gen[7].f_inst|xored[44]  ; 12      ;
; feistel_algo:decrypt2|f:key_gen[7].f_inst|xored[34]  ; 12      ;
; feistel_algo:decrypt2|f:key_gen[7].f_inst|xored[33]  ; 12      ;
; feistel_algo:decrypt2|f:key_gen[8].f_inst|xored[22]  ; 12      ;
; feistel_algo:decrypt2|f:key_gen[8].f_inst|xored[44]  ; 12      ;
; feistel_algo:decrypt2|f:key_gen[8].f_inst|xored[34]  ; 12      ;
; feistel_algo:decrypt2|f:key_gen[8].f_inst|xored[33]  ; 12      ;
; feistel_algo:decrypt2|f:key_gen[8].f_inst|xored[28]  ; 12      ;
; feistel_algo:decrypt2|f:key_gen[8].f_inst|xored[26]  ; 12      ;
; feistel_algo:decrypt2|f:key_gen[8].f_inst|xored[24]  ; 12      ;
; feistel_algo:decrypt2|f:key_gen[9].f_inst|xored[28]  ; 12      ;
; feistel_algo:decrypt2|f:key_gen[9].f_inst|xored[26]  ; 12      ;
; feistel_algo:decrypt2|f:key_gen[9].f_inst|xored[24]  ; 12      ;
; feistel_algo:decrypt2|f:key_gen[9].f_inst|xored[34]  ; 12      ;
; feistel_algo:decrypt2|f:key_gen[9].f_inst|xored[33]  ; 12      ;
; feistel_algo:decrypt2|f:key_gen[9].f_inst|xored[44]  ; 12      ;
; feistel_algo:decrypt2|f:key_gen[10].f_inst|xored[34] ; 12      ;
; feistel_algo:decrypt2|f:key_gen[10].f_inst|xored[33] ; 12      ;
; feistel_algo:decrypt2|f:key_gen[10].f_inst|xored[44] ; 12      ;
; feistel_algo:decrypt2|f:key_gen[10].f_inst|xored[22] ; 12      ;
; feistel_algo:decrypt2|f:key_gen[10].f_inst|xored[28] ; 12      ;
; feistel_algo:decrypt2|f:key_gen[10].f_inst|xored[26] ; 12      ;
; feistel_algo:decrypt2|f:key_gen[10].f_inst|xored[24] ; 12      ;
; feistel_algo:decrypt2|f:key_gen[11].f_inst|xored[28] ; 12      ;
; feistel_algo:decrypt2|f:key_gen[11].f_inst|xored[26] ; 12      ;
; feistel_algo:decrypt2|f:key_gen[11].f_inst|xored[24] ; 12      ;
; feistel_algo:decrypt2|f:key_gen[11].f_inst|xored[34] ; 12      ;
; feistel_algo:decrypt2|f:key_gen[11].f_inst|xored[33] ; 12      ;
; feistel_algo:decrypt2|f:key_gen[11].f_inst|xored[44] ; 12      ;
; feistel_algo:decrypt2|f:key_gen[12].f_inst|xored[28] ; 12      ;
; feistel_algo:decrypt2|f:key_gen[12].f_inst|xored[26] ; 12      ;
; feistel_algo:decrypt2|f:key_gen[12].f_inst|xored[24] ; 12      ;
; feistel_algo:decrypt2|f:key_gen[12].f_inst|xored[16] ; 12      ;
; feistel_algo:decrypt2|f:key_gen[12].f_inst|xored[17] ; 12      ;
; feistel_algo:decrypt2|f:key_gen[12].f_inst|xored[22] ; 12      ;
; feistel_algo:decrypt2|f:key_gen[12].f_inst|xored[44] ; 12      ;
; feistel_algo:decrypt2|f:key_gen[13].f_inst|xored[44] ; 12      ;
; feistel_algo:decrypt2|f:key_gen[13].f_inst|xored[22] ; 12      ;
; feistel_algo:decrypt2|f:key_gen[13].f_inst|xored[16] ; 12      ;
; feistel_algo:decrypt2|f:key_gen[13].f_inst|xored[17] ; 12      ;
; feistel_algo:decrypt2|f:key_gen[13].f_inst|xored[28] ; 12      ;
; feistel_algo:decrypt2|f:key_gen[13].f_inst|xored[26] ; 12      ;
; feistel_algo:decrypt2|f:key_gen[13].f_inst|xored[24] ; 12      ;
; feistel_algo:decrypt2|f:key_gen[14].f_inst|xored[28] ; 12      ;
; feistel_algo:decrypt2|f:key_gen[14].f_inst|xored[26] ; 12      ;
; feistel_algo:decrypt2|f:key_gen[14].f_inst|xored[24] ; 12      ;
; feistel_algo:decrypt2|f:key_gen[14].f_inst|xored[16] ; 12      ;
; feistel_algo:decrypt2|f:key_gen[14].f_inst|xored[17] ; 12      ;
; feistel_algo:decrypt2|f:key_gen[14].f_inst|xored[44] ; 12      ;
; feistel_algo:decrypt2|f:key_gen[15].f_inst|xored[44] ; 12      ;
; feistel_algo:decrypt2|f:key_gen[15].f_inst|xored[16] ; 12      ;
; feistel_algo:decrypt2|f:key_gen[15].f_inst|xored[17] ; 12      ;
; feistel_algo:decrypt2|f:key_gen[15].f_inst|xored[28] ; 12      ;
; feistel_algo:decrypt2|f:key_gen[15].f_inst|xored[26] ; 12      ;
; feistel_algo:decrypt2|f:key_gen[15].f_inst|xored[24] ; 12      ;
; feistel_algo:encrypt3|f:key_gen[0].f_inst|xored[44]  ; 12      ;
; feistel_algo:encrypt3|f:key_gen[0].f_inst|xored[16]  ; 12      ;
; feistel_algo:encrypt3|f:key_gen[0].f_inst|xored[17]  ; 12      ;
; feistel_algo:encrypt3|f:key_gen[0].f_inst|xored[28]  ; 12      ;
; feistel_algo:encrypt3|f:key_gen[0].f_inst|xored[26]  ; 12      ;
; feistel_algo:encrypt3|f:key_gen[0].f_inst|xored[24]  ; 12      ;
; feistel_algo:encrypt3|f:key_gen[1].f_inst|xored[28]  ; 12      ;
; feistel_algo:encrypt3|f:key_gen[1].f_inst|xored[26]  ; 12      ;
; feistel_algo:encrypt3|f:key_gen[1].f_inst|xored[24]  ; 12      ;
; feistel_algo:encrypt3|f:key_gen[1].f_inst|xored[16]  ; 12      ;
; feistel_algo:encrypt3|f:key_gen[1].f_inst|xored[17]  ; 12      ;
; feistel_algo:encrypt3|f:key_gen[1].f_inst|xored[22]  ; 12      ;
; feistel_algo:encrypt3|f:key_gen[1].f_inst|xored[44]  ; 12      ;
; feistel_algo:encrypt3|f:key_gen[2].f_inst|xored[44]  ; 12      ;
; feistel_algo:encrypt3|f:key_gen[2].f_inst|xored[16]  ; 12      ;
; feistel_algo:encrypt3|f:key_gen[2].f_inst|xored[17]  ; 12      ;
; feistel_algo:encrypt3|f:key_gen[2].f_inst|xored[28]  ; 12      ;
; feistel_algo:encrypt3|f:key_gen[2].f_inst|xored[26]  ; 12      ;
; feistel_algo:encrypt3|f:key_gen[2].f_inst|xored[24]  ; 12      ;
; feistel_algo:encrypt3|f:key_gen[3].f_inst|xored[28]  ; 12      ;
; feistel_algo:encrypt3|f:key_gen[3].f_inst|xored[26]  ; 12      ;
; feistel_algo:encrypt3|f:key_gen[3].f_inst|xored[24]  ; 12      ;
; feistel_algo:encrypt3|f:key_gen[3].f_inst|xored[16]  ; 12      ;
; feistel_algo:encrypt3|f:key_gen[3].f_inst|xored[17]  ; 12      ;
; feistel_algo:encrypt3|f:key_gen[3].f_inst|xored[22]  ; 12      ;
; feistel_algo:encrypt3|f:key_gen[3].f_inst|xored[44]  ; 12      ;
; feistel_algo:encrypt3|f:key_gen[4].f_inst|xored[44]  ; 12      ;
; feistel_algo:encrypt3|f:key_gen[4].f_inst|xored[16]  ; 12      ;
; feistel_algo:encrypt3|f:key_gen[4].f_inst|xored[17]  ; 12      ;
; feistel_algo:encrypt3|f:key_gen[4].f_inst|xored[28]  ; 12      ;
; feistel_algo:encrypt3|f:key_gen[4].f_inst|xored[26]  ; 12      ;
; feistel_algo:encrypt3|f:key_gen[4].f_inst|xored[24]  ; 12      ;
; feistel_algo:encrypt3|f:key_gen[5].f_inst|xored[28]  ; 12      ;
; feistel_algo:encrypt3|f:key_gen[5].f_inst|xored[26]  ; 12      ;
; feistel_algo:encrypt3|f:key_gen[5].f_inst|xored[24]  ; 12      ;
; feistel_algo:encrypt3|f:key_gen[5].f_inst|xored[16]  ; 12      ;
; feistel_algo:encrypt3|f:key_gen[5].f_inst|xored[17]  ; 12      ;
; feistel_algo:encrypt3|f:key_gen[5].f_inst|xored[22]  ; 12      ;
; feistel_algo:encrypt3|f:key_gen[5].f_inst|xored[44]  ; 12      ;
; feistel_algo:encrypt3|f:key_gen[6].f_inst|xored[44]  ; 12      ;
; feistel_algo:encrypt3|f:key_gen[6].f_inst|xored[16]  ; 12      ;
; feistel_algo:encrypt3|f:key_gen[6].f_inst|xored[17]  ; 12      ;
; feistel_algo:encrypt3|f:key_gen[6].f_inst|xored[28]  ; 12      ;
; feistel_algo:encrypt3|f:key_gen[6].f_inst|xored[26]  ; 12      ;
; feistel_algo:encrypt3|f:key_gen[6].f_inst|xored[24]  ; 12      ;
; feistel_algo:encrypt3|f:key_gen[7].f_inst|xored[28]  ; 12      ;
; feistel_algo:encrypt3|f:key_gen[7].f_inst|xored[26]  ; 12      ;
; feistel_algo:encrypt3|f:key_gen[7].f_inst|xored[24]  ; 12      ;
; feistel_algo:encrypt3|f:key_gen[7].f_inst|xored[16]  ; 12      ;
; feistel_algo:encrypt3|f:key_gen[7].f_inst|xored[17]  ; 12      ;
; feistel_algo:encrypt3|f:key_gen[7].f_inst|xored[22]  ; 12      ;
; feistel_algo:encrypt3|f:key_gen[7].f_inst|xored[44]  ; 12      ;
; feistel_algo:encrypt3|f:key_gen[8].f_inst|xored[44]  ; 12      ;
; feistel_algo:encrypt3|f:key_gen[8].f_inst|xored[16]  ; 12      ;
; feistel_algo:encrypt3|f:key_gen[8].f_inst|xored[17]  ; 12      ;
; feistel_algo:encrypt3|f:key_gen[8].f_inst|xored[28]  ; 12      ;
; feistel_algo:encrypt3|f:key_gen[8].f_inst|xored[26]  ; 12      ;
; feistel_algo:encrypt3|f:key_gen[8].f_inst|xored[24]  ; 12      ;
; feistel_algo:encrypt3|f:key_gen[9].f_inst|xored[28]  ; 12      ;
; feistel_algo:encrypt3|f:key_gen[9].f_inst|xored[26]  ; 12      ;
; feistel_algo:encrypt3|f:key_gen[9].f_inst|xored[24]  ; 12      ;
; feistel_algo:encrypt3|f:key_gen[9].f_inst|xored[16]  ; 12      ;
; feistel_algo:encrypt3|f:key_gen[9].f_inst|xored[17]  ; 12      ;
; feistel_algo:encrypt3|f:key_gen[9].f_inst|xored[22]  ; 12      ;
; feistel_algo:encrypt3|f:key_gen[9].f_inst|xored[44]  ; 12      ;
; feistel_algo:encrypt3|f:key_gen[10].f_inst|xored[44] ; 12      ;
; feistel_algo:encrypt3|f:key_gen[10].f_inst|xored[16] ; 12      ;
; feistel_algo:encrypt3|f:key_gen[10].f_inst|xored[17] ; 12      ;
; feistel_algo:encrypt3|f:key_gen[10].f_inst|xored[28] ; 12      ;
; feistel_algo:encrypt3|f:key_gen[10].f_inst|xored[26] ; 12      ;
; feistel_algo:encrypt3|f:key_gen[10].f_inst|xored[24] ; 12      ;
; feistel_algo:encrypt3|f:key_gen[11].f_inst|xored[28] ; 12      ;
; feistel_algo:encrypt3|f:key_gen[11].f_inst|xored[26] ; 12      ;
; feistel_algo:encrypt3|f:key_gen[11].f_inst|xored[24] ; 12      ;
; feistel_algo:encrypt3|f:key_gen[11].f_inst|xored[16] ; 12      ;
; feistel_algo:encrypt3|f:key_gen[11].f_inst|xored[17] ; 12      ;
; feistel_algo:encrypt3|f:key_gen[11].f_inst|xored[22] ; 12      ;
; feistel_algo:encrypt3|f:key_gen[11].f_inst|xored[44] ; 12      ;
; feistel_algo:encrypt3|f:key_gen[12].f_inst|xored[44] ; 12      ;
; feistel_algo:encrypt3|f:key_gen[12].f_inst|xored[16] ; 12      ;
; feistel_algo:encrypt3|f:key_gen[12].f_inst|xored[17] ; 12      ;
; feistel_algo:encrypt3|f:key_gen[12].f_inst|xored[28] ; 12      ;
; feistel_algo:encrypt3|f:key_gen[12].f_inst|xored[26] ; 12      ;
; feistel_algo:encrypt3|f:key_gen[12].f_inst|xored[24] ; 12      ;
; feistel_algo:encrypt3|f:key_gen[13].f_inst|xored[28] ; 12      ;
; feistel_algo:encrypt3|f:key_gen[13].f_inst|xored[26] ; 12      ;
; feistel_algo:encrypt3|f:key_gen[13].f_inst|xored[24] ; 12      ;
; feistel_algo:encrypt3|f:key_gen[13].f_inst|xored[16] ; 12      ;
; feistel_algo:encrypt3|f:key_gen[13].f_inst|xored[17] ; 12      ;
; feistel_algo:encrypt3|f:key_gen[13].f_inst|xored[22] ; 12      ;
; feistel_algo:encrypt3|f:key_gen[13].f_inst|xored[44] ; 12      ;
; feistel_algo:encrypt3|f:key_gen[14].f_inst|xored[44] ; 12      ;
; feistel_algo:encrypt3|f:key_gen[14].f_inst|xored[28] ; 12      ;
; feistel_algo:encrypt3|f:key_gen[14].f_inst|xored[26] ; 12      ;
; feistel_algo:encrypt3|f:key_gen[14].f_inst|xored[24] ; 12      ;
; feistel_algo:encrypt3|f:key_gen[14].f_inst|xored[16] ; 12      ;
; feistel_algo:encrypt3|f:key_gen[14].f_inst|xored[17] ; 12      ;
; feistel_algo:encrypt3|f:key_gen[15].f_inst|xored[16] ; 12      ;
; feistel_algo:encrypt3|f:key_gen[15].f_inst|xored[17] ; 12      ;
; feistel_algo:encrypt3|f:key_gen[15].f_inst|xored[28] ; 12      ;
; feistel_algo:encrypt3|f:key_gen[15].f_inst|xored[26] ; 12      ;
; feistel_algo:encrypt3|f:key_gen[15].f_inst|xored[24] ; 12      ;
; feistel_algo:encrypt3|f:key_gen[15].f_inst|xored[44] ; 12      ;
; feistel_algo:encrypt1|f:key_gen[0].f_inst|xored[1]   ; 11      ;
; feistel_algo:encrypt1|f:key_gen[0].f_inst|xored[3]   ; 11      ;
; feistel_algo:encrypt1|f:key_gen[0].f_inst|xored[8]   ; 11      ;
; feistel_algo:encrypt1|f:key_gen[0].f_inst|xored[31]  ; 11      ;
; feistel_algo:encrypt1|f:key_gen[0].f_inst|xored[17]  ; 11      ;
; feistel_algo:encrypt1|f:key_gen[0].f_inst|xored[36]  ; 11      ;
; feistel_algo:encrypt1|f:key_gen[0].f_inst|xored[22]  ; 11      ;
; feistel_algo:encrypt1|f:key_gen[1].f_inst|xored[8]   ; 11      ;
; feistel_algo:encrypt1|f:key_gen[1].f_inst|xored[36]  ; 11      ;
; feistel_algo:encrypt1|f:key_gen[1].f_inst|xored[17]  ; 11      ;
; feistel_algo:encrypt1|f:key_gen[1].f_inst|xored[31]  ; 11      ;
; feistel_algo:encrypt1|f:key_gen[1].f_inst|xored[1]   ; 11      ;
; feistel_algo:encrypt1|f:key_gen[1].f_inst|xored[3]   ; 11      ;
; feistel_algo:encrypt1|f:key_gen[2].f_inst|xored[1]   ; 11      ;
; feistel_algo:encrypt1|f:key_gen[2].f_inst|xored[3]   ; 11      ;
; feistel_algo:encrypt1|f:key_gen[2].f_inst|xored[8]   ; 11      ;
; feistel_algo:encrypt1|f:key_gen[2].f_inst|xored[31]  ; 11      ;
; feistel_algo:encrypt1|f:key_gen[2].f_inst|xored[17]  ; 11      ;
; feistel_algo:encrypt1|f:key_gen[2].f_inst|xored[36]  ; 11      ;
; feistel_algo:encrypt1|f:key_gen[2].f_inst|xored[22]  ; 11      ;
; feistel_algo:encrypt1|f:key_gen[3].f_inst|xored[8]   ; 11      ;
; feistel_algo:encrypt1|f:key_gen[3].f_inst|xored[36]  ; 11      ;
; feistel_algo:encrypt1|f:key_gen[3].f_inst|xored[17]  ; 11      ;
; feistel_algo:encrypt1|f:key_gen[3].f_inst|xored[31]  ; 11      ;
; feistel_algo:encrypt1|f:key_gen[3].f_inst|xored[1]   ; 11      ;
; feistel_algo:encrypt1|f:key_gen[3].f_inst|xored[3]   ; 11      ;
; feistel_algo:encrypt1|f:key_gen[4].f_inst|xored[1]   ; 11      ;
; feistel_algo:encrypt1|f:key_gen[4].f_inst|xored[3]   ; 11      ;
; feistel_algo:encrypt1|f:key_gen[4].f_inst|xored[8]   ; 11      ;
; feistel_algo:encrypt1|f:key_gen[4].f_inst|xored[31]  ; 11      ;
; feistel_algo:encrypt1|f:key_gen[4].f_inst|xored[17]  ; 11      ;
; feistel_algo:encrypt1|f:key_gen[4].f_inst|xored[36]  ; 11      ;
; feistel_algo:encrypt1|f:key_gen[4].f_inst|xored[22]  ; 11      ;
; feistel_algo:encrypt1|f:key_gen[5].f_inst|xored[8]   ; 11      ;
; feistel_algo:encrypt1|f:key_gen[5].f_inst|xored[36]  ; 11      ;
; feistel_algo:encrypt1|f:key_gen[5].f_inst|xored[17]  ; 11      ;
; feistel_algo:encrypt1|f:key_gen[5].f_inst|xored[31]  ; 11      ;
; feistel_algo:encrypt1|f:key_gen[5].f_inst|xored[1]   ; 11      ;
; feistel_algo:encrypt1|f:key_gen[5].f_inst|xored[3]   ; 11      ;
; feistel_algo:encrypt1|f:key_gen[6].f_inst|xored[1]   ; 11      ;
; feistel_algo:encrypt1|f:key_gen[6].f_inst|xored[3]   ; 11      ;
; feistel_algo:encrypt1|f:key_gen[6].f_inst|xored[8]   ; 11      ;
; feistel_algo:encrypt1|f:key_gen[6].f_inst|xored[31]  ; 11      ;
; feistel_algo:encrypt1|f:key_gen[6].f_inst|xored[17]  ; 11      ;
; feistel_algo:encrypt1|f:key_gen[6].f_inst|xored[36]  ; 11      ;
; feistel_algo:encrypt1|f:key_gen[6].f_inst|xored[22]  ; 11      ;
; feistel_algo:encrypt1|f:key_gen[7].f_inst|xored[8]   ; 11      ;
; feistel_algo:encrypt1|f:key_gen[7].f_inst|xored[36]  ; 11      ;
; feistel_algo:encrypt1|f:key_gen[7].f_inst|xored[17]  ; 11      ;
; feistel_algo:encrypt1|f:key_gen[7].f_inst|xored[31]  ; 11      ;
; feistel_algo:encrypt1|f:key_gen[7].f_inst|xored[1]   ; 11      ;
; feistel_algo:encrypt1|f:key_gen[7].f_inst|xored[3]   ; 11      ;
; feistel_algo:encrypt1|f:key_gen[8].f_inst|xored[1]   ; 11      ;
; feistel_algo:encrypt1|f:key_gen[8].f_inst|xored[3]   ; 11      ;
; feistel_algo:encrypt1|f:key_gen[8].f_inst|xored[31]  ; 11      ;
; feistel_algo:encrypt1|f:key_gen[8].f_inst|xored[17]  ; 11      ;
; feistel_algo:encrypt1|f:key_gen[8].f_inst|xored[8]   ; 11      ;
; feistel_algo:encrypt1|f:key_gen[8].f_inst|xored[36]  ; 11      ;
; feistel_algo:encrypt1|f:key_gen[8].f_inst|xored[22]  ; 11      ;
; feistel_algo:encrypt1|f:key_gen[9].f_inst|xored[17]  ; 11      ;
; feistel_algo:encrypt1|f:key_gen[9].f_inst|xored[36]  ; 11      ;
; feistel_algo:encrypt1|f:key_gen[9].f_inst|xored[3]   ; 11      ;
; feistel_algo:encrypt1|f:key_gen[9].f_inst|xored[1]   ; 11      ;
; feistel_algo:encrypt1|f:key_gen[9].f_inst|xored[8]   ; 11      ;
; feistel_algo:encrypt1|f:key_gen[9].f_inst|xored[31]  ; 11      ;
; feistel_algo:encrypt1|f:key_gen[10].f_inst|xored[8]  ; 11      ;
; feistel_algo:encrypt1|f:key_gen[10].f_inst|xored[22] ; 11      ;
; feistel_algo:encrypt1|f:key_gen[10].f_inst|xored[36] ; 11      ;
; feistel_algo:encrypt1|f:key_gen[10].f_inst|xored[17] ; 11      ;
; feistel_algo:encrypt1|f:key_gen[10].f_inst|xored[31] ; 11      ;
; feistel_algo:encrypt1|f:key_gen[10].f_inst|xored[1]  ; 11      ;
; feistel_algo:encrypt1|f:key_gen[10].f_inst|xored[3]  ; 11      ;
; feistel_algo:encrypt1|f:key_gen[11].f_inst|xored[17] ; 11      ;
; feistel_algo:encrypt1|f:key_gen[11].f_inst|xored[36] ; 11      ;
; feistel_algo:encrypt1|f:key_gen[11].f_inst|xored[3]  ; 11      ;
; feistel_algo:encrypt1|f:key_gen[11].f_inst|xored[1]  ; 11      ;
; feistel_algo:encrypt1|f:key_gen[11].f_inst|xored[31] ; 11      ;
; feistel_algo:encrypt1|f:key_gen[11].f_inst|xored[8]  ; 11      ;
; feistel_algo:encrypt1|f:key_gen[12].f_inst|xored[31] ; 11      ;
; feistel_algo:encrypt1|f:key_gen[12].f_inst|xored[36] ; 11      ;
; feistel_algo:encrypt1|f:key_gen[12].f_inst|xored[8]  ; 11      ;
; feistel_algo:encrypt1|f:key_gen[12].f_inst|xored[17] ; 11      ;
; feistel_algo:encrypt1|f:key_gen[12].f_inst|xored[1]  ; 11      ;
; feistel_algo:encrypt1|f:key_gen[12].f_inst|xored[3]  ; 11      ;
; feistel_algo:encrypt1|f:key_gen[12].f_inst|xored[22] ; 11      ;
; feistel_algo:encrypt1|f:key_gen[13].f_inst|xored[1]  ; 11      ;
; feistel_algo:encrypt1|f:key_gen[13].f_inst|xored[3]  ; 11      ;
; feistel_algo:encrypt1|f:key_gen[13].f_inst|xored[8]  ; 11      ;
; feistel_algo:encrypt1|f:key_gen[13].f_inst|xored[31] ; 11      ;
; feistel_algo:encrypt1|f:key_gen[13].f_inst|xored[17] ; 11      ;
; feistel_algo:encrypt1|f:key_gen[13].f_inst|xored[36] ; 11      ;
; feistel_algo:encrypt1|f:key_gen[14].f_inst|xored[8]  ; 11      ;
; feistel_algo:encrypt1|f:key_gen[14].f_inst|xored[9]  ; 11      ;
; feistel_algo:encrypt1|f:key_gen[14].f_inst|xored[22] ; 11      ;
; feistel_algo:encrypt1|f:key_gen[14].f_inst|xored[36] ; 11      ;
; feistel_algo:encrypt1|f:key_gen[14].f_inst|xored[17] ; 11      ;
; feistel_algo:encrypt1|f:key_gen[14].f_inst|xored[31] ; 11      ;
; feistel_algo:encrypt1|f:key_gen[14].f_inst|xored[1]  ; 11      ;
; feistel_algo:encrypt1|f:key_gen[15].f_inst|xored[1]  ; 11      ;
; feistel_algo:encrypt1|f:key_gen[15].f_inst|xored[8]  ; 11      ;
; feistel_algo:encrypt1|f:key_gen[15].f_inst|xored[31] ; 11      ;
; feistel_algo:encrypt1|f:key_gen[15].f_inst|xored[17] ; 11      ;
; feistel_algo:encrypt1|f:key_gen[15].f_inst|xored[36] ; 11      ;
; feistel_algo:encrypt1|f:key_gen[15].f_inst|xored[22] ; 11      ;
; feistel_algo:decrypt2|f:key_gen[0].f_inst|xored[1]   ; 11      ;
; feistel_algo:decrypt2|f:key_gen[0].f_inst|xored[3]   ; 11      ;
; feistel_algo:decrypt2|f:key_gen[0].f_inst|xored[8]   ; 11      ;
; feistel_algo:decrypt2|f:key_gen[0].f_inst|xored[31]  ; 11      ;
; feistel_algo:decrypt2|f:key_gen[0].f_inst|xored[17]  ; 11      ;
; feistel_algo:decrypt2|f:key_gen[0].f_inst|xored[36]  ; 11      ;
; feistel_algo:decrypt2|f:key_gen[1].f_inst|xored[8]   ; 11      ;
; feistel_algo:decrypt2|f:key_gen[1].f_inst|xored[22]  ; 11      ;
; feistel_algo:decrypt2|f:key_gen[1].f_inst|xored[36]  ; 11      ;
; feistel_algo:decrypt2|f:key_gen[1].f_inst|xored[17]  ; 11      ;
; feistel_algo:decrypt2|f:key_gen[1].f_inst|xored[31]  ; 11      ;
; feistel_algo:decrypt2|f:key_gen[1].f_inst|xored[1]   ; 11      ;
; feistel_algo:decrypt2|f:key_gen[1].f_inst|xored[3]   ; 11      ;
; feistel_algo:decrypt2|f:key_gen[2].f_inst|xored[1]   ; 11      ;
; feistel_algo:decrypt2|f:key_gen[2].f_inst|xored[3]   ; 11      ;
; feistel_algo:decrypt2|f:key_gen[2].f_inst|xored[8]   ; 11      ;
; feistel_algo:decrypt2|f:key_gen[2].f_inst|xored[31]  ; 11      ;
; feistel_algo:decrypt2|f:key_gen[2].f_inst|xored[17]  ; 11      ;
; feistel_algo:decrypt2|f:key_gen[2].f_inst|xored[36]  ; 11      ;
; feistel_algo:decrypt2|f:key_gen[3].f_inst|xored[8]   ; 11      ;
; feistel_algo:decrypt2|f:key_gen[3].f_inst|xored[22]  ; 11      ;
; feistel_algo:decrypt2|f:key_gen[3].f_inst|xored[36]  ; 11      ;
; feistel_algo:decrypt2|f:key_gen[3].f_inst|xored[17]  ; 11      ;
; feistel_algo:decrypt2|f:key_gen[3].f_inst|xored[31]  ; 11      ;
; feistel_algo:decrypt2|f:key_gen[3].f_inst|xored[1]   ; 11      ;
; feistel_algo:decrypt2|f:key_gen[3].f_inst|xored[3]   ; 11      ;
; feistel_algo:decrypt2|f:key_gen[4].f_inst|xored[1]   ; 11      ;
; feistel_algo:decrypt2|f:key_gen[4].f_inst|xored[3]   ; 11      ;
; feistel_algo:decrypt2|f:key_gen[4].f_inst|xored[8]   ; 11      ;
; feistel_algo:decrypt2|f:key_gen[4].f_inst|xored[31]  ; 11      ;
; feistel_algo:decrypt2|f:key_gen[4].f_inst|xored[17]  ; 11      ;
; feistel_algo:decrypt2|f:key_gen[4].f_inst|xored[36]  ; 11      ;
; feistel_algo:decrypt2|f:key_gen[5].f_inst|xored[8]   ; 11      ;
; feistel_algo:decrypt2|f:key_gen[5].f_inst|xored[22]  ; 11      ;
; feistel_algo:decrypt2|f:key_gen[5].f_inst|xored[36]  ; 11      ;
; feistel_algo:decrypt2|f:key_gen[5].f_inst|xored[17]  ; 11      ;
; feistel_algo:decrypt2|f:key_gen[5].f_inst|xored[31]  ; 11      ;
; feistel_algo:decrypt2|f:key_gen[5].f_inst|xored[1]   ; 11      ;
; feistel_algo:decrypt2|f:key_gen[5].f_inst|xored[3]   ; 11      ;
; feistel_algo:decrypt2|f:key_gen[6].f_inst|xored[1]   ; 11      ;
; feistel_algo:decrypt2|f:key_gen[6].f_inst|xored[3]   ; 11      ;
; feistel_algo:decrypt2|f:key_gen[6].f_inst|xored[31]  ; 11      ;
; feistel_algo:decrypt2|f:key_gen[6].f_inst|xored[17]  ; 11      ;
; feistel_algo:decrypt2|f:key_gen[6].f_inst|xored[8]   ; 11      ;
; feistel_algo:decrypt2|f:key_gen[6].f_inst|xored[36]  ; 11      ;
; feistel_algo:decrypt2|f:key_gen[7].f_inst|xored[17]  ; 11      ;
; feistel_algo:decrypt2|f:key_gen[7].f_inst|xored[36]  ; 11      ;
; feistel_algo:decrypt2|f:key_gen[7].f_inst|xored[22]  ; 11      ;
; feistel_algo:decrypt2|f:key_gen[7].f_inst|xored[3]   ; 11      ;
; feistel_algo:decrypt2|f:key_gen[7].f_inst|xored[1]   ; 11      ;
; feistel_algo:decrypt2|f:key_gen[7].f_inst|xored[8]   ; 11      ;
; feistel_algo:decrypt2|f:key_gen[7].f_inst|xored[31]  ; 11      ;
; feistel_algo:decrypt2|f:key_gen[8].f_inst|xored[8]   ; 11      ;
; feistel_algo:decrypt2|f:key_gen[8].f_inst|xored[36]  ; 11      ;
; feistel_algo:decrypt2|f:key_gen[8].f_inst|xored[17]  ; 11      ;
; feistel_algo:decrypt2|f:key_gen[8].f_inst|xored[31]  ; 11      ;
; feistel_algo:decrypt2|f:key_gen[8].f_inst|xored[1]   ; 11      ;
; feistel_algo:decrypt2|f:key_gen[8].f_inst|xored[3]   ; 11      ;
; feistel_algo:decrypt2|f:key_gen[9].f_inst|xored[17]  ; 11      ;
; feistel_algo:decrypt2|f:key_gen[9].f_inst|xored[36]  ; 11      ;
; feistel_algo:decrypt2|f:key_gen[9].f_inst|xored[3]   ; 11      ;
; feistel_algo:decrypt2|f:key_gen[9].f_inst|xored[1]   ; 11      ;
; feistel_algo:decrypt2|f:key_gen[9].f_inst|xored[31]  ; 11      ;
; feistel_algo:decrypt2|f:key_gen[9].f_inst|xored[8]   ; 11      ;
; feistel_algo:decrypt2|f:key_gen[9].f_inst|xored[22]  ; 11      ;
; feistel_algo:decrypt2|f:key_gen[10].f_inst|xored[31] ; 11      ;
; feistel_algo:decrypt2|f:key_gen[10].f_inst|xored[36] ; 11      ;
; feistel_algo:decrypt2|f:key_gen[10].f_inst|xored[8]  ; 11      ;
; feistel_algo:decrypt2|f:key_gen[10].f_inst|xored[17] ; 11      ;
; feistel_algo:decrypt2|f:key_gen[10].f_inst|xored[1]  ; 11      ;
; feistel_algo:decrypt2|f:key_gen[10].f_inst|xored[3]  ; 11      ;
; feistel_algo:decrypt2|f:key_gen[11].f_inst|xored[22] ; 11      ;
; feistel_algo:decrypt2|f:key_gen[11].f_inst|xored[1]  ; 11      ;
; feistel_algo:decrypt2|f:key_gen[11].f_inst|xored[3]  ; 11      ;
; feistel_algo:decrypt2|f:key_gen[11].f_inst|xored[36] ; 11      ;
; feistel_algo:decrypt2|f:key_gen[11].f_inst|xored[17] ; 11      ;
; feistel_algo:decrypt2|f:key_gen[11].f_inst|xored[8]  ; 11      ;
; feistel_algo:decrypt2|f:key_gen[11].f_inst|xored[31] ; 11      ;
; feistel_algo:decrypt2|f:key_gen[12].f_inst|xored[41] ; 11      ;
; feistel_algo:decrypt2|f:key_gen[12].f_inst|xored[36] ; 11      ;
; feistel_algo:decrypt2|f:key_gen[12].f_inst|xored[39] ; 11      ;
; feistel_algo:decrypt2|f:key_gen[12].f_inst|xored[31] ; 11      ;
; feistel_algo:decrypt2|f:key_gen[12].f_inst|xored[33] ; 11      ;
; feistel_algo:decrypt2|f:key_gen[12].f_inst|xored[34] ; 11      ;
; feistel_algo:decrypt2|f:key_gen[12].f_inst|xored[15] ; 11      ;
; feistel_algo:decrypt2|f:key_gen[12].f_inst|xored[1]  ; 11      ;
; feistel_algo:decrypt2|f:key_gen[12].f_inst|xored[3]  ; 11      ;
; feistel_algo:decrypt2|f:key_gen[13].f_inst|xored[34] ; 11      ;
; feistel_algo:decrypt2|f:key_gen[13].f_inst|xored[33] ; 11      ;
; feistel_algo:decrypt2|f:key_gen[13].f_inst|xored[31] ; 11      ;
; feistel_algo:decrypt2|f:key_gen[13].f_inst|xored[15] ; 11      ;
; feistel_algo:decrypt2|f:key_gen[13].f_inst|xored[1]  ; 11      ;
; feistel_algo:decrypt2|f:key_gen[13].f_inst|xored[3]  ; 11      ;
; feistel_algo:decrypt2|f:key_gen[13].f_inst|xored[39] ; 11      ;
; feistel_algo:decrypt2|f:key_gen[13].f_inst|xored[41] ; 11      ;
; feistel_algo:decrypt2|f:key_gen[13].f_inst|xored[36] ; 11      ;
; feistel_algo:decrypt2|f:key_gen[14].f_inst|xored[41] ; 11      ;
; feistel_algo:decrypt2|f:key_gen[14].f_inst|xored[36] ; 11      ;
; feistel_algo:decrypt2|f:key_gen[14].f_inst|xored[39] ; 11      ;
; feistel_algo:decrypt2|f:key_gen[14].f_inst|xored[1]  ; 11      ;
; feistel_algo:decrypt2|f:key_gen[14].f_inst|xored[31] ; 11      ;
; feistel_algo:decrypt2|f:key_gen[14].f_inst|xored[33] ; 11      ;
; feistel_algo:decrypt2|f:key_gen[14].f_inst|xored[34] ; 11      ;
; feistel_algo:decrypt2|f:key_gen[14].f_inst|xored[15] ; 11      ;
; feistel_algo:decrypt2|f:key_gen[14].f_inst|xored[22] ; 11      ;
; feistel_algo:decrypt2|f:key_gen[15].f_inst|xored[34] ; 11      ;
; feistel_algo:decrypt2|f:key_gen[15].f_inst|xored[33] ; 11      ;
; feistel_algo:decrypt2|f:key_gen[15].f_inst|xored[31] ; 11      ;
; feistel_algo:decrypt2|f:key_gen[15].f_inst|xored[22] ; 11      ;
; feistel_algo:decrypt2|f:key_gen[15].f_inst|xored[15] ; 11      ;
; feistel_algo:decrypt2|f:key_gen[15].f_inst|xored[1]  ; 11      ;
; feistel_algo:decrypt2|f:key_gen[15].f_inst|xored[39] ; 11      ;
; feistel_algo:decrypt2|f:key_gen[15].f_inst|xored[41] ; 11      ;
; feistel_algo:decrypt2|f:key_gen[15].f_inst|xored[36] ; 11      ;
; feistel_algo:encrypt3|f:key_gen[0].f_inst|xored[34]  ; 11      ;
; feistel_algo:encrypt3|f:key_gen[0].f_inst|xored[33]  ; 11      ;
; feistel_algo:encrypt3|f:key_gen[0].f_inst|xored[31]  ; 11      ;
; feistel_algo:encrypt3|f:key_gen[0].f_inst|xored[22]  ; 11      ;
; feistel_algo:encrypt3|f:key_gen[0].f_inst|xored[15]  ; 11      ;
; feistel_algo:encrypt3|f:key_gen[0].f_inst|xored[1]   ; 11      ;
; feistel_algo:encrypt3|f:key_gen[0].f_inst|xored[3]   ; 11      ;
; feistel_algo:encrypt3|f:key_gen[0].f_inst|xored[39]  ; 11      ;
; feistel_algo:encrypt3|f:key_gen[0].f_inst|xored[41]  ; 11      ;
; feistel_algo:encrypt3|f:key_gen[0].f_inst|xored[36]  ; 11      ;
; feistel_algo:encrypt3|f:key_gen[1].f_inst|xored[41]  ; 11      ;
; feistel_algo:encrypt3|f:key_gen[1].f_inst|xored[36]  ; 11      ;
; feistel_algo:encrypt3|f:key_gen[1].f_inst|xored[39]  ; 11      ;
; feistel_algo:encrypt3|f:key_gen[1].f_inst|xored[1]   ; 11      ;
+------------------------------------------------------+---------+


+-----------------------------------------------------------------------------------------------------------------------------------------------------------------------------------------------------------------------------------------------------------------------------------------------------------------------------------------------------------------------------------------------------------------------------------------------------------------------------------------------------------------------------------------------------------------------------------------------------------------+
; Fitter RAM Summary                                                                                                                                                                                                                                                                                                                                                                                                                                                                                                                                                                                              ;
+--------------------------------------------------------------------------------------------------------------------+------+------------------+-------------+--------------+--------------+--------------+--------------+------------------------+-------------------------+------------------------+-------------------------+------+-----------------------------+-----------------------------+-----------------------------+-----------------------------+---------------------+------+------+----------------------------------------------------+----------------------+-----------------+-----------------+
; Name                                                                                                               ; Type ; Mode             ; Clock Mode  ; Port A Depth ; Port A Width ; Port B Depth ; Port B Width ; Port A Input Registers ; Port A Output Registers ; Port B Input Registers ; Port B Output Registers ; Size ; Implementation Port A Depth ; Implementation Port A Width ; Implementation Port B Depth ; Implementation Port B Width ; Implementation Bits ; M4Ks ; MIF  ; Location                                           ; Mixed Width RDW Mode ; Port A RDW Mode ; Port B RDW Mode ;
+--------------------------------------------------------------------------------------------------------------------+------+------------------+-------------+--------------+--------------+--------------+--------------+------------------------+-------------------------+------------------------+-------------------------+------+-----------------------------+-----------------------------+-----------------------------+-----------------------------+---------------------+------+------+----------------------------------------------------+----------------------+-----------------+-----------------+
; feistel_algo:decrypt2|altshift_taps:L16_rtl_0|shift_taps_ghm:auto_generated|altsyncram_n761:altsyncram4|ALTSYNCRAM ; AUTO ; Simple Dual Port ; Dual Clocks ; 3            ; 128          ; 3            ; 128          ; yes                    ; no                      ; yes                    ; yes                     ; 384  ; 3                           ; 128                         ; 3                           ; 128                         ; 384                 ; 4    ; None ; M4K_X52_Y13, M4K_X52_Y14, M4K_X26_Y14, M4K_X26_Y15 ; Don't care           ; Don't care      ; Don't care      ;
+--------------------------------------------------------------------------------------------------------------------+------+------------------+-------------+--------------+--------------+--------------+--------------+------------------------+-------------------------+------------------------+-------------------------+------+-----------------------------+-----------------------------+-----------------------------+-----------------------------+---------------------+------+------+----------------------------------------------------+----------------------+-----------------+-----------------+
Note: Fitter may spread logical memories into multiple blocks to improve timing. The actual required RAM blocks can be found in the Fitter Resource Usage section.


+--------------------------------------------------------+
; Other Routing Usage Summary                            ;
+-----------------------------+--------------------------+
; Other Routing Resource Type ; Usage                    ;
+-----------------------------+--------------------------+
; Block interconnects         ; 12,150 / 94,460 ( 13 % ) ;
; C16 interconnects           ; 304 / 3,315 ( 9 % )      ;
; C4 interconnects            ; 5,927 / 60,840 ( 10 % )  ;
; Direct links                ; 3,030 / 94,460 ( 3 % )   ;
; Global clocks               ; 3 / 16 ( 19 % )          ;
; Local interconnects         ; 8,909 / 33,216 ( 27 % )  ;
; R24 interconnects           ; 364 / 3,091 ( 12 % )     ;
; R4 interconnects            ; 5,988 / 81,294 ( 7 % )   ;
+-----------------------------+--------------------------+


+-----------------------------------------------------------------------------+
; LAB Logic Elements                                                          ;
+---------------------------------------------+-------------------------------+
; Number of Logic Elements  (Average = 13.70) ; Number of LABs  (Total = 889) ;
+---------------------------------------------+-------------------------------+
; 1                                           ; 24                            ;
; 2                                           ; 15                            ;
; 3                                           ; 13                            ;
; 4                                           ; 8                             ;
; 5                                           ; 9                             ;
; 6                                           ; 18                            ;
; 7                                           ; 14                            ;
; 8                                           ; 13                            ;
; 9                                           ; 14                            ;
; 10                                          ; 12                            ;
; 11                                          ; 16                            ;
; 12                                          ; 25                            ;
; 13                                          ; 36                            ;
; 14                                          ; 67                            ;
; 15                                          ; 107                           ;
; 16                                          ; 498                           ;
+---------------------------------------------+-------------------------------+


+--------------------------------------------------------------------+
; LAB-wide Signals                                                   ;
+------------------------------------+-------------------------------+
; LAB-wide Signals  (Average = 1.92) ; Number of LABs  (Total = 889) ;
+------------------------------------+-------------------------------+
; 1 Async. clear                     ; 852                           ;
; 1 Clock                            ; 854                           ;
+------------------------------------+-------------------------------+


+------------------------------------------------------------------------------+
; LAB Signals Sourced                                                          ;
+----------------------------------------------+-------------------------------+
; Number of Signals Sourced  (Average = 17.04) ; Number of LABs  (Total = 889) ;
+----------------------------------------------+-------------------------------+
; 0                                            ; 0                             ;
; 1                                            ; 9                             ;
; 2                                            ; 18                            ;
; 3                                            ; 6                             ;
; 4                                            ; 10                            ;
; 5                                            ; 9                             ;
; 6                                            ; 9                             ;
; 7                                            ; 10                            ;
; 8                                            ; 15                            ;
; 9                                            ; 10                            ;
; 10                                           ; 16                            ;
; 11                                           ; 12                            ;
; 12                                           ; 17                            ;
; 13                                           ; 15                            ;
; 14                                           ; 16                            ;
; 15                                           ; 30                            ;
; 16                                           ; 46                            ;
; 17                                           ; 69                            ;
; 18                                           ; 107                           ;
; 19                                           ; 129                           ;
; 20                                           ; 156                           ;
; 21                                           ; 99                            ;
; 22                                           ; 56                            ;
; 23                                           ; 15                            ;
; 24                                           ; 9                             ;
; 25                                           ; 1                             ;
+----------------------------------------------+-------------------------------+


+---------------------------------------------------------------------------------+
; LAB Signals Sourced Out                                                         ;
+-------------------------------------------------+-------------------------------+
; Number of Signals Sourced Out  (Average = 6.40) ; Number of LABs  (Total = 889) ;
+-------------------------------------------------+-------------------------------+
; 0                                               ; 0                             ;
; 1                                               ; 37                            ;
; 2                                               ; 37                            ;
; 3                                               ; 56                            ;
; 4                                               ; 75                            ;
; 5                                               ; 103                           ;
; 6                                               ; 170                           ;
; 7                                               ; 135                           ;
; 8                                               ; 89                            ;
; 9                                               ; 83                            ;
; 10                                              ; 40                            ;
; 11                                              ; 24                            ;
; 12                                              ; 21                            ;
; 13                                              ; 10                            ;
; 14                                              ; 5                             ;
; 15                                              ; 4                             ;
+-------------------------------------------------+-------------------------------+


+------------------------------------------------------------------------------+
; LAB Distinct Inputs                                                          ;
+----------------------------------------------+-------------------------------+
; Number of Distinct Inputs  (Average = 13.95) ; Number of LABs  (Total = 889) ;
+----------------------------------------------+-------------------------------+
; 0                                            ; 0                             ;
; 1                                            ; 1                             ;
; 2                                            ; 6                             ;
; 3                                            ; 19                            ;
; 4                                            ; 14                            ;
; 5                                            ; 11                            ;
; 6                                            ; 6                             ;
; 7                                            ; 10                            ;
; 8                                            ; 9                             ;
; 9                                            ; 23                            ;
; 10                                           ; 34                            ;
; 11                                           ; 62                            ;
; 12                                           ; 74                            ;
; 13                                           ; 111                           ;
; 14                                           ; 104                           ;
; 15                                           ; 90                            ;
; 16                                           ; 94                            ;
; 17                                           ; 65                            ;
; 18                                           ; 61                            ;
; 19                                           ; 35                            ;
; 20                                           ; 14                            ;
; 21                                           ; 20                            ;
; 22                                           ; 10                            ;
; 23                                           ; 5                             ;
; 24                                           ; 7                             ;
; 25                                           ; 2                             ;
; 26                                           ; 1                             ;
; 27                                           ; 0                             ;
; 28                                           ; 1                             ;
+----------------------------------------------+-------------------------------+


+-------------------------------------------------------------------------+
; Fitter Device Options                                                   ;
+----------------------------------------------+--------------------------+
; Option                                       ; Setting                  ;
+----------------------------------------------+--------------------------+
; Enable user-supplied start-up clock (CLKUSR) ; Off                      ;
; Enable device-wide reset (DEV_CLRn)          ; Off                      ;
; Enable device-wide output enable (DEV_OE)    ; Off                      ;
; Enable INIT_DONE output                      ; Off                      ;
; Configuration scheme                         ; Active Serial            ;
; Error detection CRC                          ; Off                      ;
; nCEO                                         ; As output driving ground ;
; ASDO,nCSO                                    ; As input tri-stated      ;
; Reserve all unused pins                      ; As output driving ground ;
; Base pin-out file on sameframe device        ; Off                      ;
+----------------------------------------------+--------------------------+


+------------------------------------+
; Operating Settings and Conditions  ;
+---------------------------+--------+
; Setting                   ; Value  ;
+---------------------------+--------+
; Nominal Core Voltage      ; 1.20 V ;
; Low Junction Temperature  ; 0 °C   ;
; High Junction Temperature ; 85 °C  ;
+---------------------------+--------+


+-----------------+
; Fitter Messages ;
+-----------------+
Info (11104): Parallel Compilation has detected 8 hyper-threaded processors. However, the extra hyper-threaded processors will not be used by default. Parallel Compilation will use 4 of the 4 physical processors detected instead.
Info (119006): Selected device EP2C35F672C6 for design "3DES"
Info (21077): Low junction temperature is 0 degrees C
Info (21077): High junction temperature is 85 degrees C
Info (171003): Fitter is performing an Auto Fit compilation, which may decrease Fitter effort to reduce compilation time
Warning (292013): Feature LogicLock is only available with a valid subscription license. You can purchase a software subscription to gain full access to this feature.
Info (176444): Device migration not selected. If you intend to use device migration later, you may need to change the pin assignments as they may be incompatible with other devices
    Info (176445): Device EP2C50F672C6 is compatible
    Info (176445): Device EP2C70F672C6 is compatible
Info (169124): Fitter converted 3 user pins into dedicated programming pins
    Info (169125): Pin ~ASDO~ is reserved at location E3
    Info (169125): Pin ~nCSO~ is reserved at location D3
    Info (169125): Pin ~LVDS150p/nCEO~ is reserved at location AE24
Info (176045): Design uses memory blocks. Violating setup or hold times of memory block address registers for either read or write operations could cause memory contents to be corrupted. Make sure that all memory block address registers meet the setup and hold time requirements.
Critical Warning (169085): No exact pin location assignment(s) for 324 pins of 324 total pins
    Info (169086): Pin key1[0] not assigned to an exact location on the device
    Info (169086): Pin key1[8] not assigned to an exact location on the device
    Info (169086): Pin key1[16] not assigned to an exact location on the device
    Info (169086): Pin key1[24] not assigned to an exact location on the device
    Info (169086): Pin key1[32] not assigned to an exact location on the device
    Info (169086): Pin key1[40] not assigned to an exact location on the device
    Info (169086): Pin key1[48] not assigned to an exact location on the device
    Info (169086): Pin key1[56] not assigned to an exact location on the device
    Info (169086): Pin key2[0] not assigned to an exact location on the device
    Info (169086): Pin key2[8] not assigned to an exact location on the device
    Info (169086): Pin key2[16] not assigned to an exact location on the device
    Info (169086): Pin key2[24] not assigned to an exact location on the device
    Info (169086): Pin key2[32] not assigned to an exact location on the device
    Info (169086): Pin key2[40] not assigned to an exact location on the device
    Info (169086): Pin key2[48] not assigned to an exact location on the device
    Info (169086): Pin key2[56] not assigned to an exact location on the device
    Info (169086): Pin key3[0] not assigned to an exact location on the device
    Info (169086): Pin key3[8] not assigned to an exact location on the device
    Info (169086): Pin key3[16] not assigned to an exact location on the device
    Info (169086): Pin key3[24] not assigned to an exact location on the device
    Info (169086): Pin key3[32] not assigned to an exact location on the device
    Info (169086): Pin key3[40] not assigned to an exact location on the device
    Info (169086): Pin key3[48] not assigned to an exact location on the device
    Info (169086): Pin key3[56] not assigned to an exact location on the device
    Info (169086): Pin odata[0] not assigned to an exact location on the device
    Info (169086): Pin odata[1] not assigned to an exact location on the device
    Info (169086): Pin odata[2] not assigned to an exact location on the device
    Info (169086): Pin odata[3] not assigned to an exact location on the device
    Info (169086): Pin odata[4] not assigned to an exact location on the device
    Info (169086): Pin odata[5] not assigned to an exact location on the device
    Info (169086): Pin odata[6] not assigned to an exact location on the device
    Info (169086): Pin odata[7] not assigned to an exact location on the device
    Info (169086): Pin odata[8] not assigned to an exact location on the device
    Info (169086): Pin odata[9] not assigned to an exact location on the device
    Info (169086): Pin odata[10] not assigned to an exact location on the device
    Info (169086): Pin odata[11] not assigned to an exact location on the device
    Info (169086): Pin odata[12] not assigned to an exact location on the device
    Info (169086): Pin odata[13] not assigned to an exact location on the device
    Info (169086): Pin odata[14] not assigned to an exact location on the device
    Info (169086): Pin odata[15] not assigned to an exact location on the device
    Info (169086): Pin odata[16] not assigned to an exact location on the device
    Info (169086): Pin odata[17] not assigned to an exact location on the device
    Info (169086): Pin odata[18] not assigned to an exact location on the device
    Info (169086): Pin odata[19] not assigned to an exact location on the device
    Info (169086): Pin odata[20] not assigned to an exact location on the device
    Info (169086): Pin odata[21] not assigned to an exact location on the device
    Info (169086): Pin odata[22] not assigned to an exact location on the device
    Info (169086): Pin odata[23] not assigned to an exact location on the device
    Info (169086): Pin odata[24] not assigned to an exact location on the device
    Info (169086): Pin odata[25] not assigned to an exact location on the device
    Info (169086): Pin odata[26] not assigned to an exact location on the device
    Info (169086): Pin odata[27] not assigned to an exact location on the device
    Info (169086): Pin odata[28] not assigned to an exact location on the device
    Info (169086): Pin odata[29] not assigned to an exact location on the device
    Info (169086): Pin odata[30] not assigned to an exact location on the device
    Info (169086): Pin odata[31] not assigned to an exact location on the device
    Info (169086): Pin odata[32] not assigned to an exact location on the device
    Info (169086): Pin odata[33] not assigned to an exact location on the device
    Info (169086): Pin odata[34] not assigned to an exact location on the device
    Info (169086): Pin odata[35] not assigned to an exact location on the device
    Info (169086): Pin odata[36] not assigned to an exact location on the device
    Info (169086): Pin odata[37] not assigned to an exact location on the device
    Info (169086): Pin odata[38] not assigned to an exact location on the device
    Info (169086): Pin odata[39] not assigned to an exact location on the device
    Info (169086): Pin odata[40] not assigned to an exact location on the device
    Info (169086): Pin odata[41] not assigned to an exact location on the device
    Info (169086): Pin odata[42] not assigned to an exact location on the device
    Info (169086): Pin odata[43] not assigned to an exact location on the device
    Info (169086): Pin odata[44] not assigned to an exact location on the device
    Info (169086): Pin odata[45] not assigned to an exact location on the device
    Info (169086): Pin odata[46] not assigned to an exact location on the device
    Info (169086): Pin odata[47] not assigned to an exact location on the device
    Info (169086): Pin odata[48] not assigned to an exact location on the device
    Info (169086): Pin odata[49] not assigned to an exact location on the device
    Info (169086): Pin odata[50] not assigned to an exact location on the device
    Info (169086): Pin odata[51] not assigned to an exact location on the device
    Info (169086): Pin odata[52] not assigned to an exact location on the device
    Info (169086): Pin odata[53] not assigned to an exact location on the device
    Info (169086): Pin odata[54] not assigned to an exact location on the device
    Info (169086): Pin odata[55] not assigned to an exact location on the device
    Info (169086): Pin odata[56] not assigned to an exact location on the device
    Info (169086): Pin odata[57] not assigned to an exact location on the device
    Info (169086): Pin odata[58] not assigned to an exact location on the device
    Info (169086): Pin odata[59] not assigned to an exact location on the device
    Info (169086): Pin odata[60] not assigned to an exact location on the device
    Info (169086): Pin odata[61] not assigned to an exact location on the device
    Info (169086): Pin odata[62] not assigned to an exact location on the device
    Info (169086): Pin odata[63] not assigned to an exact location on the device
    Info (169086): Pin valid_out not assigned to an exact location on the device
    Info (169086): Pin clk not assigned to an exact location on the device
    Info (169086): Pin reset not assigned to an exact location on the device
    Info (169086): Pin key3[17] not assigned to an exact location on the device
    Info (169086): Pin key3[2] not assigned to an exact location on the device
    Info (169086): Pin key3[52] not assigned to an exact location on the device
    Info (169086): Pin key3[19] not assigned to an exact location on the device
    Info (169086): Pin key3[34] not assigned to an exact location on the device
    Info (169086): Pin key3[59] not assigned to an exact location on the device
    Info (169086): Pin key3[39] not assigned to an exact location on the device
    Info (169086): Pin key3[7] not assigned to an exact location on the device
    Info (169086): Pin key3[61] not assigned to an exact location on the device
    Info (169086): Pin key3[46] not assigned to an exact location on the device
    Info (169086): Pin key3[22] not assigned to an exact location on the device
    Info (169086): Pin key3[5] not assigned to an exact location on the device
    Info (169086): Pin key3[20] not assigned to an exact location on the device
    Info (169086): Pin key3[62] not assigned to an exact location on the device
    Info (169086): Pin key3[15] not assigned to an exact location on the device
    Info (169086): Pin key3[38] not assigned to an exact location on the device
    Info (169086): Pin key3[29] not assigned to an exact location on the device
    Info (169086): Pin key3[55] not assigned to an exact location on the device
    Info (169086): Pin key3[14] not assigned to an exact location on the device
    Info (169086): Pin key3[37] not assigned to an exact location on the device
    Info (169086): Pin key3[23] not assigned to an exact location on the device
    Info (169086): Pin key3[54] not assigned to an exact location on the device
    Info (169086): Pin key3[28] not assigned to an exact location on the device
    Info (169086): Pin key3[47] not assigned to an exact location on the device
    Info (169086): Pin key3[42] not assigned to an exact location on the device
    Info (169086): Pin key3[25] not assigned to an exact location on the device
    Info (169086): Pin key3[11] not assigned to an exact location on the device
    Info (169086): Pin key3[57] not assigned to an exact location on the device
    Info (169086): Pin key3[43] not assigned to an exact location on the device
    Info (169086): Pin key3[1] not assigned to an exact location on the device
    Info (169086): Pin key3[33] not assigned to an exact location on the device
    Info (169086): Pin key3[27] not assigned to an exact location on the device
    Info (169086): Pin key3[3] not assigned to an exact location on the device
    Info (169086): Pin key3[9] not assigned to an exact location on the device
    Info (169086): Pin key3[51] not assigned to an exact location on the device
    Info (169086): Pin key3[26] not assigned to an exact location on the device
    Info (169086): Pin key3[41] not assigned to an exact location on the device
    Info (169086): Pin key3[36] not assigned to an exact location on the device
    Info (169086): Pin key3[58] not assigned to an exact location on the device
    Info (169086): Pin key3[60] not assigned to an exact location on the device
    Info (169086): Pin key3[35] not assigned to an exact location on the device
    Info (169086): Pin key3[18] not assigned to an exact location on the device
    Info (169086): Pin key3[31] not assigned to an exact location on the device
    Info (169086): Pin key3[12] not assigned to an exact location on the device
    Info (169086): Pin key3[63] not assigned to an exact location on the device
    Info (169086): Pin key3[53] not assigned to an exact location on the device
    Info (169086): Pin key3[21] not assigned to an exact location on the device
    Info (169086): Pin key3[30] not assigned to an exact location on the device
    Info (169086): Pin key3[6] not assigned to an exact location on the device
    Info (169086): Pin key3[49] not assigned to an exact location on the device
    Info (169086): Pin key3[45] not assigned to an exact location on the device
    Info (169086): Pin key3[4] not assigned to an exact location on the device
    Info (169086): Pin key3[13] not assigned to an exact location on the device
    Info (169086): Pin key3[44] not assigned to an exact location on the device
    Info (169086): Pin key3[50] not assigned to an exact location on the device
    Info (169086): Pin key3[10] not assigned to an exact location on the device
    Info (169086): Pin key2[22] not assigned to an exact location on the device
    Info (169086): Pin key2[45] not assigned to an exact location on the device
    Info (169086): Pin key2[31] not assigned to an exact location on the device
    Info (169086): Pin key2[62] not assigned to an exact location on the device
    Info (169086): Pin key2[7] not assigned to an exact location on the device
    Info (169086): Pin key2[55] not assigned to an exact location on the device
    Info (169086): Pin key2[28] not assigned to an exact location on the device
    Info (169086): Pin key2[5] not assigned to an exact location on the device
    Info (169086): Pin key2[23] not assigned to an exact location on the device
    Info (169086): Pin key2[46] not assigned to an exact location on the device
    Info (169086): Pin key2[37] not assigned to an exact location on the device
    Info (169086): Pin key2[63] not assigned to an exact location on the device
    Info (169086): Pin key2[51] not assigned to an exact location on the device
    Info (169086): Pin key2[2] not assigned to an exact location on the device
    Info (169086): Pin key2[33] not assigned to an exact location on the device
    Info (169086): Pin key2[9] not assigned to an exact location on the device
    Info (169086): Pin key2[50] not assigned to an exact location on the device
    Info (169086): Pin key2[19] not assigned to an exact location on the device
    Info (169086): Pin key2[41] not assigned to an exact location on the device
    Info (169086): Pin key2[11] not assigned to an exact location on the device
    Info (169086): Pin key2[17] not assigned to an exact location on the device
    Info (169086): Pin key2[35] not assigned to an exact location on the device
    Info (169086): Pin key2[59] not assigned to an exact location on the device
    Info (169086): Pin key2[34] not assigned to an exact location on the device
    Info (169086): Pin key2[43] not assigned to an exact location on the device
    Info (169086): Pin key2[1] not assigned to an exact location on the device
    Info (169086): Pin key2[44] not assigned to an exact location on the device
    Info (169086): Pin key2[49] not assigned to an exact location on the device
    Info (169086): Pin key2[3] not assigned to an exact location on the device
    Info (169086): Pin key2[26] not assigned to an exact location on the device
    Info (169086): Pin key2[60] not assigned to an exact location on the device
    Info (169086): Pin key2[42] not assigned to an exact location on the device
    Info (169086): Pin key2[10] not assigned to an exact location on the device
    Info (169086): Pin key2[25] not assigned to an exact location on the device
    Info (169086): Pin key2[27] not assigned to an exact location on the device
    Info (169086): Pin key2[36] not assigned to an exact location on the device
    Info (169086): Pin key2[61] not assigned to an exact location on the device
    Info (169086): Pin key2[6] not assigned to an exact location on the device
    Info (169086): Pin key2[20] not assigned to an exact location on the device
    Info (169086): Pin key2[38] not assigned to an exact location on the device
    Info (169086): Pin key2[29] not assigned to an exact location on the device
    Info (169086): Pin key2[39] not assigned to an exact location on the device
    Info (169086): Pin key2[47] not assigned to an exact location on the device
    Info (169086): Pin key2[15] not assigned to an exact location on the device
    Info (169086): Pin key2[4] not assigned to an exact location on the device
    Info (169086): Pin key2[54] not assigned to an exact location on the device
    Info (169086): Pin key2[30] not assigned to an exact location on the device
    Info (169086): Pin key2[13] not assigned to an exact location on the device
    Info (169086): Pin key2[21] not assigned to an exact location on the device
    Info (169086): Pin key2[12] not assigned to an exact location on the device
    Info (169086): Pin key2[18] not assigned to an exact location on the device
    Info (169086): Pin key2[14] not assigned to an exact location on the device
    Info (169086): Pin key2[58] not assigned to an exact location on the device
    Info (169086): Pin key2[52] not assigned to an exact location on the device
    Info (169086): Pin key2[57] not assigned to an exact location on the device
    Info (169086): Pin key2[53] not assigned to an exact location on the device
    Info (169086): Pin key1[52] not assigned to an exact location on the device
    Info (169086): Pin key1[34] not assigned to an exact location on the device
    Info (169086): Pin key1[2] not assigned to an exact location on the device
    Info (169086): Pin key1[59] not assigned to an exact location on the device
    Info (169086): Pin key1[19] not assigned to an exact location on the device
    Info (169086): Pin key1[17] not assigned to an exact location on the device
    Info (169086): Pin key1[5] not assigned to an exact location on the device
    Info (169086): Pin key1[61] not assigned to an exact location on the device
    Info (169086): Pin key1[39] not assigned to an exact location on the device
    Info (169086): Pin key1[7] not assigned to an exact location on the device
    Info (169086): Pin key1[46] not assigned to an exact location on the device
    Info (169086): Pin key1[22] not assigned to an exact location on the device
    Info (169086): Pin key1[28] not assigned to an exact location on the device
    Info (169086): Pin key1[54] not assigned to an exact location on the device
    Info (169086): Pin key1[47] not assigned to an exact location on the device
    Info (169086): Pin key1[14] not assigned to an exact location on the device
    Info (169086): Pin key1[37] not assigned to an exact location on the device
    Info (169086): Pin key1[23] not assigned to an exact location on the device
    Info (169086): Pin key1[20] not assigned to an exact location on the device
    Info (169086): Pin key1[62] not assigned to an exact location on the device
    Info (169086): Pin key1[15] not assigned to an exact location on the device
    Info (169086): Pin key1[38] not assigned to an exact location on the device
    Info (169086): Pin key1[29] not assigned to an exact location on the device
    Info (169086): Pin key1[55] not assigned to an exact location on the device
    Info (169086): Pin key1[3] not assigned to an exact location on the device
    Info (169086): Pin key1[27] not assigned to an exact location on the device
    Info (169086): Pin key1[33] not assigned to an exact location on the device
    Info (169086): Pin key1[26] not assigned to an exact location on the device
    Info (169086): Pin key1[9] not assigned to an exact location on the device
    Info (169086): Pin key1[51] not assigned to an exact location on the device
    Info (169086): Pin key1[31] not assigned to an exact location on the device
    Info (169086): Pin key1[12] not assigned to an exact location on the device
    Info (169086): Pin key1[63] not assigned to an exact location on the device
    Info (169086): Pin key1[53] not assigned to an exact location on the device
    Info (169086): Pin key1[21] not assigned to an exact location on the device
    Info (169086): Pin key1[30] not assigned to an exact location on the device
    Info (169086): Pin key1[18] not assigned to an exact location on the device
    Info (169086): Pin key1[36] not assigned to an exact location on the device
    Info (169086): Pin key1[41] not assigned to an exact location on the device
    Info (169086): Pin key1[35] not assigned to an exact location on the device
    Info (169086): Pin key1[58] not assigned to an exact location on the device
    Info (169086): Pin key1[60] not assigned to an exact location on the device
    Info (169086): Pin key1[57] not assigned to an exact location on the device
    Info (169086): Pin key1[11] not assigned to an exact location on the device
    Info (169086): Pin key1[25] not assigned to an exact location on the device
    Info (169086): Pin key1[42] not assigned to an exact location on the device
    Info (169086): Pin key1[43] not assigned to an exact location on the device
    Info (169086): Pin key1[1] not assigned to an exact location on the device
    Info (169086): Pin key1[49] not assigned to an exact location on the device
    Info (169086): Pin key1[45] not assigned to an exact location on the device
    Info (169086): Pin key1[4] not assigned to an exact location on the device
    Info (169086): Pin key1[13] not assigned to an exact location on the device
    Info (169086): Pin key1[6] not assigned to an exact location on the device
    Info (169086): Pin key1[44] not assigned to an exact location on the device
    Info (169086): Pin key1[10] not assigned to an exact location on the device
    Info (169086): Pin key1[50] not assigned to an exact location on the device
    Info (169086): Pin idata[62] not assigned to an exact location on the device
    Info (169086): Pin idata[35] not assigned to an exact location on the device
    Info (169086): Pin idata[61] not assigned to an exact location on the device
    Info (169086): Pin idata[19] not assigned to an exact location on the device
    Info (169086): Pin idata[3] not assigned to an exact location on the device
    Info (169086): Pin idata[27] not assigned to an exact location on the device
    Info (169086): Pin idata[11] not assigned to an exact location on the device
    Info (169086): Pin idata[7] not assigned to an exact location on the device
    Info (169086): Pin idata[48] not assigned to an exact location on the device
    Info (169086): Pin idata[23] not assigned to an exact location on the device
    Info (169086): Pin idata[39] not assigned to an exact location on the device
    Info (169086): Pin idata[31] not assigned to an exact location on the device
    Info (169086): Pin idata[57] not assigned to an exact location on the device
    Info (169086): Pin idata[15] not assigned to an exact location on the device
    Info (169086): Pin idata[47] not assigned to an exact location on the device
    Info (169086): Pin idata[55] not assigned to an exact location on the device
    Info (169086): Pin idata[5] not assigned to an exact location on the device
    Info (169086): Pin idata[63] not assigned to an exact location on the device
    Info (169086): Pin idata[24] not assigned to an exact location on the device
    Info (169086): Pin idata[45] not assigned to an exact location on the device
    Info (169086): Pin idata[6] not assigned to an exact location on the device
    Info (169086): Pin idata[29] not assigned to an exact location on the device
    Info (169086): Pin idata[53] not assigned to an exact location on the device
    Info (169086): Pin idata[37] not assigned to an exact location on the device
    Info (169086): Pin idata[51] not assigned to an exact location on the device
    Info (169086): Pin idata[32] not assigned to an exact location on the device
    Info (169086): Pin idata[1] not assigned to an exact location on the device
    Info (169086): Pin idata[59] not assigned to an exact location on the device
    Info (169086): Pin idata[43] not assigned to an exact location on the device
    Info (169086): Pin idata[21] not assigned to an exact location on the device
    Info (169086): Pin idata[40] not assigned to an exact location on the device
    Info (169086): Pin idata[13] not assigned to an exact location on the device
    Info (169086): Pin idata[9] not assigned to an exact location on the device
    Info (169086): Pin idata[56] not assigned to an exact location on the device
    Info (169086): Pin idata[33] not assigned to an exact location on the device
    Info (169086): Pin idata[25] not assigned to an exact location on the device
    Info (169086): Pin idata[17] not assigned to an exact location on the device
    Info (169086): Pin idata[36] not assigned to an exact location on the device
    Info (169086): Pin idata[28] not assigned to an exact location on the device
    Info (169086): Pin idata[12] not assigned to an exact location on the device
    Info (169086): Pin idata[4] not assigned to an exact location on the device
    Info (169086): Pin idata[20] not assigned to an exact location on the device
    Info (169086): Pin idata[58] not assigned to an exact location on the device
    Info (169086): Pin idata[0] not assigned to an exact location on the device
    Info (169086): Pin idata[50] not assigned to an exact location on the device
    Info (169086): Pin idata[26] not assigned to an exact location on the device
    Info (169086): Pin idata[42] not assigned to an exact location on the device
    Info (169086): Pin idata[49] not assigned to an exact location on the device
    Info (169086): Pin idata[34] not assigned to an exact location on the device
    Info (169086): Pin idata[41] not assigned to an exact location on the device
    Info (169086): Pin idata[38] not assigned to an exact location on the device
    Info (169086): Pin idata[30] not assigned to an exact location on the device
    Info (169086): Pin idata[22] not assigned to an exact location on the device
    Info (169086): Pin idata[14] not assigned to an exact location on the device
    Info (169086): Pin idata[60] not assigned to an exact location on the device
    Info (169086): Pin idata[2] not assigned to an exact location on the device
    Info (169086): Pin idata[52] not assigned to an exact location on the device
    Info (169086): Pin idata[44] not assigned to an exact location on the device
    Info (169086): Pin idata[46] not assigned to an exact location on the device
    Info (169086): Pin idata[54] not assigned to an exact location on the device
    Info (169086): Pin idata[18] not assigned to an exact location on the device
    Info (169086): Pin idata[10] not assigned to an exact location on the device
    Info (169086): Pin idata[8] not assigned to an exact location on the device
    Info (169086): Pin idata[16] not assigned to an exact location on the device
    Info (169086): Pin valid_in not assigned to an exact location on the device
Critical Warning (332012): Synopsys Design Constraints File file not found: '3DES.sdc'. A Synopsys Design Constraints File is required by the TimeQuest Timing Analyzer to get proper timing constraints. Without it, the Compiler will not properly optimize the design.
Info (332144): No user constrained base clocks found in the design
Info (332130): Timing requirements not specified -- quality metrics such as performance may be sacrificed to reduce compilation time.
Info (176353): Automatically promoted node clk (placed in PIN P2 (CLK2, LVDSCLK1p, Input))
    Info (176355): Automatically promoted destinations to use location or clock signal Global Clock CLKCTRL_G3
Info (176353): Automatically promoted node reset (placed in PIN P1 (CLK3, LVDSCLK1n, Input))
    Info (176355): Automatically promoted destinations to use location or clock signal Global Clock CLKCTRL_G1
Info (176353): Automatically promoted node feistel_algo:decrypt2|altshift_taps:L16_rtl_0|shift_taps_ghm:auto_generated|dffe6 
    Info (176355): Automatically promoted destinations to use location or clock signal Global Clock
Info (176233): Starting register packing
Info (176235): Finished register packing
    Extra Info (176219): No registers were packed into other blocks
Info (176214): Statistics of I/O pins that need to be placed that use the same VCCIO and VREF, before I/O pin placement
    Info (176211): Number of I/O pins in group: 322 (unused VREF, 3.3V VCCIO, 257 input, 65 output, 0 bidirectional)
        Info (176212): I/O standards used: 3.3-V LVTTL.
Info (176215): I/O bank details before I/O pin placement
    Info (176214): Statistics of I/O banks
        Info (176213): I/O bank number 1 does not use VREF pins and has undetermined VCCIO pins. 2 total pin(s) used --  62 pins available
        Info (176213): I/O bank number 2 does not use VREF pins and has undetermined VCCIO pins. 2 total pin(s) used --  57 pins available
        Info (176213): I/O bank number 3 does not use VREF pins and has undetermined VCCIO pins. 0 total pin(s) used --  56 pins available
        Info (176213): I/O bank number 4 does not use VREF pins and has undetermined VCCIO pins. 0 total pin(s) used --  58 pins available
        Info (176213): I/O bank number 5 does not use VREF pins and has undetermined VCCIO pins. 0 total pin(s) used --  65 pins available
        Info (176213): I/O bank number 6 does not use VREF pins and has undetermined VCCIO pins. 1 total pin(s) used --  58 pins available
        Info (176213): I/O bank number 7 does not use VREF pins and has undetermined VCCIO pins. 0 total pin(s) used --  58 pins available
        Info (176213): I/O bank number 8 does not use VREF pins and has undetermined VCCIO pins. 0 total pin(s) used --  56 pins available
Info (171121): Fitter preparation operations ending: elapsed time is 00:00:04
Info (170189): Fitter placement preparation operations beginning
Info (170190): Fitter placement preparation operations ending: elapsed time is 00:00:09
Info (170191): Fitter placement operations beginning
Info (170137): Fitter placement was successful
Info (170192): Fitter placement operations ending: elapsed time is 00:00:23
Info (170193): Fitter routing operations beginning
Info (170195): Router estimated average interconnect usage is 8% of the available device resources
    Info (170196): Router estimated peak interconnect usage is 22% of the available device resources in the region that extends from location X44_Y12 to location X54_Y23
Info (170194): Fitter routing operations ending: elapsed time is 00:00:11
Info (170199): The Fitter performed an Auto Fit compilation.  Optimizations were skipped to reduce compilation time.
    Info (170201): Optimizations that may affect the design's routability were skipped
Info (11888): Total time spent on timing analysis during the Fitter is 8.13 seconds.
Info (306004): Started post-fitting delay annotation
Warning (306006): Found 65 output pins without output pin load capacitance assignment
    Info (306007): Pin "odata[0]" has no specified output pin load capacitance -- assuming default load capacitance of 0 pF for timing analysis
    Info (306007): Pin "odata[1]" has no specified output pin load capacitance -- assuming default load capacitance of 0 pF for timing analysis
    Info (306007): Pin "odata[2]" has no specified output pin load capacitance -- assuming default load capacitance of 0 pF for timing analysis
    Info (306007): Pin "odata[3]" has no specified output pin load capacitance -- assuming default load capacitance of 0 pF for timing analysis
    Info (306007): Pin "odata[4]" has no specified output pin load capacitance -- assuming default load capacitance of 0 pF for timing analysis
    Info (306007): Pin "odata[5]" has no specified output pin load capacitance -- assuming default load capacitance of 0 pF for timing analysis
    Info (306007): Pin "odata[6]" has no specified output pin load capacitance -- assuming default load capacitance of 0 pF for timing analysis
    Info (306007): Pin "odata[7]" has no specified output pin load capacitance -- assuming default load capacitance of 0 pF for timing analysis
    Info (306007): Pin "odata[8]" has no specified output pin load capacitance -- assuming default load capacitance of 0 pF for timing analysis
    Info (306007): Pin "odata[9]" has no specified output pin load capacitance -- assuming default load capacitance of 0 pF for timing analysis
    Info (306007): Pin "odata[10]" has no specified output pin load capacitance -- assuming default load capacitance of 0 pF for timing analysis
    Info (306007): Pin "odata[11]" has no specified output pin load capacitance -- assuming default load capacitance of 0 pF for timing analysis
    Info (306007): Pin "odata[12]" has no specified output pin load capacitance -- assuming default load capacitance of 0 pF for timing analysis
    Info (306007): Pin "odata[13]" has no specified output pin load capacitance -- assuming default load capacitance of 0 pF for timing analysis
    Info (306007): Pin "odata[14]" has no specified output pin load capacitance -- assuming default load capacitance of 0 pF for timing analysis
    Info (306007): Pin "odata[15]" has no specified output pin load capacitance -- assuming default load capacitance of 0 pF for timing analysis
    Info (306007): Pin "odata[16]" has no specified output pin load capacitance -- assuming default load capacitance of 0 pF for timing analysis
    Info (306007): Pin "odata[17]" has no specified output pin load capacitance -- assuming default load capacitance of 0 pF for timing analysis
    Info (306007): Pin "odata[18]" has no specified output pin load capacitance -- assuming default load capacitance of 0 pF for timing analysis
    Info (306007): Pin "odata[19]" has no specified output pin load capacitance -- assuming default load capacitance of 0 pF for timing analysis
    Info (306007): Pin "odata[20]" has no specified output pin load capacitance -- assuming default load capacitance of 0 pF for timing analysis
    Info (306007): Pin "odata[21]" has no specified output pin load capacitance -- assuming default load capacitance of 0 pF for timing analysis
    Info (306007): Pin "odata[22]" has no specified output pin load capacitance -- assuming default load capacitance of 0 pF for timing analysis
    Info (306007): Pin "odata[23]" has no specified output pin load capacitance -- assuming default load capacitance of 0 pF for timing analysis
    Info (306007): Pin "odata[24]" has no specified output pin load capacitance -- assuming default load capacitance of 0 pF for timing analysis
    Info (306007): Pin "odata[25]" has no specified output pin load capacitance -- assuming default load capacitance of 0 pF for timing analysis
    Info (306007): Pin "odata[26]" has no specified output pin load capacitance -- assuming default load capacitance of 0 pF for timing analysis
    Info (306007): Pin "odata[27]" has no specified output pin load capacitance -- assuming default load capacitance of 0 pF for timing analysis
    Info (306007): Pin "odata[28]" has no specified output pin load capacitance -- assuming default load capacitance of 0 pF for timing analysis
    Info (306007): Pin "odata[29]" has no specified output pin load capacitance -- assuming default load capacitance of 0 pF for timing analysis
    Info (306007): Pin "odata[30]" has no specified output pin load capacitance -- assuming default load capacitance of 0 pF for timing analysis
    Info (306007): Pin "odata[31]" has no specified output pin load capacitance -- assuming default load capacitance of 0 pF for timing analysis
    Info (306007): Pin "odata[32]" has no specified output pin load capacitance -- assuming default load capacitance of 0 pF for timing analysis
    Info (306007): Pin "odata[33]" has no specified output pin load capacitance -- assuming default load capacitance of 0 pF for timing analysis
    Info (306007): Pin "odata[34]" has no specified output pin load capacitance -- assuming default load capacitance of 0 pF for timing analysis
    Info (306007): Pin "odata[35]" has no specified output pin load capacitance -- assuming default load capacitance of 0 pF for timing analysis
    Info (306007): Pin "odata[36]" has no specified output pin load capacitance -- assuming default load capacitance of 0 pF for timing analysis
    Info (306007): Pin "odata[37]" has no specified output pin load capacitance -- assuming default load capacitance of 0 pF for timing analysis
    Info (306007): Pin "odata[38]" has no specified output pin load capacitance -- assuming default load capacitance of 0 pF for timing analysis
    Info (306007): Pin "odata[39]" has no specified output pin load capacitance -- assuming default load capacitance of 0 pF for timing analysis
    Info (306007): Pin "odata[40]" has no specified output pin load capacitance -- assuming default load capacitance of 0 pF for timing analysis
    Info (306007): Pin "odata[41]" has no specified output pin load capacitance -- assuming default load capacitance of 0 pF for timing analysis
    Info (306007): Pin "odata[42]" has no specified output pin load capacitance -- assuming default load capacitance of 0 pF for timing analysis
    Info (306007): Pin "odata[43]" has no specified output pin load capacitance -- assuming default load capacitance of 0 pF for timing analysis
    Info (306007): Pin "odata[44]" has no specified output pin load capacitance -- assuming default load capacitance of 0 pF for timing analysis
    Info (306007): Pin "odata[45]" has no specified output pin load capacitance -- assuming default load capacitance of 0 pF for timing analysis
    Info (306007): Pin "odata[46]" has no specified output pin load capacitance -- assuming default load capacitance of 0 pF for timing analysis
    Info (306007): Pin "odata[47]" has no specified output pin load capacitance -- assuming default load capacitance of 0 pF for timing analysis
    Info (306007): Pin "odata[48]" has no specified output pin load capacitance -- assuming default load capacitance of 0 pF for timing analysis
    Info (306007): Pin "odata[49]" has no specified output pin load capacitance -- assuming default load capacitance of 0 pF for timing analysis
    Info (306007): Pin "odata[50]" has no specified output pin load capacitance -- assuming default load capacitance of 0 pF for timing analysis
    Info (306007): Pin "odata[51]" has no specified output pin load capacitance -- assuming default load capacitance of 0 pF for timing analysis
    Info (306007): Pin "odata[52]" has no specified output pin load capacitance -- assuming default load capacitance of 0 pF for timing analysis
    Info (306007): Pin "odata[53]" has no specified output pin load capacitance -- assuming default load capacitance of 0 pF for timing analysis
    Info (306007): Pin "odata[54]" has no specified output pin load capacitance -- assuming default load capacitance of 0 pF for timing analysis
    Info (306007): Pin "odata[55]" has no specified output pin load capacitance -- assuming default load capacitance of 0 pF for timing analysis
    Info (306007): Pin "odata[56]" has no specified output pin load capacitance -- assuming default load capacitance of 0 pF for timing analysis
    Info (306007): Pin "odata[57]" has no specified output pin load capacitance -- assuming default load capacitance of 0 pF for timing analysis
    Info (306007): Pin "odata[58]" has no specified output pin load capacitance -- assuming default load capacitance of 0 pF for timing analysis
    Info (306007): Pin "odata[59]" has no specified output pin load capacitance -- assuming default load capacitance of 0 pF for timing analysis
    Info (306007): Pin "odata[60]" has no specified output pin load capacitance -- assuming default load capacitance of 0 pF for timing analysis
    Info (306007): Pin "odata[61]" has no specified output pin load capacitance -- assuming default load capacitance of 0 pF for timing analysis
    Info (306007): Pin "odata[62]" has no specified output pin load capacitance -- assuming default load capacitance of 0 pF for timing analysis
    Info (306007): Pin "odata[63]" has no specified output pin load capacitance -- assuming default load capacitance of 0 pF for timing analysis
    Info (306007): Pin "valid_out" has no specified output pin load capacitance -- assuming default load capacitance of 0 pF for timing analysis
Info (306005): Delay annotation completed successfully
Info (306004): Started post-fitting delay annotation
Info (306005): Delay annotation completed successfully
Info (11218): Fitter post-fit operations ending: elapsed time is 00:00:03
Info (176045): Design uses memory blocks. Violating setup or hold times of memory block address registers for either read or write operations could cause memory contents to be corrupted. Make sure that all memory block address registers meet the setup and hold time requirements.
Warning (169174): The Reserve All Unused Pins setting has not been specified, and will default to 'As output driving ground'.
Info (144001): Generated suppressed messages file C:/HK6/CE213/3DES/quartus/output_files/3DES.fit.smsg
Info: Quartus II 64-Bit Fitter was successful. 0 errors, 5 warnings
    Info: Peak virtual memory: 5355 megabytes
    Info: Processing ended: Sun Apr 12 14:00:11 2026
    Info: Elapsed time: 00:01:00
    Info: Total CPU time (on all processors): 00:01:50


+----------------------------+
; Fitter Suppressed Messages ;
+----------------------------+
The suppressed messages can be found in C:/HK6/CE213/3DES/quartus/output_files/3DES.fit.smsg.


